path,sha1,size,recorder,command,source,rom_sha1
ai-traffic/BN7E_v0_e5298b24.sav,9d0ac37bb3ec8c95990fd37a962a17a95ce97aa0,512,tools/trace_ai_race.py + tools/trace_ai_oracle.py,trace_ai_race.py <name>,Quick Play races (docs/engine/ai.md),e5298b2482a769aa6458955cd6b18db3ac3f3a20
ai-traffic/accel.ai-oracle.txt,6edbf781a59e8023687e89d265fe0cf358e3d59d,292271,tools/trace_ai_race.py + tools/trace_ai_oracle.py,trace_ai_race.py <name>,Quick Play races (docs/engine/ai.md),e5298b2482a769aa6458955cd6b18db3ac3f3a20
ai-traffic/brake.ai-oracle.txt,cc008136a094c49097c4df262446ea3299e79cb8,425247,tools/trace_ai_race.py + tools/trace_ai_oracle.py,trace_ai_race.py <name>,Quick Play races (docs/engine/ai.md),e5298b2482a769aa6458955cd6b18db3ac3f3a20
ai-traffic/c1.png,63e8ac8d20c8bd80783aef76703bc9de4264f7cc,26337,tools/trace_ai_race.py + tools/trace_ai_oracle.py,trace_ai_race.py <name>,Quick Play races (docs/engine/ai.md),e5298b2482a769aa6458955cd6b18db3ac3f3a20
ai-traffic/c2.png,b7c64d844f7ad813c60c9c14e27ab809293d7285,20080,tools/trace_ai_race.py + tools/trace_ai_oracle.py,trace_ai_race.py <name>,Quick Play races (docs/engine/ai.md),e5298b2482a769aa6458955cd6b18db3ac3f3a20
ai-traffic/c3.png,de06821b6d60fa3d8b185a5442555fede5168c84,13815,tools/trace_ai_race.py + tools/trace_ai_oracle.py,trace_ai_race.py <name>,Quick Play races (docs/engine/ai.md),e5298b2482a769aa6458955cd6b18db3ac3f3a20
ai-traffic/c4.png,5444509df54eead7e75a987e651af11a9e7f332f,13838,tools/trace_ai_race.py + tools/trace_ai_oracle.py,trace_ai_race.py <name>,Quick Play races (docs/engine/ai.md),e5298b2482a769aa6458955cd6b18db3ac3f3a20
ai-traffic/c5.png,233ce3f0e2865a66304a06c02f5f190fd9265e93,9490,tools/trace_ai_race.py + tools/trace_ai_oracle.py,trace_ai_race.py <name>,Quick Play races (docs/engine/ai.md),e5298b2482a769aa6458955cd6b18db3ac3f3a20
ai-traffic/circuit.ai-oracle.txt,cd2e1a7188922ae679b11a84f8905a7409b73461,4637469,tools/trace_ai_race.py + tools/trace_ai_oracle.py,trace_ai_race.py <name>,Quick Play races (docs/engine/ai.md),e5298b2482a769aa6458955cd6b18db3ac3f3a20
ai-traffic/circuit.bios.bin,7af2cd740eb86610cc6f1c204d266d0b54499885,16384,tools/trace_ai_race.py + tools/trace_ai_oracle.py,trace_ai_race.py <name>,Quick Play races (docs/engine/ai.md),e5298b2482a769aa6458955cd6b18db3ac3f3a20
ai-traffic/circuit.csv,ad2f72b65adea73094d687dc43f1db719868ff4f,2105228,tools/trace_ai_race.py + tools/trace_ai_oracle.py,trace_ai_race.py <name>,Quick Play races (docs/engine/ai.md),e5298b2482a769aa6458955cd6b18db3ac3f3a20
ai-traffic/circuit.eeprom.bin,08a9ebf51184b9fe72071ba292dfd2fa4778bccc,512,tools/trace_ai_race.py + tools/trace_ai_oracle.py,trace_ai_race.py <name>,Quick Play races (docs/engine/ai.md),e5298b2482a769aa6458955cd6b18db3ac3f3a20
ai-traffic/circuit.io.bin,54ee6c9399b9a898f008c6c07f5e0fa4daabb561,1024,tools/trace_ai_race.py + tools/trace_ai_oracle.py,trace_ai_race.py <name>,Quick Play races (docs/engine/ai.md),e5298b2482a769aa6458955cd6b18db3ac3f3a20
ai-traffic/circuit.iwram.bin,644caaa1dcc50bd0692898f1e2582ed780865ec2,32768,tools/trace_ai_race.py + tools/trace_ai_oracle.py,trace_ai_race.py <name>,Quick Play races (docs/engine/ai.md),e5298b2482a769aa6458955cd6b18db3ac3f3a20
ai-traffic/circuit.oam.bin,e6122600fea93e226b88c0286b459a5a6fb38232,1024,tools/trace_ai_race.py + tools/trace_ai_oracle.py,trace_ai_race.py <name>,Quick Play races (docs/engine/ai.md),e5298b2482a769aa6458955cd6b18db3ac3f3a20
ai-traffic/circuit.palette.bin,60cacbf3d72e1e7834203da608037b1bf83b40e8,1024,tools/trace_ai_race.py + tools/trace_ai_oracle.py,trace_ai_race.py <name>,Quick Play races (docs/engine/ai.md),e5298b2482a769aa6458955cd6b18db3ac3f3a20
ai-traffic/circuit.ramdelta,20b9d28f9d4f8ae5b447ca4ce6208c0e2ccf5cc1,13042488,tools/trace_ai_race.py + tools/trace_ai_oracle.py,trace_ai_race.py <name>,Quick Play races (docs/engine/ai.md),e5298b2482a769aa6458955cd6b18db3ac3f3a20
ai-traffic/circuit.vram.bin,03f7625f354b565de5abc5d889e500d2ad9830b1,98304,tools/trace_ai_race.py + tools/trace_ai_oracle.py,trace_ai_race.py <name>,Quick Play races (docs/engine/ai.md),e5298b2482a769aa6458955cd6b18db3ac3f3a20
ai-traffic/circuit.wram.bin,adf9febf638bd382cde5ef8d5feddf5b654d3ce2,262144,tools/trace_ai_race.py + tools/trace_ai_oracle.py,trace_ai_race.py <name>,Quick Play races (docs/engine/ai.md),e5298b2482a769aa6458955cd6b18db3ac3f3a20
ai-traffic/circuitinfo.ss,a7e01a3ca3e994071eb72b86b3764638aeb01071,58800,tools/trace_ai_race.py + tools/trace_ai_oracle.py,trace_ai_race.py <name>,Quick Play races (docs/engine/ai.md),e5298b2482a769aa6458955cd6b18db3ac3f3a20
ai-traffic/done.txt,02457486a585629574bd8b057224af33ac0e6a1b,19,tools/trace_ai_race.py + tools/trace_ai_oracle.py,trace_ai_race.py <name>,Quick Play races (docs/engine/ai.md),e5298b2482a769aa6458955cd6b18db3ac3f3a20
ai-traffic/drive.ai-oracle.txt,2b91062a017fdbbf86804bbb226d921db194d02d,1349699,tools/trace_ai_race.py + tools/trace_ai_oracle.py,trace_ai_race.py <name>,Quick Play races (docs/engine/ai.md),e5298b2482a769aa6458955cd6b18db3ac3f3a20
ai-traffic/handbrake.ai-oracle.txt,1cc8512eb40de7f75160674b9d9ff9b372387a6e,460282,tools/trace_ai_race.py + tools/trace_ai_oracle.py,trace_ai_race.py <name>,Quick Play races (docs/engine/ai.md),e5298b2482a769aa6458955cd6b18db3ac3f3a20
ai-traffic/log.txt,99915f090811cdef8a969373c37094b7c9411b4b,527,tools/trace_ai_race.py + tools/trace_ai_oracle.py,trace_ai_race.py <name>,Quick Play races (docs/engine/ai.md),e5298b2482a769aa6458955cd6b18db3ac3f3a20
ai-traffic/long.ai-oracle.txt,1ec73f21707159d2bf4d38e2c7c54c822dd7e6ca,1834914,tools/trace_ai_race.py + tools/trace_ai_oracle.py,trace_ai_race.py <name>,Quick Play races (docs/engine/ai.md),e5298b2482a769aa6458955cd6b18db3ac3f3a20
ai-traffic/mainmenu.ss,2fdd4f31233652d1ab805b9969e0bd7d0b1d98fa,94163,tools/trace_ai_race.py + tools/trace_ai_oracle.py,trace_ai_race.py <name>,Quick Play races (docs/engine/ai.md),e5298b2482a769aa6458955cd6b18db3ac3f3a20
ai-traffic/pid.txt,0eac753d7541f28a760e82633fc8947e063cd349,7,tools/trace_ai_race.py + tools/trace_ai_oracle.py,trace_ai_race.py <name>,Quick Play races (docs/engine/ai.md),e5298b2482a769aa6458955cd6b18db3ac3f3a20
ai-traffic/q0.png,8abd68c6e03f0794979d0937eab86a9884509768,26174,tools/trace_ai_race.py + tools/trace_ai_oracle.py,trace_ai_race.py <name>,Quick Play races (docs/engine/ai.md),e5298b2482a769aa6458955cd6b18db3ac3f3a20
ai-traffic/q1.png,5afed19203f96f25ae1c37fbb21c308c73af4f59,26323,tools/trace_ai_race.py + tools/trace_ai_oracle.py,trace_ai_race.py <name>,Quick Play races (docs/engine/ai.md),e5298b2482a769aa6458955cd6b18db3ac3f3a20
ai-traffic/q10.png,8ebb9a3e6ed87d62df2079b537eafc31d01d8ba1,9570,tools/trace_ai_race.py + tools/trace_ai_oracle.py,trace_ai_race.py <name>,Quick Play races (docs/engine/ai.md),e5298b2482a769aa6458955cd6b18db3ac3f3a20
ai-traffic/q2.png,5afed19203f96f25ae1c37fbb21c308c73af4f59,26323,tools/trace_ai_race.py + tools/trace_ai_oracle.py,trace_ai_race.py <name>,Quick Play races (docs/engine/ai.md),e5298b2482a769aa6458955cd6b18db3ac3f3a20
ai-traffic/q3.png,028d36e55560be3578730db86d3966e805c330cf,25860,tools/trace_ai_race.py + tools/trace_ai_oracle.py,trace_ai_race.py <name>,Quick Play races (docs/engine/ai.md),e5298b2482a769aa6458955cd6b18db3ac3f3a20
ai-traffic/q4.png,63e8ac8d20c8bd80783aef76703bc9de4264f7cc,26337,tools/trace_ai_race.py + tools/trace_ai_oracle.py,trace_ai_race.py <name>,Quick Play races (docs/engine/ai.md),e5298b2482a769aa6458955cd6b18db3ac3f3a20
ai-traffic/q5.png,19f6879bc3b500ff2529940ced69c1880ef8fcfe,26336,tools/trace_ai_race.py + tools/trace_ai_oracle.py,trace_ai_race.py <name>,Quick Play races (docs/engine/ai.md),e5298b2482a769aa6458955cd6b18db3ac3f3a20
ai-traffic/q6.png,6e88882a4c84a5fb350b3b50bf4fa4ad84b10243,17980,tools/trace_ai_race.py + tools/trace_ai_oracle.py,trace_ai_race.py <name>,Quick Play races (docs/engine/ai.md),e5298b2482a769aa6458955cd6b18db3ac3f3a20
ai-traffic/q7.png,e6d2a079ec244dddf73ef7342e4052fb5beac0fb,24084,tools/trace_ai_race.py + tools/trace_ai_oracle.py,trace_ai_race.py <name>,Quick Play races (docs/engine/ai.md),e5298b2482a769aa6458955cd6b18db3ac3f3a20
ai-traffic/q8.png,9c6ffae7e2f77beb93ccf55b0e65d9d0347d55d6,17909,tools/trace_ai_race.py + tools/trace_ai_oracle.py,trace_ai_race.py <name>,Quick Play races (docs/engine/ai.md),e5298b2482a769aa6458955cd6b18db3ac3f3a20
ai-traffic/q9.png,9ee6f22852dd794922d777da47f69dad24feab7c,17911,tools/trace_ai_race.py + tools/trace_ai_oracle.py,trace_ai_race.py <name>,Quick Play races (docs/engine/ai.md),e5298b2482a769aa6458955cd6b18db3ac3f3a20
ai-traffic/race.ss,aaf8f76e047c5945e66f6bc980db81408e552757,118124,tools/trace_ai_race.py + tools/trace_ai_oracle.py,trace_ai_race.py <name>,Quick Play races (docs/engine/ai.md),e5298b2482a769aa6458955cd6b18db3ac3f3a20
ai-traffic/reverse.ai-oracle.txt,48b095174dd19b727173cadf0e3cd5d3511a3da7,558481,tools/trace_ai_race.py + tools/trace_ai_oracle.py,trace_ai_race.py <name>,Quick Play races (docs/engine/ai.md),e5298b2482a769aa6458955cd6b18db3ac3f3a20
ai-traffic/sprint.ai-oracle.txt,34c080f23920cd1d527183a951f58dc26c72146a,2141244,tools/trace_ai_race.py + tools/trace_ai_oracle.py,trace_ai_race.py <name>,Quick Play races (docs/engine/ai.md),e5298b2482a769aa6458955cd6b18db3ac3f3a20
ai-traffic/sprint.bios.bin,7af2cd740eb86610cc6f1c204d266d0b54499885,16384,tools/trace_ai_race.py + tools/trace_ai_oracle.py,trace_ai_race.py <name>,Quick Play races (docs/engine/ai.md),e5298b2482a769aa6458955cd6b18db3ac3f3a20
ai-traffic/sprint.csv,8df5c72345957748b63d3b5c3e81e95b7a680b43,1079083,tools/trace_ai_race.py + tools/trace_ai_oracle.py,trace_ai_race.py <name>,Quick Play races (docs/engine/ai.md),e5298b2482a769aa6458955cd6b18db3ac3f3a20
ai-traffic/sprint.eeprom.bin,08a9ebf51184b9fe72071ba292dfd2fa4778bccc,512,tools/trace_ai_race.py + tools/trace_ai_oracle.py,trace_ai_race.py <name>,Quick Play races (docs/engine/ai.md),e5298b2482a769aa6458955cd6b18db3ac3f3a20
ai-traffic/sprint.io.bin,732d9fb40288e45333a47406f971457684050b86,1024,tools/trace_ai_race.py + tools/trace_ai_oracle.py,trace_ai_race.py <name>,Quick Play races (docs/engine/ai.md),e5298b2482a769aa6458955cd6b18db3ac3f3a20
ai-traffic/sprint.iwram.bin,02dd3f63cd3f38d9459aec3c47613006e4a91e90,32768,tools/trace_ai_race.py + tools/trace_ai_oracle.py,trace_ai_race.py <name>,Quick Play races (docs/engine/ai.md),e5298b2482a769aa6458955cd6b18db3ac3f3a20
ai-traffic/sprint.oam.bin,e6122600fea93e226b88c0286b459a5a6fb38232,1024,tools/trace_ai_race.py + tools/trace_ai_oracle.py,trace_ai_race.py <name>,Quick Play races (docs/engine/ai.md),e5298b2482a769aa6458955cd6b18db3ac3f3a20
ai-traffic/sprint.palette.bin,60cacbf3d72e1e7834203da608037b1bf83b40e8,1024,tools/trace_ai_race.py + tools/trace_ai_oracle.py,trace_ai_race.py <name>,Quick Play races (docs/engine/ai.md),e5298b2482a769aa6458955cd6b18db3ac3f3a20
ai-traffic/sprint.ramdelta,5dec615df46ca180620d5f3b49f8797831f103ea,6416434,tools/trace_ai_race.py + tools/trace_ai_oracle.py,trace_ai_race.py <name>,Quick Play races (docs/engine/ai.md),e5298b2482a769aa6458955cd6b18db3ac3f3a20
ai-traffic/sprint.vram.bin,03f7625f354b565de5abc5d889e500d2ad9830b1,98304,tools/trace_ai_race.py + tools/trace_ai_oracle.py,trace_ai_race.py <name>,Quick Play races (docs/engine/ai.md),e5298b2482a769aa6458955cd6b18db3ac3f3a20
ai-traffic/sprint.wram.bin,410f9a2d79514f70f0e9543baf8ade214727228f,262144,tools/trace_ai_race.py + tools/trace_ai_oracle.py,trace_ai_race.py <name>,Quick Play races (docs/engine/ai.md),e5298b2482a769aa6458955cd6b18db3ac3f3a20
ai-traffic/sprintinfo.ss,72c662c0b6e33df192027d25c02ef7141de85467,58932,tools/trace_ai_race.py + tools/trace_ai_oracle.py,trace_ai_race.py <name>,Quick Play races (docs/engine/ai.md),e5298b2482a769aa6458955cd6b18db3ac3f3a20
ai-traffic/start.ai-oracle.txt,b2aad7715c4edc8d8adf2f6fb1f7637fe161f2b5,1074134,tools/trace_ai_race.py + tools/trace_ai_oracle.py,trace_ai_race.py <name>,Quick Play races (docs/engine/ai.md),e5298b2482a769aa6458955cd6b18db3ac3f3a20
ai-traffic/steer.ai-oracle.txt,5f5a2cc78c57f73ed7eb63beca99254b7d186c35,327668,tools/trace_ai_race.py + tools/trace_ai_oracle.py,trace_ai_race.py <name>,Quick Play races (docs/engine/ai.md),e5298b2482a769aa6458955cd6b18db3ac3f3a20
ai-traffic/w1.png,57a4829be1e1090c9357ae32aeecfd19986359ed,16890,tools/trace_ai_race.py + tools/trace_ai_oracle.py,trace_ai_race.py <name>,Quick Play races (docs/engine/ai.md),e5298b2482a769aa6458955cd6b18db3ac3f3a20
ai-traffic/w2.png,011bb7f7865e78d2de46776a835c4f729c51983e,24862,tools/trace_ai_race.py + tools/trace_ai_oracle.py,trace_ai_race.py <name>,Quick Play races (docs/engine/ai.md),e5298b2482a769aa6458955cd6b18db3ac3f3a20
ai-traffic/w3.png,dff8f87c30f5d93723297d7c64954f6d527dd521,27529,tools/trace_ai_race.py + tools/trace_ai_oracle.py,trace_ai_race.py <name>,Quick Play races (docs/engine/ai.md),e5298b2482a769aa6458955cd6b18db3ac3f3a20
ai-traffic/w4.png,ebc0acb3270af1885a751d317a9f8dc1c12bdc8c,13786,tools/trace_ai_race.py + tools/trace_ai_oracle.py,trace_ai_race.py <name>,Quick Play races (docs/engine/ai.md),e5298b2482a769aa6458955cd6b18db3ac3f3a20
ai-traffic/w5.png,4cdd70d31bc0bc756c317b99a3d67030217d2143,13858,tools/trace_ai_race.py + tools/trace_ai_oracle.py,trace_ai_race.py <name>,Quick Play races (docs/engine/ai.md),e5298b2482a769aa6458955cd6b18db3ac3f3a20
ai-traffic/w6.png,403a230652f0a00fe7ab24c2c3eb412af7ccac45,9534,tools/trace_ai_race.py + tools/trace_ai_oracle.py,trace_ai_race.py <name>,Quick Play races (docs/engine/ai.md),e5298b2482a769aa6458955cd6b18db3ac3f3a20
ai-traffic/wall.ai-oracle.txt,cc51f6c08db78c775987ec2ff0bab7672e4e647e,514595,tools/trace_ai_race.py + tools/trace_ai_oracle.py,trace_ai_race.py <name>,Quick Play races (docs/engine/ai.md),e5298b2482a769aa6458955cd6b18db3ac3f3a20
ai-traffic/wingman.ai-oracle.txt,940cbd989a1a3e046c3a7d7bfc03db0d85ec3b04,5139128,tools/trace_ai_race.py + tools/trace_ai_oracle.py,trace_ai_race.py <name>,Quick Play races (docs/engine/ai.md),e5298b2482a769aa6458955cd6b18db3ac3f3a20
ai-traffic/wingman.bios.bin,7af2cd740eb86610cc6f1c204d266d0b54499885,16384,tools/trace_ai_race.py + tools/trace_ai_oracle.py,trace_ai_race.py <name>,Quick Play races (docs/engine/ai.md),e5298b2482a769aa6458955cd6b18db3ac3f3a20
ai-traffic/wingman.csv,a47f3a82a471c32b6c240efe5b47ee26f7bf2f7d,2230884,tools/trace_ai_race.py + tools/trace_ai_oracle.py,trace_ai_race.py <name>,Quick Play races (docs/engine/ai.md),e5298b2482a769aa6458955cd6b18db3ac3f3a20
ai-traffic/wingman.eeprom.bin,08a9ebf51184b9fe72071ba292dfd2fa4778bccc,512,tools/trace_ai_race.py + tools/trace_ai_oracle.py,trace_ai_race.py <name>,Quick Play races (docs/engine/ai.md),e5298b2482a769aa6458955cd6b18db3ac3f3a20
ai-traffic/wingman.io.bin,e842ef7d1c5da98e8acebc01686a51047dc90e4a,1024,tools/trace_ai_race.py + tools/trace_ai_oracle.py,trace_ai_race.py <name>,Quick Play races (docs/engine/ai.md),e5298b2482a769aa6458955cd6b18db3ac3f3a20
ai-traffic/wingman.iwram.bin,7d3bd9bf1b9ed634a9cec2c4905dfb59cc25888a,32768,tools/trace_ai_race.py + tools/trace_ai_oracle.py,trace_ai_race.py <name>,Quick Play races (docs/engine/ai.md),e5298b2482a769aa6458955cd6b18db3ac3f3a20
ai-traffic/wingman.oam.bin,e6122600fea93e226b88c0286b459a5a6fb38232,1024,tools/trace_ai_race.py + tools/trace_ai_oracle.py,trace_ai_race.py <name>,Quick Play races (docs/engine/ai.md),e5298b2482a769aa6458955cd6b18db3ac3f3a20
ai-traffic/wingman.palette.bin,60cacbf3d72e1e7834203da608037b1bf83b40e8,1024,tools/trace_ai_race.py + tools/trace_ai_oracle.py,trace_ai_race.py <name>,Quick Play races (docs/engine/ai.md),e5298b2482a769aa6458955cd6b18db3ac3f3a20
ai-traffic/wingman.ramdelta,08fa5b131692a09c72d2e516d2fb465eee27cccb,14032796,tools/trace_ai_race.py + tools/trace_ai_oracle.py,trace_ai_race.py <name>,Quick Play races (docs/engine/ai.md),e5298b2482a769aa6458955cd6b18db3ac3f3a20
ai-traffic/wingman.vram.bin,03f7625f354b565de5abc5d889e500d2ad9830b1,98304,tools/trace_ai_race.py + tools/trace_ai_oracle.py,trace_ai_race.py <name>,Quick Play races (docs/engine/ai.md),e5298b2482a769aa6458955cd6b18db3ac3f3a20
ai-traffic/wingman.wram.bin,3e9d064b360537cc0c57f0d3d5657b0b1d32228c,262144,tools/trace_ai_race.py + tools/trace_ai_oracle.py,trace_ai_race.py <name>,Quick Play races (docs/engine/ai.md),e5298b2482a769aa6458955cd6b18db3ac3f3a20
ai-traffic/wingmaninfo.ss,26540226bd95058423739a39a002968cdd021dc7,67529,tools/trace_ai_race.py + tools/trace_ai_oracle.py,trace_ai_race.py <name>,Quick Play races (docs/engine/ai.md),e5298b2482a769aa6458955cd6b18db3ac3f3a20
audio/mainmenu-nav.trace,846cbbc4cbe7fb6095e59b490d0e9cb9bff08f35,28972912,tools/audio_trace.py + tools/mgba_audio_trace.lua,audio_trace.py <name>,"race.ss, mainmenu.ss (docs/formats/audio.md)",e5298b2482a769aa6458955cd6b18db3ac3f3a20
audio/mainmenu.trace,51cd82dfd142a6bd2b1d26d660062bca25501087,21729600,tools/audio_trace.py + tools/mgba_audio_trace.lua,audio_trace.py <name>,"race.ss, mainmenu.ss (docs/formats/audio.md)",e5298b2482a769aa6458955cd6b18db3ac3f3a20
audio/race-drive.trace,f52cf4de768462933dccafcbf32516a68c24ca40,43533512,tools/audio_trace.py + tools/mgba_audio_trace.lua,audio_trace.py <name>,"race.ss, mainmenu.ss (docs/formats/audio.md)",e5298b2482a769aa6458955cd6b18db3ac3f3a20
audio/race-pause.trace,dd15ce2e2eb110e89f971006a25b7b0c356fe061,7244712,tools/audio_trace.py + tools/mgba_audio_trace.lua,audio_trace.py <name>,"race.ss, mainmenu.ss (docs/formats/audio.md)",e5298b2482a769aa6458955cd6b18db3ac3f3a20
audio/race.trace,cdd3e640cdd7c24d1e61f79db58b5a8e67b402ab,65301024,tools/audio_trace.py + tools/mgba_audio_trace.lua,audio_trace.py <name>,"race.ss, mainmenu.ss (docs/formats/audio.md)",e5298b2482a769aa6458955cd6b18db3ac3f3a20
car-atlas/BN7E_v0_e5298b24.sav,04a2ffb1d7e0753a9ff3ffa21d6285c27d91c711,512,"mGBA session car-atlas, trace scripts in the folder",see docs/formats/car-paint.md (car-atlas),"race starts from race.ss and mainmenu.ss, RAM-poked records",e5298b2482a769aa6458955cd6b18db3ac3f3a20
car-atlas/drive-end.bios.bin,7af2cd740eb86610cc6f1c204d266d0b54499885,16384,"mGBA session car-atlas, trace scripts in the folder",see docs/formats/car-paint.md (car-atlas),"race starts from race.ss and mainmenu.ss, RAM-poked records",e5298b2482a769aa6458955cd6b18db3ac3f3a20
car-atlas/drive-end.eeprom.bin,08a9ebf51184b9fe72071ba292dfd2fa4778bccc,512,"mGBA session car-atlas, trace scripts in the folder",see docs/formats/car-paint.md (car-atlas),"race starts from race.ss and mainmenu.ss, RAM-poked records",e5298b2482a769aa6458955cd6b18db3ac3f3a20
car-atlas/drive-end.io.bin,ecb6a2cb60493bb4121d8b12e40459aadd4d693e,1024,"mGBA session car-atlas, trace scripts in the folder",see docs/formats/car-paint.md (car-atlas),"race starts from race.ss and mainmenu.ss, RAM-poked records",e5298b2482a769aa6458955cd6b18db3ac3f3a20
car-atlas/drive-end.iwram.bin,fdaf3a517e77229e7c167d5464283204076c0927,32768,"mGBA session car-atlas, trace scripts in the folder",see docs/formats/car-paint.md (car-atlas),"race starts from race.ss and mainmenu.ss, RAM-poked records",e5298b2482a769aa6458955cd6b18db3ac3f3a20
car-atlas/drive-end.oam.bin,85aed9fb8ed655f95ca75bfffa164b23a2dc2d46,1024,"mGBA session car-atlas, trace scripts in the folder",see docs/formats/car-paint.md (car-atlas),"race starts from race.ss and mainmenu.ss, RAM-poked records",e5298b2482a769aa6458955cd6b18db3ac3f3a20
car-atlas/drive-end.palette.bin,02a865dff0d403804661ee0b45cf8c25781c64fb,1024,"mGBA session car-atlas, trace scripts in the folder",see docs/formats/car-paint.md (car-atlas),"race starts from race.ss and mainmenu.ss, RAM-poked records",e5298b2482a769aa6458955cd6b18db3ac3f3a20
car-atlas/drive-end.png,c51c0dba853c3caec29ab9ec8db2880e73a4ddf2,27426,"mGBA session car-atlas, trace scripts in the folder",see docs/formats/car-paint.md (car-atlas),"race starts from race.ss and mainmenu.ss, RAM-poked records",e5298b2482a769aa6458955cd6b18db3ac3f3a20
car-atlas/drive-end.vram.bin,a60cd4c7b238358406120c9279fb6376e2450ffa,98304,"mGBA session car-atlas, trace scripts in the folder",see docs/formats/car-paint.md (car-atlas),"race starts from race.ss and mainmenu.ss, RAM-poked records",e5298b2482a769aa6458955cd6b18db3ac3f3a20
car-atlas/drive-end.wram.bin,806c77bc606b4ea7a343098eb7392f5e2ad564da,262144,"mGBA session car-atlas, trace scripts in the folder",see docs/formats/car-paint.md (car-atlas),"race starts from race.ss and mainmenu.ss, RAM-poked records",e5298b2482a769aa6458955cd6b18db3ac3f3a20
car-atlas/drive-rim001.bin,1ee3c6aa9206a5b2ffb1c44712f55df15ad41d07,63488,"mGBA session car-atlas, trace scripts in the folder",see docs/formats/car-paint.md (car-atlas),"race starts from race.ss and mainmenu.ss, RAM-poked records",e5298b2482a769aa6458955cd6b18db3ac3f3a20
car-atlas/drive-rim002.bin,54bafa8338530c37b4bb8423b6138d6df8d3c113,63488,"mGBA session car-atlas, trace scripts in the folder",see docs/formats/car-paint.md (car-atlas),"race starts from race.ss and mainmenu.ss, RAM-poked records",e5298b2482a769aa6458955cd6b18db3ac3f3a20
car-atlas/drive-rim003.bin,2ba3197d481c1b2dd51b4f9964b70045212e3292,63488,"mGBA session car-atlas, trace scripts in the folder",see docs/formats/car-paint.md (car-atlas),"race starts from race.ss and mainmenu.ss, RAM-poked records",e5298b2482a769aa6458955cd6b18db3ac3f3a20
car-atlas/drive-rim004.bin,4d886c0816b11c2e96db949671364936371c5d06,63488,"mGBA session car-atlas, trace scripts in the folder",see docs/formats/car-paint.md (car-atlas),"race starts from race.ss and mainmenu.ss, RAM-poked records",e5298b2482a769aa6458955cd6b18db3ac3f3a20
car-atlas/drive-rim005.bin,7f318eba27c95528ff049766e9cd7a3cc3291829,63488,"mGBA session car-atlas, trace scripts in the folder",see docs/formats/car-paint.md (car-atlas),"race starts from race.ss and mainmenu.ss, RAM-poked records",e5298b2482a769aa6458955cd6b18db3ac3f3a20
car-atlas/drive-rim006.bin,bbe09f87bcaf1923a61d3656115c72290fba0756,63488,"mGBA session car-atlas, trace scripts in the folder",see docs/formats/car-paint.md (car-atlas),"race starts from race.ss and mainmenu.ss, RAM-poked records",e5298b2482a769aa6458955cd6b18db3ac3f3a20
car-atlas/drive-rim007.bin,a15146c219e1bb7bdc1f48e5119e2a181bf2e376,63488,"mGBA session car-atlas, trace scripts in the folder",see docs/formats/car-paint.md (car-atlas),"race starts from race.ss and mainmenu.ss, RAM-poked records",e5298b2482a769aa6458955cd6b18db3ac3f3a20
car-atlas/drive-rim008.bin,9a0841fbeea4511e85c9f72a8995301c07afe727,63488,"mGBA session car-atlas, trace scripts in the folder",see docs/formats/car-paint.md (car-atlas),"race starts from race.ss and mainmenu.ss, RAM-poked records",e5298b2482a769aa6458955cd6b18db3ac3f3a20
car-atlas/drive-rim009.bin,d398aab325cde360cf5b7d115d944750505c7606,63488,"mGBA session car-atlas, trace scripts in the folder",see docs/formats/car-paint.md (car-atlas),"race starts from race.ss and mainmenu.ss, RAM-poked records",e5298b2482a769aa6458955cd6b18db3ac3f3a20
car-atlas/drive-rim010.bin,9151331e62f887c6a9d046cc8050f852165881f3,63488,"mGBA session car-atlas, trace scripts in the folder",see docs/formats/car-paint.md (car-atlas),"race starts from race.ss and mainmenu.ss, RAM-poked records",e5298b2482a769aa6458955cd6b18db3ac3f3a20
car-atlas/drive-rim011.bin,2da5e49d45c8955a6a974cbb8057006209efdc9c,63488,"mGBA session car-atlas, trace scripts in the folder",see docs/formats/car-paint.md (car-atlas),"race starts from race.ss and mainmenu.ss, RAM-poked records",e5298b2482a769aa6458955cd6b18db3ac3f3a20
car-atlas/drive-rim012.bin,abdd0c68b389f55383a4fc15fec82fbaded54f4d,63488,"mGBA session car-atlas, trace scripts in the folder",see docs/formats/car-paint.md (car-atlas),"race starts from race.ss and mainmenu.ss, RAM-poked records",e5298b2482a769aa6458955cd6b18db3ac3f3a20
car-atlas/drive-rim013.bin,277d9c516de140ea220739a510b2276702962b55,63488,"mGBA session car-atlas, trace scripts in the folder",see docs/formats/car-paint.md (car-atlas),"race starts from race.ss and mainmenu.ss, RAM-poked records",e5298b2482a769aa6458955cd6b18db3ac3f3a20
car-atlas/drive-rim014.bin,e1b3b070995042e3a77428aa5f082b02a27813a8,63488,"mGBA session car-atlas, trace scripts in the folder",see docs/formats/car-paint.md (car-atlas),"race starts from race.ss and mainmenu.ss, RAM-poked records",e5298b2482a769aa6458955cd6b18db3ac3f3a20
car-atlas/drive-rim015.bin,474b55f0a8b14c000c9ab6690be52207cbc893bf,63488,"mGBA session car-atlas, trace scripts in the folder",see docs/formats/car-paint.md (car-atlas),"race starts from race.ss and mainmenu.ss, RAM-poked records",e5298b2482a769aa6458955cd6b18db3ac3f3a20
car-atlas/drive-rim016.bin,38adca5a9ac886b1a6c957cd24aefbb00785c878,63488,"mGBA session car-atlas, trace scripts in the folder",see docs/formats/car-paint.md (car-atlas),"race starts from race.ss and mainmenu.ss, RAM-poked records",e5298b2482a769aa6458955cd6b18db3ac3f3a20
car-atlas/drive-rim017.bin,6519d254e612f47bae5014e7117187e227682e0a,63488,"mGBA session car-atlas, trace scripts in the folder",see docs/formats/car-paint.md (car-atlas),"race starts from race.ss and mainmenu.ss, RAM-poked records",e5298b2482a769aa6458955cd6b18db3ac3f3a20
car-atlas/drive-rim018.bin,9aef7a5e25adca44005930f99f734fb490e96346,63488,"mGBA session car-atlas, trace scripts in the folder",see docs/formats/car-paint.md (car-atlas),"race starts from race.ss and mainmenu.ss, RAM-poked records",e5298b2482a769aa6458955cd6b18db3ac3f3a20
car-atlas/drive-rim019.bin,74a470c1637fee07b4e3430795cb300cdefe4e26,63488,"mGBA session car-atlas, trace scripts in the folder",see docs/formats/car-paint.md (car-atlas),"race starts from race.ss and mainmenu.ss, RAM-poked records",e5298b2482a769aa6458955cd6b18db3ac3f3a20
car-atlas/drive-rim020.bin,926b6c66157a422cff8d8d75d3650aebc1a0ca03,63488,"mGBA session car-atlas, trace scripts in the folder",see docs/formats/car-paint.md (car-atlas),"race starts from race.ss and mainmenu.ss, RAM-poked records",e5298b2482a769aa6458955cd6b18db3ac3f3a20
car-atlas/drive-rim021.bin,fd4088bbd6808f0288a47ba9b4b74871a6ee5d65,63488,"mGBA session car-atlas, trace scripts in the folder",see docs/formats/car-paint.md (car-atlas),"race starts from race.ss and mainmenu.ss, RAM-poked records",e5298b2482a769aa6458955cd6b18db3ac3f3a20
car-atlas/drive-rim022.bin,233be96bfda785aa6665df50d87ed3cd7d9984d0,63488,"mGBA session car-atlas, trace scripts in the folder",see docs/formats/car-paint.md (car-atlas),"race starts from race.ss and mainmenu.ss, RAM-poked records",e5298b2482a769aa6458955cd6b18db3ac3f3a20
car-atlas/drive-rim023.bin,3703a0076cb97d57f69a78d137f114d063284fe0,63488,"mGBA session car-atlas, trace scripts in the folder",see docs/formats/car-paint.md (car-atlas),"race starts from race.ss and mainmenu.ss, RAM-poked records",e5298b2482a769aa6458955cd6b18db3ac3f3a20
car-atlas/drive-rim024.bin,3a92c0288e151f47a73154cb308bac2decde923f,63488,"mGBA session car-atlas, trace scripts in the folder",see docs/formats/car-paint.md (car-atlas),"race starts from race.ss and mainmenu.ss, RAM-poked records",e5298b2482a769aa6458955cd6b18db3ac3f3a20
car-atlas/drive-rim025.bin,0bb43ec27dd098f173ddf568985667510193005e,63488,"mGBA session car-atlas, trace scripts in the folder",see docs/formats/car-paint.md (car-atlas),"race starts from race.ss and mainmenu.ss, RAM-poked records",e5298b2482a769aa6458955cd6b18db3ac3f3a20
car-atlas/drive-rim026.bin,c6ecc21ee1cd397625187c72985b00230bbd8cc8,63488,"mGBA session car-atlas, trace scripts in the folder",see docs/formats/car-paint.md (car-atlas),"race starts from race.ss and mainmenu.ss, RAM-poked records",e5298b2482a769aa6458955cd6b18db3ac3f3a20
car-atlas/drive-rim027.bin,756bc76032a6a2d6e379a3fe5cc223d92c045f3a,63488,"mGBA session car-atlas, trace scripts in the folder",see docs/formats/car-paint.md (car-atlas),"race starts from race.ss and mainmenu.ss, RAM-poked records",e5298b2482a769aa6458955cd6b18db3ac3f3a20
car-atlas/drive-rim028.bin,925f05bb0fe6b3db16556cbb77729654d79015ff,63488,"mGBA session car-atlas, trace scripts in the folder",see docs/formats/car-paint.md (car-atlas),"race starts from race.ss and mainmenu.ss, RAM-poked records",e5298b2482a769aa6458955cd6b18db3ac3f3a20
car-atlas/drive-rim029.bin,4d5d6bbbfa736d99f0c47e8b1ec17fe772240b8d,63488,"mGBA session car-atlas, trace scripts in the folder",see docs/formats/car-paint.md (car-atlas),"race starts from race.ss and mainmenu.ss, RAM-poked records",e5298b2482a769aa6458955cd6b18db3ac3f3a20
car-atlas/drive-rim030.bin,dc3771cf227ba0e819a7b0822d086ca1c1c4955a,63488,"mGBA session car-atlas, trace scripts in the folder",see docs/formats/car-paint.md (car-atlas),"race starts from race.ss and mainmenu.ss, RAM-poked records",e5298b2482a769aa6458955cd6b18db3ac3f3a20
car-atlas/drive-rim031.bin,6986198a5bdafcacb909a911c36c53f0a7296a24,63488,"mGBA session car-atlas, trace scripts in the folder",see docs/formats/car-paint.md (car-atlas),"race starts from race.ss and mainmenu.ss, RAM-poked records",e5298b2482a769aa6458955cd6b18db3ac3f3a20
car-atlas/drive-rim032.bin,2b0cd187e5514550f9110ec69f9b82a4f762e24b,63488,"mGBA session car-atlas, trace scripts in the folder",see docs/formats/car-paint.md (car-atlas),"race starts from race.ss and mainmenu.ss, RAM-poked records",e5298b2482a769aa6458955cd6b18db3ac3f3a20
car-atlas/drive-rim033.bin,35c92fde5c5a6c72dfb385a68a1cb18ccef62b55,63488,"mGBA session car-atlas, trace scripts in the folder",see docs/formats/car-paint.md (car-atlas),"race starts from race.ss and mainmenu.ss, RAM-poked records",e5298b2482a769aa6458955cd6b18db3ac3f3a20
car-atlas/drive-rim034.bin,024ddc2f1d91cde8d3562f7ae5dc93247ef0aedd,63488,"mGBA session car-atlas, trace scripts in the folder",see docs/formats/car-paint.md (car-atlas),"race starts from race.ss and mainmenu.ss, RAM-poked records",e5298b2482a769aa6458955cd6b18db3ac3f3a20
car-atlas/drive-rim035.bin,ad30eddeef6379a8a7ffca5a77358c77727238e1,63488,"mGBA session car-atlas, trace scripts in the folder",see docs/formats/car-paint.md (car-atlas),"race starts from race.ss and mainmenu.ss, RAM-poked records",e5298b2482a769aa6458955cd6b18db3ac3f3a20
car-atlas/drive-rim036.bin,94a7280f8e62f7ef9f30fbce1ad4749d10aafcc2,63488,"mGBA session car-atlas, trace scripts in the folder",see docs/formats/car-paint.md (car-atlas),"race starts from race.ss and mainmenu.ss, RAM-poked records",e5298b2482a769aa6458955cd6b18db3ac3f3a20
car-atlas/drive-rim037.bin,0d2701560bba2a54b527fe382a5c5b0789273fc0,63488,"mGBA session car-atlas, trace scripts in the folder",see docs/formats/car-paint.md (car-atlas),"race starts from race.ss and mainmenu.ss, RAM-poked records",e5298b2482a769aa6458955cd6b18db3ac3f3a20
car-atlas/drive-rim038.bin,758e801dd7fd973f3a866ab7e5ace86399fa7cad,63488,"mGBA session car-atlas, trace scripts in the folder",see docs/formats/car-paint.md (car-atlas),"race starts from race.ss and mainmenu.ss, RAM-poked records",e5298b2482a769aa6458955cd6b18db3ac3f3a20
car-atlas/drive-rim039.bin,c564f0fbda5842fefae367fab5c14128233a540e,63488,"mGBA session car-atlas, trace scripts in the folder",see docs/formats/car-paint.md (car-atlas),"race starts from race.ss and mainmenu.ss, RAM-poked records",e5298b2482a769aa6458955cd6b18db3ac3f3a20
car-atlas/drive-rim040.bin,3bd0ca496d60cce51d624694a1c11c076d37b47f,63488,"mGBA session car-atlas, trace scripts in the folder",see docs/formats/car-paint.md (car-atlas),"race starts from race.ss and mainmenu.ss, RAM-poked records",e5298b2482a769aa6458955cd6b18db3ac3f3a20
car-atlas/drive-rim041.bin,856b496d147e738a8986ee4bf84806830615b521,63488,"mGBA session car-atlas, trace scripts in the folder",see docs/formats/car-paint.md (car-atlas),"race starts from race.ss and mainmenu.ss, RAM-poked records",e5298b2482a769aa6458955cd6b18db3ac3f3a20
car-atlas/drive-rim042.bin,3c7c4061def57cd1733136f0516d7d1432f59c05,63488,"mGBA session car-atlas, trace scripts in the folder",see docs/formats/car-paint.md (car-atlas),"race starts from race.ss and mainmenu.ss, RAM-poked records",e5298b2482a769aa6458955cd6b18db3ac3f3a20
car-atlas/drive-rim043.bin,3f17a810996093e6e2e3910943e4d98c43312041,63488,"mGBA session car-atlas, trace scripts in the folder",see docs/formats/car-paint.md (car-atlas),"race starts from race.ss and mainmenu.ss, RAM-poked records",e5298b2482a769aa6458955cd6b18db3ac3f3a20
car-atlas/drive-rim044.bin,9d505fa0d6cee594e088c0077ea7979e25d7b974,63488,"mGBA session car-atlas, trace scripts in the folder",see docs/formats/car-paint.md (car-atlas),"race starts from race.ss and mainmenu.ss, RAM-poked records",e5298b2482a769aa6458955cd6b18db3ac3f3a20
car-atlas/drive-rim045.bin,d00512ee5d94b5cda0e6dc21e52f29db39f25029,63488,"mGBA session car-atlas, trace scripts in the folder",see docs/formats/car-paint.md (car-atlas),"race starts from race.ss and mainmenu.ss, RAM-poked records",e5298b2482a769aa6458955cd6b18db3ac3f3a20
car-atlas/drive-rim046.bin,a1e5fc1922a1d7d1adcc35c0923e270a7c43099d,63488,"mGBA session car-atlas, trace scripts in the folder",see docs/formats/car-paint.md (car-atlas),"race starts from race.ss and mainmenu.ss, RAM-poked records",e5298b2482a769aa6458955cd6b18db3ac3f3a20
car-atlas/drive-rim047.bin,bd201a1233d16665a3243ee8de7e1288f9154460,63488,"mGBA session car-atlas, trace scripts in the folder",see docs/formats/car-paint.md (car-atlas),"race starts from race.ss and mainmenu.ss, RAM-poked records",e5298b2482a769aa6458955cd6b18db3ac3f3a20
car-atlas/drive-rim048.bin,12bf9e9e82d9cb913d96a4831c0e3e9ec1baf07e,63488,"mGBA session car-atlas, trace scripts in the folder",see docs/formats/car-paint.md (car-atlas),"race starts from race.ss and mainmenu.ss, RAM-poked records",e5298b2482a769aa6458955cd6b18db3ac3f3a20
car-atlas/drive-rim049.bin,32ac63f54ef4c716471332f7d8b3a11805bf760c,63488,"mGBA session car-atlas, trace scripts in the folder",see docs/formats/car-paint.md (car-atlas),"race starts from race.ss and mainmenu.ss, RAM-poked records",e5298b2482a769aa6458955cd6b18db3ac3f3a20
car-atlas/drive-rim050.bin,1a8591599fb5c680a8b5fb50d78ad16a5da863e8,63488,"mGBA session car-atlas, trace scripts in the folder",see docs/formats/car-paint.md (car-atlas),"race starts from race.ss and mainmenu.ss, RAM-poked records",e5298b2482a769aa6458955cd6b18db3ac3f3a20
car-atlas/drive-rim051.bin,59073e07a5beab544eb80b6e192107ef62a928c8,63488,"mGBA session car-atlas, trace scripts in the folder",see docs/formats/car-paint.md (car-atlas),"race starts from race.ss and mainmenu.ss, RAM-poked records",e5298b2482a769aa6458955cd6b18db3ac3f3a20
car-atlas/drive-rim052.bin,4b4289184e66addf02789de66cbb4e68daa9f2ca,63488,"mGBA session car-atlas, trace scripts in the folder",see docs/formats/car-paint.md (car-atlas),"race starts from race.ss and mainmenu.ss, RAM-poked records",e5298b2482a769aa6458955cd6b18db3ac3f3a20
car-atlas/drive-rim053.bin,23216c4428f73a4e3314951572dd159b34ce8f39,63488,"mGBA session car-atlas, trace scripts in the folder",see docs/formats/car-paint.md (car-atlas),"race starts from race.ss and mainmenu.ss, RAM-poked records",e5298b2482a769aa6458955cd6b18db3ac3f3a20
car-atlas/drive-rim054.bin,e33e1e81903bff103ce3ade3d61d0a85a8a2334e,63488,"mGBA session car-atlas, trace scripts in the folder",see docs/formats/car-paint.md (car-atlas),"race starts from race.ss and mainmenu.ss, RAM-poked records",e5298b2482a769aa6458955cd6b18db3ac3f3a20
car-atlas/drive-rim055.bin,17e3a79778b835b66bad250ce9a20d5ec8cca9cb,63488,"mGBA session car-atlas, trace scripts in the folder",see docs/formats/car-paint.md (car-atlas),"race starts from race.ss and mainmenu.ss, RAM-poked records",e5298b2482a769aa6458955cd6b18db3ac3f3a20
car-atlas/drive-rim056.bin,8efb8f86f86f92ac34aedd1e1ab5417e9b7f115d,63488,"mGBA session car-atlas, trace scripts in the folder",see docs/formats/car-paint.md (car-atlas),"race starts from race.ss and mainmenu.ss, RAM-poked records",e5298b2482a769aa6458955cd6b18db3ac3f3a20
car-atlas/drive-rim057.bin,9cdc73a53133990646863765d6fb64755dd8e921,63488,"mGBA session car-atlas, trace scripts in the folder",see docs/formats/car-paint.md (car-atlas),"race starts from race.ss and mainmenu.ss, RAM-poked records",e5298b2482a769aa6458955cd6b18db3ac3f3a20
car-atlas/drive-rim058.bin,ce6fe53c325624dcad95804f54dce45535d62613,63488,"mGBA session car-atlas, trace scripts in the folder",see docs/formats/car-paint.md (car-atlas),"race starts from race.ss and mainmenu.ss, RAM-poked records",e5298b2482a769aa6458955cd6b18db3ac3f3a20
car-atlas/drive-rim059.bin,fd348fbe741ce2fe21ed09e7b8abffeb802ce5a2,63488,"mGBA session car-atlas, trace scripts in the folder",see docs/formats/car-paint.md (car-atlas),"race starts from race.ss and mainmenu.ss, RAM-poked records",e5298b2482a769aa6458955cd6b18db3ac3f3a20
car-atlas/drive-rim060.bin,f43ff6f3074b45e5d121cd39eb624b7a871c5b89,63488,"mGBA session car-atlas, trace scripts in the folder",see docs/formats/car-paint.md (car-atlas),"race starts from race.ss and mainmenu.ss, RAM-poked records",e5298b2482a769aa6458955cd6b18db3ac3f3a20
car-atlas/drive-rim061.bin,c391c3622f8e6658174898d1da2f7b1918eecdcd,63488,"mGBA session car-atlas, trace scripts in the folder",see docs/formats/car-paint.md (car-atlas),"race starts from race.ss and mainmenu.ss, RAM-poked records",e5298b2482a769aa6458955cd6b18db3ac3f3a20
car-atlas/drive-rim062.bin,5517649fb522319e4babb44434b967b5337ae456,63488,"mGBA session car-atlas, trace scripts in the folder",see docs/formats/car-paint.md (car-atlas),"race starts from race.ss and mainmenu.ss, RAM-poked records",e5298b2482a769aa6458955cd6b18db3ac3f3a20
car-atlas/drive-rim063.bin,bf77f2efa8ca1ab2045df11955b5c9b05ba80c47,63488,"mGBA session car-atlas, trace scripts in the folder",see docs/formats/car-paint.md (car-atlas),"race starts from race.ss and mainmenu.ss, RAM-poked records",e5298b2482a769aa6458955cd6b18db3ac3f3a20
car-atlas/drive-rim064.bin,c03df65f2df3bf13866488f06bd68f0039ea2672,63488,"mGBA session car-atlas, trace scripts in the folder",see docs/formats/car-paint.md (car-atlas),"race starts from race.ss and mainmenu.ss, RAM-poked records",e5298b2482a769aa6458955cd6b18db3ac3f3a20
car-atlas/drive-rim065.bin,50c6f5675ae6128d29d0cbc8b29f7c9a223d9229,63488,"mGBA session car-atlas, trace scripts in the folder",see docs/formats/car-paint.md (car-atlas),"race starts from race.ss and mainmenu.ss, RAM-poked records",e5298b2482a769aa6458955cd6b18db3ac3f3a20
car-atlas/drive-rim066.bin,4840ca06303127928900231917120d2be3ae0725,63488,"mGBA session car-atlas, trace scripts in the folder",see docs/formats/car-paint.md (car-atlas),"race starts from race.ss and mainmenu.ss, RAM-poked records",e5298b2482a769aa6458955cd6b18db3ac3f3a20
car-atlas/drive-rim067.bin,789092253149c5cfa841f20b17102a5f8cfd041f,63488,"mGBA session car-atlas, trace scripts in the folder",see docs/formats/car-paint.md (car-atlas),"race starts from race.ss and mainmenu.ss, RAM-poked records",e5298b2482a769aa6458955cd6b18db3ac3f3a20
car-atlas/drive-rim068.bin,28bc38070b34eaa701210c93d5a57924c2ea4a59,63488,"mGBA session car-atlas, trace scripts in the folder",see docs/formats/car-paint.md (car-atlas),"race starts from race.ss and mainmenu.ss, RAM-poked records",e5298b2482a769aa6458955cd6b18db3ac3f3a20
car-atlas/drive-rim069.bin,42d4a29184c824e347c5b8216681276ab9ce7bf9,63488,"mGBA session car-atlas, trace scripts in the folder",see docs/formats/car-paint.md (car-atlas),"race starts from race.ss and mainmenu.ss, RAM-poked records",e5298b2482a769aa6458955cd6b18db3ac3f3a20
car-atlas/drive-rim070.bin,d750cc901e0cf9707ba7a2f177079869c70642d2,63488,"mGBA session car-atlas, trace scripts in the folder",see docs/formats/car-paint.md (car-atlas),"race starts from race.ss and mainmenu.ss, RAM-poked records",e5298b2482a769aa6458955cd6b18db3ac3f3a20
car-atlas/drive-rim071.bin,428891402e6f34c4f29d061bf0c8478298366d9a,63488,"mGBA session car-atlas, trace scripts in the folder",see docs/formats/car-paint.md (car-atlas),"race starts from race.ss and mainmenu.ss, RAM-poked records",e5298b2482a769aa6458955cd6b18db3ac3f3a20
car-atlas/drive-rim072.bin,bb8f9fe73f76a03c2cb148b4cdbc1a6f268e4d69,63488,"mGBA session car-atlas, trace scripts in the folder",see docs/formats/car-paint.md (car-atlas),"race starts from race.ss and mainmenu.ss, RAM-poked records",e5298b2482a769aa6458955cd6b18db3ac3f3a20
car-atlas/drive-rim073.bin,6301d7c8ba021c5d65a5c013436fe805c556bcd6,63488,"mGBA session car-atlas, trace scripts in the folder",see docs/formats/car-paint.md (car-atlas),"race starts from race.ss and mainmenu.ss, RAM-poked records",e5298b2482a769aa6458955cd6b18db3ac3f3a20
car-atlas/drive-rim074.bin,399549b9c55d409c0e2546d5965ec36a7b27e147,63488,"mGBA session car-atlas, trace scripts in the folder",see docs/formats/car-paint.md (car-atlas),"race starts from race.ss and mainmenu.ss, RAM-poked records",e5298b2482a769aa6458955cd6b18db3ac3f3a20
car-atlas/drive-rim075.bin,729369e87d19b99d159ecbe0191d6dcdb76760ef,63488,"mGBA session car-atlas, trace scripts in the folder",see docs/formats/car-paint.md (car-atlas),"race starts from race.ss and mainmenu.ss, RAM-poked records",e5298b2482a769aa6458955cd6b18db3ac3f3a20
car-atlas/drive-rim076.bin,a495373ce67a8437898acc44f8d64cca02fe61b3,63488,"mGBA session car-atlas, trace scripts in the folder",see docs/formats/car-paint.md (car-atlas),"race starts from race.ss and mainmenu.ss, RAM-poked records",e5298b2482a769aa6458955cd6b18db3ac3f3a20
car-atlas/drive-rim077.bin,a7b5cc923132f0e9a00be66c755200c40dbf7aea,63488,"mGBA session car-atlas, trace scripts in the folder",see docs/formats/car-paint.md (car-atlas),"race starts from race.ss and mainmenu.ss, RAM-poked records",e5298b2482a769aa6458955cd6b18db3ac3f3a20
car-atlas/drive.log,8d567b0b7f187b33e17c2e468e15fed0cbd43a9c,7831,"mGBA session car-atlas, trace scripts in the folder",see docs/formats/car-paint.md (car-atlas),"race starts from race.ss and mainmenu.ss, RAM-poked records",e5298b2482a769aa6458955cd6b18db3ac3f3a20
car-atlas/mainmenu.ss,2fdd4f31233652d1ab805b9969e0bd7d0b1d98fa,94163,"mGBA session car-atlas, trace scripts in the folder",see docs/formats/car-paint.md (car-atlas),"race starts from race.ss and mainmenu.ss, RAM-poked records",e5298b2482a769aa6458955cd6b18db3ac3f3a20
car-atlas/pid.txt,7039ff2cb006ebd6ae4412353e797c877da06bf0,6,"mGBA session car-atlas, trace scripts in the folder",see docs/formats/car-paint.md (car-atlas),"race starts from race.ss and mainmenu.ss, RAM-poked records",e5298b2482a769aa6458955cd6b18db3ac3f3a20
car-atlas/pokev1-d1.bios.bin,7af2cd740eb86610cc6f1c204d266d0b54499885,16384,"mGBA session car-atlas, trace scripts in the folder",see docs/formats/car-paint.md (car-atlas),"race starts from race.ss and mainmenu.ss, RAM-poked records",e5298b2482a769aa6458955cd6b18db3ac3f3a20
car-atlas/pokev1-d1.eeprom.bin,08a9ebf51184b9fe72071ba292dfd2fa4778bccc,512,"mGBA session car-atlas, trace scripts in the folder",see docs/formats/car-paint.md (car-atlas),"race starts from race.ss and mainmenu.ss, RAM-poked records",e5298b2482a769aa6458955cd6b18db3ac3f3a20
car-atlas/pokev1-d1.io.bin,efdf3d3491129196bb4ea739f426f1d128d34a37,1024,"mGBA session car-atlas, trace scripts in the folder",see docs/formats/car-paint.md (car-atlas),"race starts from race.ss and mainmenu.ss, RAM-poked records",e5298b2482a769aa6458955cd6b18db3ac3f3a20
car-atlas/pokev1-d1.iwram.bin,5c5a452d01947a624eae052e07d85b69822a0c0c,32768,"mGBA session car-atlas, trace scripts in the folder",see docs/formats/car-paint.md (car-atlas),"race starts from race.ss and mainmenu.ss, RAM-poked records",e5298b2482a769aa6458955cd6b18db3ac3f3a20
car-atlas/pokev1-d1.oam.bin,c43518986da38d83bc4de5deb3a1758b84f1dccd,1024,"mGBA session car-atlas, trace scripts in the folder",see docs/formats/car-paint.md (car-atlas),"race starts from race.ss and mainmenu.ss, RAM-poked records",e5298b2482a769aa6458955cd6b18db3ac3f3a20
car-atlas/pokev1-d1.palette.bin,68fa4c15ec7989d1bf38b8dd2564d19dbbe15cb4,1024,"mGBA session car-atlas, trace scripts in the folder",see docs/formats/car-paint.md (car-atlas),"race starts from race.ss and mainmenu.ss, RAM-poked records",e5298b2482a769aa6458955cd6b18db3ac3f3a20
car-atlas/pokev1-d1.vram.bin,dd051dd54aa7396d7c257af6c5371b8f26e24efb,98304,"mGBA session car-atlas, trace scripts in the folder",see docs/formats/car-paint.md (car-atlas),"race starts from race.ss and mainmenu.ss, RAM-poked records",e5298b2482a769aa6458955cd6b18db3ac3f3a20
car-atlas/pokev1-d1.wram.bin,577b069344c8be48e11de1b60c96aff44fc65ded,262144,"mGBA session car-atlas, trace scripts in the folder",see docs/formats/car-paint.md (car-atlas),"race starts from race.ss and mainmenu.ss, RAM-poked records",e5298b2482a769aa6458955cd6b18db3ac3f3a20
car-atlas/pokev1-end.bios.bin,7af2cd740eb86610cc6f1c204d266d0b54499885,16384,"mGBA session car-atlas, trace scripts in the folder",see docs/formats/car-paint.md (car-atlas),"race starts from race.ss and mainmenu.ss, RAM-poked records",e5298b2482a769aa6458955cd6b18db3ac3f3a20
car-atlas/pokev1-end.eeprom.bin,08a9ebf51184b9fe72071ba292dfd2fa4778bccc,512,"mGBA session car-atlas, trace scripts in the folder",see docs/formats/car-paint.md (car-atlas),"race starts from race.ss and mainmenu.ss, RAM-poked records",e5298b2482a769aa6458955cd6b18db3ac3f3a20
car-atlas/pokev1-end.io.bin,5678bd43699a6aa169aab90492bb65de8ae2c46d,1024,"mGBA session car-atlas, trace scripts in the folder",see docs/formats/car-paint.md (car-atlas),"race starts from race.ss and mainmenu.ss, RAM-poked records",e5298b2482a769aa6458955cd6b18db3ac3f3a20
car-atlas/pokev1-end.iwram.bin,4189177d234588e43f9902c717956926da4fd942,32768,"mGBA session car-atlas, trace scripts in the folder",see docs/formats/car-paint.md (car-atlas),"race starts from race.ss and mainmenu.ss, RAM-poked records",e5298b2482a769aa6458955cd6b18db3ac3f3a20
car-atlas/pokev1-end.oam.bin,c43518986da38d83bc4de5deb3a1758b84f1dccd,1024,"mGBA session car-atlas, trace scripts in the folder",see docs/formats/car-paint.md (car-atlas),"race starts from race.ss and mainmenu.ss, RAM-poked records",e5298b2482a769aa6458955cd6b18db3ac3f3a20
car-atlas/pokev1-end.palette.bin,68fa4c15ec7989d1bf38b8dd2564d19dbbe15cb4,1024,"mGBA session car-atlas, trace scripts in the folder",see docs/formats/car-paint.md (car-atlas),"race starts from race.ss and mainmenu.ss, RAM-poked records",e5298b2482a769aa6458955cd6b18db3ac3f3a20
car-atlas/pokev1-end.png,233d86e6019c7da7a87642547d629b3b3e7707a2,31367,"mGBA session car-atlas, trace scripts in the folder",see docs/formats/car-paint.md (car-atlas),"race starts from race.ss and mainmenu.ss, RAM-poked records",e5298b2482a769aa6458955cd6b18db3ac3f3a20
car-atlas/pokev1-end.vram.bin,e30ab388d3a0618425f827be1f800b6f827ef04a,98304,"mGBA session car-atlas, trace scripts in the folder",see docs/formats/car-paint.md (car-atlas),"race starts from race.ss and mainmenu.ss, RAM-poked records",e5298b2482a769aa6458955cd6b18db3ac3f3a20
car-atlas/pokev1-end.wram.bin,51bd336b32f51d170308b6e3171b252b407e615f,262144,"mGBA session car-atlas, trace scripts in the folder",see docs/formats/car-paint.md (car-atlas),"race starts from race.ss and mainmenu.ss, RAM-poked records",e5298b2482a769aa6458955cd6b18db3ac3f3a20
car-atlas/pokev1-rim001.bin,5d19456286e97724abf1a30181a05dd76b781f03,63488,"mGBA session car-atlas, trace scripts in the folder",see docs/formats/car-paint.md (car-atlas),"race starts from race.ss and mainmenu.ss, RAM-poked records",e5298b2482a769aa6458955cd6b18db3ac3f3a20
car-atlas/pokev1-s01.png,e7ad551be480380043d8f9a83b396a47e6190d21,31354,"mGBA session car-atlas, trace scripts in the folder",see docs/formats/car-paint.md (car-atlas),"race starts from race.ss and mainmenu.ss, RAM-poked records",e5298b2482a769aa6458955cd6b18db3ac3f3a20
car-atlas/pokev1.log,18f3a2db1d58d535b0082c23887cceaed767cc84,547,"mGBA session car-atlas, trace scripts in the folder",see docs/formats/car-paint.md (car-atlas),"race starts from race.ss and mainmenu.ss, RAM-poked records",e5298b2482a769aa6458955cd6b18db3ac3f3a20
car-atlas/pokev2-d1.bios.bin,7af2cd740eb86610cc6f1c204d266d0b54499885,16384,"mGBA session car-atlas, trace scripts in the folder",see docs/formats/car-paint.md (car-atlas),"race starts from race.ss and mainmenu.ss, RAM-poked records",e5298b2482a769aa6458955cd6b18db3ac3f3a20
car-atlas/pokev2-d1.eeprom.bin,08a9ebf51184b9fe72071ba292dfd2fa4778bccc,512,"mGBA session car-atlas, trace scripts in the folder",see docs/formats/car-paint.md (car-atlas),"race starts from race.ss and mainmenu.ss, RAM-poked records",e5298b2482a769aa6458955cd6b18db3ac3f3a20
car-atlas/pokev2-d1.io.bin,8e4820a4cb6756e5674a54f1272ef5a9b29253f9,1024,"mGBA session car-atlas, trace scripts in the folder",see docs/formats/car-paint.md (car-atlas),"race starts from race.ss and mainmenu.ss, RAM-poked records",e5298b2482a769aa6458955cd6b18db3ac3f3a20
car-atlas/pokev2-d1.iwram.bin,2e96a4448993c8985741ecdf435221e64c291466,32768,"mGBA session car-atlas, trace scripts in the folder",see docs/formats/car-paint.md (car-atlas),"race starts from race.ss and mainmenu.ss, RAM-poked records",e5298b2482a769aa6458955cd6b18db3ac3f3a20
car-atlas/pokev2-d1.oam.bin,8cb329aee15bc31900c356cdfdc325d858e94ee1,1024,"mGBA session car-atlas, trace scripts in the folder",see docs/formats/car-paint.md (car-atlas),"race starts from race.ss and mainmenu.ss, RAM-poked records",e5298b2482a769aa6458955cd6b18db3ac3f3a20
car-atlas/pokev2-d1.palette.bin,27f45a632f52d1972d42007d7763c0daafa7bc3e,1024,"mGBA session car-atlas, trace scripts in the folder",see docs/formats/car-paint.md (car-atlas),"race starts from race.ss and mainmenu.ss, RAM-poked records",e5298b2482a769aa6458955cd6b18db3ac3f3a20
car-atlas/pokev2-d1.vram.bin,a294df4e2cf9e95c13997fd43424eb7f11a52bb2,98304,"mGBA session car-atlas, trace scripts in the folder",see docs/formats/car-paint.md (car-atlas),"race starts from race.ss and mainmenu.ss, RAM-poked records",e5298b2482a769aa6458955cd6b18db3ac3f3a20
car-atlas/pokev2-d1.wram.bin,5ed984bdd99af5043cebf15201ca4433be56b76f,262144,"mGBA session car-atlas, trace scripts in the folder",see docs/formats/car-paint.md (car-atlas),"race starts from race.ss and mainmenu.ss, RAM-poked records",e5298b2482a769aa6458955cd6b18db3ac3f3a20
car-atlas/pokev2-end.bios.bin,7af2cd740eb86610cc6f1c204d266d0b54499885,16384,"mGBA session car-atlas, trace scripts in the folder",see docs/formats/car-paint.md (car-atlas),"race starts from race.ss and mainmenu.ss, RAM-poked records",e5298b2482a769aa6458955cd6b18db3ac3f3a20
car-atlas/pokev2-end.eeprom.bin,08a9ebf51184b9fe72071ba292dfd2fa4778bccc,512,"mGBA session car-atlas, trace scripts in the folder",see docs/formats/car-paint.md (car-atlas),"race starts from race.ss and mainmenu.ss, RAM-poked records",e5298b2482a769aa6458955cd6b18db3ac3f3a20
car-atlas/pokev2-end.io.bin,ffda9b24a7262906f5913e42c84542fc522dfb66,1024,"mGBA session car-atlas, trace scripts in the folder",see docs/formats/car-paint.md (car-atlas),"race starts from race.ss and mainmenu.ss, RAM-poked records",e5298b2482a769aa6458955cd6b18db3ac3f3a20
car-atlas/pokev2-end.iwram.bin,2de592784d7ae7d30ad509b8e984b77cda033cef,32768,"mGBA session car-atlas, trace scripts in the folder",see docs/formats/car-paint.md (car-atlas),"race starts from race.ss and mainmenu.ss, RAM-poked records",e5298b2482a769aa6458955cd6b18db3ac3f3a20
car-atlas/pokev2-end.oam.bin,43385df3fb19db2f188e88196b445fc3f749fbf1,1024,"mGBA session car-atlas, trace scripts in the folder",see docs/formats/car-paint.md (car-atlas),"race starts from race.ss and mainmenu.ss, RAM-poked records",e5298b2482a769aa6458955cd6b18db3ac3f3a20
car-atlas/pokev2-end.palette.bin,27f45a632f52d1972d42007d7763c0daafa7bc3e,1024,"mGBA session car-atlas, trace scripts in the folder",see docs/formats/car-paint.md (car-atlas),"race starts from race.ss and mainmenu.ss, RAM-poked records",e5298b2482a769aa6458955cd6b18db3ac3f3a20
car-atlas/pokev2-end.png,459139b0c073ce4e70119921c8612ef04db253fc,30858,"mGBA session car-atlas, trace scripts in the folder",see docs/formats/car-paint.md (car-atlas),"race starts from race.ss and mainmenu.ss, RAM-poked records",e5298b2482a769aa6458955cd6b18db3ac3f3a20
car-atlas/pokev2-end.vram.bin,c7a2240652093ab3347960ef73d9e774e3ee4a10,98304,"mGBA session car-atlas, trace scripts in the folder",see docs/formats/car-paint.md (car-atlas),"race starts from race.ss and mainmenu.ss, RAM-poked records",e5298b2482a769aa6458955cd6b18db3ac3f3a20
car-atlas/pokev2-end.wram.bin,4f93fef5f664df6c6d9cfbf2d43e360efe5e230e,262144,"mGBA session car-atlas, trace scripts in the folder",see docs/formats/car-paint.md (car-atlas),"race starts from race.ss and mainmenu.ss, RAM-poked records",e5298b2482a769aa6458955cd6b18db3ac3f3a20
car-atlas/pokev2-rim001.bin,2659c0b71325293dfcf695ce64e431c3b1ef7e9f,63488,"mGBA session car-atlas, trace scripts in the folder",see docs/formats/car-paint.md (car-atlas),"race starts from race.ss and mainmenu.ss, RAM-poked records",e5298b2482a769aa6458955cd6b18db3ac3f3a20
car-atlas/pokev2-s01.png,788aa50373c94f1461d05a2d7965cfab8b45afd5,30830,"mGBA session car-atlas, trace scripts in the folder",see docs/formats/car-paint.md (car-atlas),"race starts from race.ss and mainmenu.ss, RAM-poked records",e5298b2482a769aa6458955cd6b18db3ac3f3a20
car-atlas/pokev2.log,3b030ca1d9fc20693e01e15357dbd8a7c11e00b7,547,"mGBA session car-atlas, trace scripts in the folder",see docs/formats/car-paint.md (car-atlas),"race starts from race.ss and mainmenu.ss, RAM-poked records",e5298b2482a769aa6458955cd6b18db3ac3f3a20
car-atlas/race.ss,aaf8f76e047c5945e66f6bc980db81408e552757,118124,"mGBA session car-atlas, trace scripts in the folder",see docs/formats/car-paint.md (car-atlas),"race starts from race.ss and mainmenu.ss, RAM-poked records",e5298b2482a769aa6458955cd6b18db3ac3f3a20
car-atlas/scripts/ca_trace.lua,c713f9eeaf9ab6a0c23a79e01ffa51704269248c,3892,"mGBA session car-atlas, trace scripts in the folder",see docs/formats/car-paint.md (car-atlas),"race starts from race.ss and mainmenu.ss, RAM-poked records",e5298b2482a769aa6458955cd6b18db3ac3f3a20
car-atlas/scripts/chain.py,2a742dcf18666e2dd9c5f33f78e7dda1eae6942a,2278,"mGBA session car-atlas, trace scripts in the folder",see docs/formats/car-paint.md (car-atlas),"race starts from race.ss and mainmenu.ss, RAM-poked records",e5298b2482a769aa6458955cd6b18db3ac3f3a20
car-atlas/scripts/formats.py,9f7de17720ee53f697b0418c1952e05e9d052801,1334,"mGBA session car-atlas, trace scripts in the folder",see docs/formats/car-paint.md (car-atlas),"race starts from race.ss and mainmenu.ss, RAM-poked records",e5298b2482a769aa6458955cd6b18db3ac3f3a20
car-atlas/scripts/oob.py,83b2b127bbc8e0b513e9f902259db20b1f62d88b,2105,"mGBA session car-atlas, trace scripts in the folder",see docs/formats/car-paint.md (car-atlas),"race starts from race.ss and mainmenu.ss, RAM-poked records",e5298b2482a769aa6458955cd6b18db3ac3f3a20
car-atlas/scripts/opp.py,b5ccc41ca8f0d1343c8cca7a82615e582106f388,1515,"mGBA session car-atlas, trace scripts in the folder",see docs/formats/car-paint.md (car-atlas),"race starts from race.ss and mainmenu.ss, RAM-poked records",e5298b2482a769aa6458955cd6b18db3ac3f3a20
car-atlas/scripts/overrun.py,7bef6a963b5a982735b4170e923c3398c0686c60,1103,"mGBA session car-atlas, trace scripts in the folder",see docs/formats/car-paint.md (car-atlas),"race starts from race.ss and mainmenu.ss, RAM-poked records",e5298b2482a769aa6458955cd6b18db3ac3f3a20
car-atlas/scripts/run.py,019b7143a38556651914be22c7bc79a64e692e1c,1416,"mGBA session car-atlas, trace scripts in the folder",see docs/formats/car-paint.md (car-atlas),"race starts from race.ss and mainmenu.ss, RAM-poked records",e5298b2482a769aa6458955cd6b18db3ac3f3a20
car-atlas/scripts/sim.py,e7aaa01fbf05935e0b17d7827bf621fa743890e2,5171,"mGBA session car-atlas, trace scripts in the folder",see docs/formats/car-paint.md (car-atlas),"race starts from race.ss and mainmenu.ss, RAM-poked records",e5298b2482a769aa6458955cd6b18db3ac3f3a20
car-atlas/scripts/tables.py,214bf4d54b4d42a79f4aa50ac5e4e8662a1a9460,943,"mGBA session car-atlas, trace scripts in the folder",see docs/formats/car-paint.md (car-atlas),"race starts from race.ss and mainmenu.ss, RAM-poked records",e5298b2482a769aa6458955cd6b18db3ac3f3a20
car-atlas/start1-d1.bios.bin,7af2cd740eb86610cc6f1c204d266d0b54499885,16384,"mGBA session car-atlas, trace scripts in the folder",see docs/formats/car-paint.md (car-atlas),"race starts from race.ss and mainmenu.ss, RAM-poked records",e5298b2482a769aa6458955cd6b18db3ac3f3a20
car-atlas/start1-d1.eeprom.bin,08a9ebf51184b9fe72071ba292dfd2fa4778bccc,512,"mGBA session car-atlas, trace scripts in the folder",see docs/formats/car-paint.md (car-atlas),"race starts from race.ss and mainmenu.ss, RAM-poked records",e5298b2482a769aa6458955cd6b18db3ac3f3a20
car-atlas/start1-d1.io.bin,a0493159e6f7c5d8b56e84a971cbadde3f35b52e,1024,"mGBA session car-atlas, trace scripts in the folder",see docs/formats/car-paint.md (car-atlas),"race starts from race.ss and mainmenu.ss, RAM-poked records",e5298b2482a769aa6458955cd6b18db3ac3f3a20
car-atlas/start1-d1.iwram.bin,fe8c85b585c628720faa1e216d77d46c1a69d217,32768,"mGBA session car-atlas, trace scripts in the folder",see docs/formats/car-paint.md (car-atlas),"race starts from race.ss and mainmenu.ss, RAM-poked records",e5298b2482a769aa6458955cd6b18db3ac3f3a20
car-atlas/start1-d1.oam.bin,a2a85f8856d38c0171bc0e2655a1750c25ea028f,1024,"mGBA session car-atlas, trace scripts in the folder",see docs/formats/car-paint.md (car-atlas),"race starts from race.ss and mainmenu.ss, RAM-poked records",e5298b2482a769aa6458955cd6b18db3ac3f3a20
car-atlas/start1-d1.palette.bin,b68771e278cf6a8d0f3e0340b8a5f7ceb727d759,1024,"mGBA session car-atlas, trace scripts in the folder",see docs/formats/car-paint.md (car-atlas),"race starts from race.ss and mainmenu.ss, RAM-poked records",e5298b2482a769aa6458955cd6b18db3ac3f3a20
car-atlas/start1-d1.vram.bin,c3d93519de36d5948aaef56fc8beefe4973dcd3c,98304,"mGBA session car-atlas, trace scripts in the folder",see docs/formats/car-paint.md (car-atlas),"race starts from race.ss and mainmenu.ss, RAM-poked records",e5298b2482a769aa6458955cd6b18db3ac3f3a20
car-atlas/start1-d1.wram.bin,c4c28671e66a47523680c1dc33c4a15cfecdea5c,262144,"mGBA session car-atlas, trace scripts in the folder",see docs/formats/car-paint.md (car-atlas),"race starts from race.ss and mainmenu.ss, RAM-poked records",e5298b2482a769aa6458955cd6b18db3ac3f3a20
car-atlas/start1-end.bios.bin,7af2cd740eb86610cc6f1c204d266d0b54499885,16384,"mGBA session car-atlas, trace scripts in the folder",see docs/formats/car-paint.md (car-atlas),"race starts from race.ss and mainmenu.ss, RAM-poked records",e5298b2482a769aa6458955cd6b18db3ac3f3a20
car-atlas/start1-end.eeprom.bin,08a9ebf51184b9fe72071ba292dfd2fa4778bccc,512,"mGBA session car-atlas, trace scripts in the folder",see docs/formats/car-paint.md (car-atlas),"race starts from race.ss and mainmenu.ss, RAM-poked records",e5298b2482a769aa6458955cd6b18db3ac3f3a20
car-atlas/start1-end.io.bin,35204e92cca0d4eed2300d5c0756cea4ea4383fc,1024,"mGBA session car-atlas, trace scripts in the folder",see docs/formats/car-paint.md (car-atlas),"race starts from race.ss and mainmenu.ss, RAM-poked records",e5298b2482a769aa6458955cd6b18db3ac3f3a20
car-atlas/start1-end.iwram.bin,b7568590a1297082804dfc5c18c034a6baf77029,32768,"mGBA session car-atlas, trace scripts in the folder",see docs/formats/car-paint.md (car-atlas),"race starts from race.ss and mainmenu.ss, RAM-poked records",e5298b2482a769aa6458955cd6b18db3ac3f3a20
car-atlas/start1-end.oam.bin,a2a85f8856d38c0171bc0e2655a1750c25ea028f,1024,"mGBA session car-atlas, trace scripts in the folder",see docs/formats/car-paint.md (car-atlas),"race starts from race.ss and mainmenu.ss, RAM-poked records",e5298b2482a769aa6458955cd6b18db3ac3f3a20
car-atlas/start1-end.palette.bin,b68771e278cf6a8d0f3e0340b8a5f7ceb727d759,1024,"mGBA session car-atlas, trace scripts in the folder",see docs/formats/car-paint.md (car-atlas),"race starts from race.ss and mainmenu.ss, RAM-poked records",e5298b2482a769aa6458955cd6b18db3ac3f3a20
car-atlas/start1-end.png,3c147143c7406804bf6a3becec94a70661c3ccae,30988,"mGBA session car-atlas, trace scripts in the folder",see docs/formats/car-paint.md (car-atlas),"race starts from race.ss and mainmenu.ss, RAM-poked records",e5298b2482a769aa6458955cd6b18db3ac3f3a20
car-atlas/start1-end.vram.bin,e4a7fa4e539eee34d6b7280e087d3a867892fe58,98304,"mGBA session car-atlas, trace scripts in the folder",see docs/formats/car-paint.md (car-atlas),"race starts from race.ss and mainmenu.ss, RAM-poked records",e5298b2482a769aa6458955cd6b18db3ac3f3a20
car-atlas/start1-end.wram.bin,920128abbed98a7a2b3eba5e15feaf8c248dd8df,262144,"mGBA session car-atlas, trace scripts in the folder",see docs/formats/car-paint.md (car-atlas),"race starts from race.ss and mainmenu.ss, RAM-poked records",e5298b2482a769aa6458955cd6b18db3ac3f3a20
car-atlas/start1-rim001.bin,a253a9a2dc71ec2c76452f84eaf23caaca6a2633,63488,"mGBA session car-atlas, trace scripts in the folder",see docs/formats/car-paint.md (car-atlas),"race starts from race.ss and mainmenu.ss, RAM-poked records",e5298b2482a769aa6458955cd6b18db3ac3f3a20
car-atlas/start1-s01.png,8abd68c6e03f0794979d0937eab86a9884509768,26174,"mGBA session car-atlas, trace scripts in the folder",see docs/formats/car-paint.md (car-atlas),"race starts from race.ss and mainmenu.ss, RAM-poked records",e5298b2482a769aa6458955cd6b18db3ac3f3a20
car-atlas/start1-s02.png,5afed19203f96f25ae1c37fbb21c308c73af4f59,26323,"mGBA session car-atlas, trace scripts in the folder",see docs/formats/car-paint.md (car-atlas),"race starts from race.ss and mainmenu.ss, RAM-poked records",e5298b2482a769aa6458955cd6b18db3ac3f3a20
car-atlas/start1-s03.png,573d134cadfbc679e4bb444e1598f36111899ac6,13757,"mGBA session car-atlas, trace scripts in the folder",see docs/formats/car-paint.md (car-atlas),"race starts from race.ss and mainmenu.ss, RAM-poked records",e5298b2482a769aa6458955cd6b18db3ac3f3a20
car-atlas/start1-s04.png,10b4eef060a3f6a7703baa0c767ccc5a8b852cd0,9368,"mGBA session car-atlas, trace scripts in the folder",see docs/formats/car-paint.md (car-atlas),"race starts from race.ss and mainmenu.ss, RAM-poked records",e5298b2482a769aa6458955cd6b18db3ac3f3a20
car-atlas/start1-s05.png,814220f5edeb08216fdb5fd6bd58aefad218b822,31021,"mGBA session car-atlas, trace scripts in the folder",see docs/formats/car-paint.md (car-atlas),"race starts from race.ss and mainmenu.ss, RAM-poked records",e5298b2482a769aa6458955cd6b18db3ac3f3a20
car-atlas/start1.log,e6cda01c0240a63ef031bdf7aef82ee328eb0d77,599,"mGBA session car-atlas, trace scripts in the folder",see docs/formats/car-paint.md (car-atlas),"race starts from race.ss and mainmenu.ss, RAM-poked records",e5298b2482a769aa6458955cd6b18db3ac3f3a20
car-paint/d0.iwram.bin,b0849431cdb5a021cfd2315e986cbd3c630f5fdc,32768,tools/mgba_ctl.py + tools/mgba_remote.lua,mgba_ctl.py dump <name>,"race.ss, driving left (docs/formats/car-paint.md)",e5298b2482a769aa6458955cd6b18db3ac3f3a20
car-paint/d0.palette.bin,02a865dff0d403804661ee0b45cf8c25781c64fb,1024,tools/mgba_ctl.py + tools/mgba_remote.lua,mgba_ctl.py dump <name>,"race.ss, driving left (docs/formats/car-paint.md)",e5298b2482a769aa6458955cd6b18db3ac3f3a20
car-paint/d0.wram.bin,b93b2b9fa3b11f3c6fa371fe13f0e16ba812b108,262144,tools/mgba_ctl.py + tools/mgba_remote.lua,mgba_ctl.py dump <name>,"race.ss, driving left (docs/formats/car-paint.md)",e5298b2482a769aa6458955cd6b18db3ac3f3a20
car-paint/d15.iwram.bin,a03c044390c8a4f7a582831d628e6cdb3c1511de,32768,tools/mgba_ctl.py + tools/mgba_remote.lua,mgba_ctl.py dump <name>,"race.ss, driving left (docs/formats/car-paint.md)",e5298b2482a769aa6458955cd6b18db3ac3f3a20
car-paint/d15.palette.bin,c6fc39c2b1f9f803a9854abcf88a312e7a2917a7,1024,tools/mgba_ctl.py + tools/mgba_remote.lua,mgba_ctl.py dump <name>,"race.ss, driving left (docs/formats/car-paint.md)",e5298b2482a769aa6458955cd6b18db3ac3f3a20
car-paint/d15.wram.bin,236b62fe883944d1f75ffa20e2acda336967abcc,262144,tools/mgba_ctl.py + tools/mgba_remote.lua,mgba_ctl.py dump <name>,"race.ss, driving left (docs/formats/car-paint.md)",e5298b2482a769aa6458955cd6b18db3ac3f3a20
car-paint/d19.iwram.bin,cd955bb960b8639433052795db9f074657261ee3,32768,tools/mgba_ctl.py + tools/mgba_remote.lua,mgba_ctl.py dump <name>,"race.ss, driving left (docs/formats/car-paint.md)",e5298b2482a769aa6458955cd6b18db3ac3f3a20
car-paint/d19.palette.bin,59c9df96cf07ed674b9e4eddd5745c6c5e820969,1024,tools/mgba_ctl.py + tools/mgba_remote.lua,mgba_ctl.py dump <name>,"race.ss, driving left (docs/formats/car-paint.md)",e5298b2482a769aa6458955cd6b18db3ac3f3a20
car-paint/d19.wram.bin,185c0ba2110850cc2b8b3f70fae98414dd69482d,262144,tools/mgba_ctl.py + tools/mgba_remote.lua,mgba_ctl.py dump <name>,"race.ss, driving left (docs/formats/car-paint.md)",e5298b2482a769aa6458955cd6b18db3ac3f3a20
car-paint/d3.iwram.bin,93fc18b0df215a8613aaef86c1999086daab1523,32768,tools/mgba_ctl.py + tools/mgba_remote.lua,mgba_ctl.py dump <name>,"race.ss, driving left (docs/formats/car-paint.md)",e5298b2482a769aa6458955cd6b18db3ac3f3a20
car-paint/d3.palette.bin,d3b9d0d913213793e23a733458b83bec5d287adc,1024,tools/mgba_ctl.py + tools/mgba_remote.lua,mgba_ctl.py dump <name>,"race.ss, driving left (docs/formats/car-paint.md)",e5298b2482a769aa6458955cd6b18db3ac3f3a20
car-paint/d3.wram.bin,4150cb96348d56900c74c3a980e7d1eb0458db9c,262144,tools/mgba_ctl.py + tools/mgba_remote.lua,mgba_ctl.py dump <name>,"race.ss, driving left (docs/formats/car-paint.md)",e5298b2482a769aa6458955cd6b18db3ac3f3a20
car-paint/d7.iwram.bin,f84b18cd76fe13ca8103ba9d81b23c4a644c975a,32768,tools/mgba_ctl.py + tools/mgba_remote.lua,mgba_ctl.py dump <name>,"race.ss, driving left (docs/formats/car-paint.md)",e5298b2482a769aa6458955cd6b18db3ac3f3a20
car-paint/d7.palette.bin,b584ede1b19320f185ec490a51303fd5789b456c,1024,tools/mgba_ctl.py + tools/mgba_remote.lua,mgba_ctl.py dump <name>,"race.ss, driving left (docs/formats/car-paint.md)",e5298b2482a769aa6458955cd6b18db3ac3f3a20
car-paint/d7.wram.bin,00345528ac71cd419cd52251fed8b1ef3a4cd34e,262144,tools/mgba_ctl.py + tools/mgba_remote.lua,mgba_ctl.py dump <name>,"race.ss, driving left (docs/formats/car-paint.md)",e5298b2482a769aa6458955cd6b18db3ac3f3a20
entity-draw/BN7E_v0_e5298b24.sav,9d0ac37bb3ec8c95990fd37a962a17a95ce97aa0,512,tools/mgba_frame_probe.lua,probe <name> [ADDR=VALUE ...],"race.ss, g0.ss (docs/engine/renderer.md, entity-draw)",e5298b2482a769aa6458955cd6b18db3ac3f3a20
entity-draw/c1.iwram.bin,7a2d6ce0ea59fa0d110bc15068a8c323b559c8a4,32768,tools/mgba_frame_probe.lua,probe <name> [ADDR=VALUE ...],"race.ss, g0.ss (docs/engine/renderer.md, entity-draw)",e5298b2482a769aa6458955cd6b18db3ac3f3a20
entity-draw/c1.png,12874a664678d0c1489bc2a66065c943edb4771e,37971,tools/mgba_frame_probe.lua,probe <name> [ADDR=VALUE ...],"race.ss, g0.ss (docs/engine/renderer.md, entity-draw)",e5298b2482a769aa6458955cd6b18db3ac3f3a20
entity-draw/c1.vram.bin,5ac121d9d92b0382e2b855ae7944f8271f1ff5c9,98304,tools/mgba_frame_probe.lua,probe <name> [ADDR=VALUE ...],"race.ss, g0.ss (docs/engine/renderer.md, entity-draw)",e5298b2482a769aa6458955cd6b18db3ac3f3a20
entity-draw/c1.wram.bin,82b1770e7e6ed441b3c7590fe7ed2b72a3208cf9,262144,tools/mgba_frame_probe.lua,probe <name> [ADDR=VALUE ...],"race.ss, g0.ss (docs/engine/renderer.md, entity-draw)",e5298b2482a769aa6458955cd6b18db3ac3f3a20
entity-draw/c2.iwram.bin,182b8c11eaa47152dc594caf5a62007a2bc27597,32768,tools/mgba_frame_probe.lua,probe <name> [ADDR=VALUE ...],"race.ss, g0.ss (docs/engine/renderer.md, entity-draw)",e5298b2482a769aa6458955cd6b18db3ac3f3a20
entity-draw/c2.png,139b16d78fb62a660b00c51ed14e03f842198361,37255,tools/mgba_frame_probe.lua,probe <name> [ADDR=VALUE ...],"race.ss, g0.ss (docs/engine/renderer.md, entity-draw)",e5298b2482a769aa6458955cd6b18db3ac3f3a20
entity-draw/c2.vram.bin,865f466676abed3ba01c287548f8f035713f8d51,98304,tools/mgba_frame_probe.lua,probe <name> [ADDR=VALUE ...],"race.ss, g0.ss (docs/engine/renderer.md, entity-draw)",e5298b2482a769aa6458955cd6b18db3ac3f3a20
entity-draw/c2.wram.bin,cc5e6e6e221dbca5725244cf1a643e28b833449c,262144,tools/mgba_frame_probe.lua,probe <name> [ADDR=VALUE ...],"race.ss, g0.ss (docs/engine/renderer.md, entity-draw)",e5298b2482a769aa6458955cd6b18db3ac3f3a20
entity-draw/c3.iwram.bin,7d7c3d1d657da804017619a8b25a1bf33e07f098,32768,tools/mgba_frame_probe.lua,probe <name> [ADDR=VALUE ...],"race.ss, g0.ss (docs/engine/renderer.md, entity-draw)",e5298b2482a769aa6458955cd6b18db3ac3f3a20
entity-draw/c3.png,4f7b8d2cc99d9653615d8e455b8a126bef897d5e,36774,tools/mgba_frame_probe.lua,probe <name> [ADDR=VALUE ...],"race.ss, g0.ss (docs/engine/renderer.md, entity-draw)",e5298b2482a769aa6458955cd6b18db3ac3f3a20
entity-draw/c3.vram.bin,5c7711c18bbf8bcadd9d271fe9a7e42ac76c2513,98304,tools/mgba_frame_probe.lua,probe <name> [ADDR=VALUE ...],"race.ss, g0.ss (docs/engine/renderer.md, entity-draw)",e5298b2482a769aa6458955cd6b18db3ac3f3a20
entity-draw/c3.wram.bin,96b90c5400f7c54025b6610cde0ba9a09ec5885d,262144,tools/mgba_frame_probe.lua,probe <name> [ADDR=VALUE ...],"race.ss, g0.ss (docs/engine/renderer.md, entity-draw)",e5298b2482a769aa6458955cd6b18db3ac3f3a20
entity-draw/c4.iwram.bin,50c13f630c4f1fa049966198cd672050ae47ddbd,32768,tools/mgba_frame_probe.lua,probe <name> [ADDR=VALUE ...],"race.ss, g0.ss (docs/engine/renderer.md, entity-draw)",e5298b2482a769aa6458955cd6b18db3ac3f3a20
entity-draw/c4.png,70e52006e81153374dd98122abff73110acd371d,36817,tools/mgba_frame_probe.lua,probe <name> [ADDR=VALUE ...],"race.ss, g0.ss (docs/engine/renderer.md, entity-draw)",e5298b2482a769aa6458955cd6b18db3ac3f3a20
entity-draw/c4.vram.bin,7edee6ada9804c53822a5dabf55e5ffba5c71d36,98304,tools/mgba_frame_probe.lua,probe <name> [ADDR=VALUE ...],"race.ss, g0.ss (docs/engine/renderer.md, entity-draw)",e5298b2482a769aa6458955cd6b18db3ac3f3a20
entity-draw/c4.wram.bin,83e56c5a806a33d55097430b15a228190e8f250b,262144,tools/mgba_frame_probe.lua,probe <name> [ADDR=VALUE ...],"race.ss, g0.ss (docs/engine/renderer.md, entity-draw)",e5298b2482a769aa6458955cd6b18db3ac3f3a20
entity-draw/c5.iwram.bin,91d0e085d4311d1dc76af149de80effe3d4eee41,32768,tools/mgba_frame_probe.lua,probe <name> [ADDR=VALUE ...],"race.ss, g0.ss (docs/engine/renderer.md, entity-draw)",e5298b2482a769aa6458955cd6b18db3ac3f3a20
entity-draw/c5.png,aa7f67a0bc9d07da635589fa938ae678948fd4d9,36697,tools/mgba_frame_probe.lua,probe <name> [ADDR=VALUE ...],"race.ss, g0.ss (docs/engine/renderer.md, entity-draw)",e5298b2482a769aa6458955cd6b18db3ac3f3a20
entity-draw/c5.vram.bin,79d832d154435331f35455566ad5f12b7606aaeb,98304,tools/mgba_frame_probe.lua,probe <name> [ADDR=VALUE ...],"race.ss, g0.ss (docs/engine/renderer.md, entity-draw)",e5298b2482a769aa6458955cd6b18db3ac3f3a20
entity-draw/c5.wram.bin,45310cf31ea353ae6260fbb015e1c15b9477ffcb,262144,tools/mgba_frame_probe.lua,probe <name> [ADDR=VALUE ...],"race.ss, g0.ss (docs/engine/renderer.md, entity-draw)",e5298b2482a769aa6458955cd6b18db3ac3f3a20
entity-draw/c6.iwram.bin,1b980e5194de2a2fb9c02b76e1c0360d71cd8040,32768,tools/mgba_frame_probe.lua,probe <name> [ADDR=VALUE ...],"race.ss, g0.ss (docs/engine/renderer.md, entity-draw)",e5298b2482a769aa6458955cd6b18db3ac3f3a20
entity-draw/c6.png,302513dc9db84623e6cc1a84454cf76c21f4e37d,36777,tools/mgba_frame_probe.lua,probe <name> [ADDR=VALUE ...],"race.ss, g0.ss (docs/engine/renderer.md, entity-draw)",e5298b2482a769aa6458955cd6b18db3ac3f3a20
entity-draw/c6.vram.bin,27a7838f0f404a24e5cdb17cca3a3f57b87c4f57,98304,tools/mgba_frame_probe.lua,probe <name> [ADDR=VALUE ...],"race.ss, g0.ss (docs/engine/renderer.md, entity-draw)",e5298b2482a769aa6458955cd6b18db3ac3f3a20
entity-draw/c6.wram.bin,862cad8dd5109fc9bf4b1fe3320e86ab4c2c6b5c,262144,tools/mgba_frame_probe.lua,probe <name> [ADDR=VALUE ...],"race.ss, g0.ss (docs/engine/renderer.md, entity-draw)",e5298b2482a769aa6458955cd6b18db3ac3f3a20
entity-draw/c7.iwram.bin,fcb7b587bda60d6f3ad49167e74b50df2d4f66ee,32768,tools/mgba_frame_probe.lua,probe <name> [ADDR=VALUE ...],"race.ss, g0.ss (docs/engine/renderer.md, entity-draw)",e5298b2482a769aa6458955cd6b18db3ac3f3a20
entity-draw/c7.png,5393e11b503ba13d36d6cf0bd2a6e0c9387ab248,36773,tools/mgba_frame_probe.lua,probe <name> [ADDR=VALUE ...],"race.ss, g0.ss (docs/engine/renderer.md, entity-draw)",e5298b2482a769aa6458955cd6b18db3ac3f3a20
entity-draw/c7.vram.bin,3154512e17611bfc8198727303937f960a0e89d2,98304,tools/mgba_frame_probe.lua,probe <name> [ADDR=VALUE ...],"race.ss, g0.ss (docs/engine/renderer.md, entity-draw)",e5298b2482a769aa6458955cd6b18db3ac3f3a20
entity-draw/c7.wram.bin,83cf77e1daab41230b3fe0b42fcc86143b9edc4a,262144,tools/mgba_frame_probe.lua,probe <name> [ADDR=VALUE ...],"race.ss, g0.ss (docs/engine/renderer.md, entity-draw)",e5298b2482a769aa6458955cd6b18db3ac3f3a20
entity-draw/done.txt,7bc1d255e9265aa3b8d710c493f4c8482a55adbd,19,tools/mgba_frame_probe.lua,probe <name> [ADDR=VALUE ...],"race.ss, g0.ss (docs/engine/renderer.md, entity-draw)",e5298b2482a769aa6458955cd6b18db3ac3f3a20
entity-draw/e1.iwram.bin,34fc01f85021241e2f23b056ea4a36eb389b7c03,32768,tools/mgba_frame_probe.lua,probe <name> [ADDR=VALUE ...],"race.ss, g0.ss (docs/engine/renderer.md, entity-draw)",e5298b2482a769aa6458955cd6b18db3ac3f3a20
entity-draw/e1.png,1b7c6dcd491ac68a0e0cf19eb80bf3b1e9e36423,37690,tools/mgba_frame_probe.lua,probe <name> [ADDR=VALUE ...],"race.ss, g0.ss (docs/engine/renderer.md, entity-draw)",e5298b2482a769aa6458955cd6b18db3ac3f3a20
entity-draw/e1.ss,3e12b6a4afff482b74ba6467f555e350e376bb07,120711,tools/mgba_frame_probe.lua,probe <name> [ADDR=VALUE ...],"race.ss, g0.ss (docs/engine/renderer.md, entity-draw)",e5298b2482a769aa6458955cd6b18db3ac3f3a20
entity-draw/e1.vram.bin,000e39c792b340a1f4dd8027fe759ba08b470487,98304,tools/mgba_frame_probe.lua,probe <name> [ADDR=VALUE ...],"race.ss, g0.ss (docs/engine/renderer.md, entity-draw)",e5298b2482a769aa6458955cd6b18db3ac3f3a20
entity-draw/e1.wram.bin,b0b981a99a54bc36bb63a92b2367dbc51c63ea1d,262144,tools/mgba_frame_probe.lua,probe <name> [ADDR=VALUE ...],"race.ss, g0.ss (docs/engine/renderer.md, entity-draw)",e5298b2482a769aa6458955cd6b18db3ac3f3a20
entity-draw/e2.iwram.bin,e3b89a9fb1041323109ad22eeec47b8ea66b04f2,32768,tools/mgba_frame_probe.lua,probe <name> [ADDR=VALUE ...],"race.ss, g0.ss (docs/engine/renderer.md, entity-draw)",e5298b2482a769aa6458955cd6b18db3ac3f3a20
entity-draw/e2.png,599b69f6f281866143fe499c25da3cc6b2c12af2,37561,tools/mgba_frame_probe.lua,probe <name> [ADDR=VALUE ...],"race.ss, g0.ss (docs/engine/renderer.md, entity-draw)",e5298b2482a769aa6458955cd6b18db3ac3f3a20
entity-draw/e2.vram.bin,4cffaf3ac50a338029b80adf0edb485014978ef8,98304,tools/mgba_frame_probe.lua,probe <name> [ADDR=VALUE ...],"race.ss, g0.ss (docs/engine/renderer.md, entity-draw)",e5298b2482a769aa6458955cd6b18db3ac3f3a20
entity-draw/e2.wram.bin,509b00afeaecb142113ee888fa724a8f1716a375,262144,tools/mgba_frame_probe.lua,probe <name> [ADDR=VALUE ...],"race.ss, g0.ss (docs/engine/renderer.md, entity-draw)",e5298b2482a769aa6458955cd6b18db3ac3f3a20
entity-draw/e3.iwram.bin,086c3fea0b54bc3e3b2303649ac7203d2314f9b1,32768,tools/mgba_frame_probe.lua,probe <name> [ADDR=VALUE ...],"race.ss, g0.ss (docs/engine/renderer.md, entity-draw)",e5298b2482a769aa6458955cd6b18db3ac3f3a20
entity-draw/e3.png,bb5a2d5247d148b947a6e85565f07e0931db3466,37504,tools/mgba_frame_probe.lua,probe <name> [ADDR=VALUE ...],"race.ss, g0.ss (docs/engine/renderer.md, entity-draw)",e5298b2482a769aa6458955cd6b18db3ac3f3a20
entity-draw/e3.vram.bin,5695f0043f6c404e9086d41c0b31e938fa436da5,98304,tools/mgba_frame_probe.lua,probe <name> [ADDR=VALUE ...],"race.ss, g0.ss (docs/engine/renderer.md, entity-draw)",e5298b2482a769aa6458955cd6b18db3ac3f3a20
entity-draw/e3.wram.bin,050659f1de80c16e3d8edc429330722d58044171,262144,tools/mgba_frame_probe.lua,probe <name> [ADDR=VALUE ...],"race.ss, g0.ss (docs/engine/renderer.md, entity-draw)",e5298b2482a769aa6458955cd6b18db3ac3f3a20
entity-draw/e4.iwram.bin,a100dac5ede3ae2d1e21fef1388bb5789e88b096,32768,tools/mgba_frame_probe.lua,probe <name> [ADDR=VALUE ...],"race.ss, g0.ss (docs/engine/renderer.md, entity-draw)",e5298b2482a769aa6458955cd6b18db3ac3f3a20
entity-draw/e4.png,e158c202974ae6b54322a4e2dc1fe24d42d8e20a,37429,tools/mgba_frame_probe.lua,probe <name> [ADDR=VALUE ...],"race.ss, g0.ss (docs/engine/renderer.md, entity-draw)",e5298b2482a769aa6458955cd6b18db3ac3f3a20
entity-draw/e4.vram.bin,2ba0bf4cf34c31bcb54b60de1ac30a3917a346bc,98304,tools/mgba_frame_probe.lua,probe <name> [ADDR=VALUE ...],"race.ss, g0.ss (docs/engine/renderer.md, entity-draw)",e5298b2482a769aa6458955cd6b18db3ac3f3a20
entity-draw/e4.wram.bin,76dc09fbb0173d37fd3f32d09028a72b488a73b0,262144,tools/mgba_frame_probe.lua,probe <name> [ADDR=VALUE ...],"race.ss, g0.ss (docs/engine/renderer.md, entity-draw)",e5298b2482a769aa6458955cd6b18db3ac3f3a20
entity-draw/e5.iwram.bin,3688597b2b15eb0d1b30a10bef9164ac22b22dd6,32768,tools/mgba_frame_probe.lua,probe <name> [ADDR=VALUE ...],"race.ss, g0.ss (docs/engine/renderer.md, entity-draw)",e5298b2482a769aa6458955cd6b18db3ac3f3a20
entity-draw/e5.png,7be25b8e08928951222b27ddfd000e9c57110530,36746,tools/mgba_frame_probe.lua,probe <name> [ADDR=VALUE ...],"race.ss, g0.ss (docs/engine/renderer.md, entity-draw)",e5298b2482a769aa6458955cd6b18db3ac3f3a20
entity-draw/e5.vram.bin,5844f40f545481bbf7c59efe2552902dddc7c338,98304,tools/mgba_frame_probe.lua,probe <name> [ADDR=VALUE ...],"race.ss, g0.ss (docs/engine/renderer.md, entity-draw)",e5298b2482a769aa6458955cd6b18db3ac3f3a20
entity-draw/e5.wram.bin,c5862bfc8ae512f38ca334f38fe9a0427bd31890,262144,tools/mgba_frame_probe.lua,probe <name> [ADDR=VALUE ...],"race.ss, g0.ss (docs/engine/renderer.md, entity-draw)",e5298b2482a769aa6458955cd6b18db3ac3f3a20
entity-draw/g0.ss,b67edaa7d1e7568f125be01b4b9c0e9b12848c70,119457,tools/mgba_frame_probe.lua,probe <name> [ADDR=VALUE ...],"race.ss, g0.ss (docs/engine/renderer.md, entity-draw)",e5298b2482a769aa6458955cd6b18db3ac3f3a20
entity-draw/g1.png,1a1cd657b8c4dbee21e120785f5cc86d5adb4cf4,37797,tools/mgba_frame_probe.lua,probe <name> [ADDR=VALUE ...],"race.ss, g0.ss (docs/engine/renderer.md, entity-draw)",e5298b2482a769aa6458955cd6b18db3ac3f3a20
entity-draw/g2.png,4329b7a874974dbe64f3bb1d6c55fe2c609af856,37624,tools/mgba_frame_probe.lua,probe <name> [ADDR=VALUE ...],"race.ss, g0.ss (docs/engine/renderer.md, entity-draw)",e5298b2482a769aa6458955cd6b18db3ac3f3a20
entity-draw/g3.png,469a7a2e89176933810c0ddc7967924c4fc21a59,37645,tools/mgba_frame_probe.lua,probe <name> [ADDR=VALUE ...],"race.ss, g0.ss (docs/engine/renderer.md, entity-draw)",e5298b2482a769aa6458955cd6b18db3ac3f3a20
entity-draw/g4.png,1eb0e016c24ae11962ad613ae4927176347034b4,37233,tools/mgba_frame_probe.lua,probe <name> [ADDR=VALUE ...],"race.ss, g0.ss (docs/engine/renderer.md, entity-draw)",e5298b2482a769aa6458955cd6b18db3ac3f3a20
entity-draw/g5.png,e1876fe91ab4783440eb54842e75b08e0e717829,37287,tools/mgba_frame_probe.lua,probe <name> [ADDR=VALUE ...],"race.ss, g0.ss (docs/engine/renderer.md, entity-draw)",e5298b2482a769aa6458955cd6b18db3ac3f3a20
entity-draw/g6.png,cfe2943c24903887b572edba0fa18d1c9f18a847,37060,tools/mgba_frame_probe.lua,probe <name> [ADDR=VALUE ...],"race.ss, g0.ss (docs/engine/renderer.md, entity-draw)",e5298b2482a769aa6458955cd6b18db3ac3f3a20
entity-draw/log.txt,6ff63526e45ad52c575abbba6951d171e2500bf6,32,tools/mgba_frame_probe.lua,probe <name> [ADDR=VALUE ...],"race.ss, g0.ss (docs/engine/renderer.md, entity-draw)",e5298b2482a769aa6458955cd6b18db3ac3f3a20
entity-draw/m1.png,5afed19203f96f25ae1c37fbb21c308c73af4f59,26323,tools/mgba_frame_probe.lua,probe <name> [ADDR=VALUE ...],"race.ss, g0.ss (docs/engine/renderer.md, entity-draw)",e5298b2482a769aa6458955cd6b18db3ac3f3a20
entity-draw/m2.png,3bd49ab2adc20d119b4de6eff9bf3dcf36f7ed09,13860,tools/mgba_frame_probe.lua,probe <name> [ADDR=VALUE ...],"race.ss, g0.ss (docs/engine/renderer.md, entity-draw)",e5298b2482a769aa6458955cd6b18db3ac3f3a20
entity-draw/m3.png,e67c56dcdd1dbc9a108905446f8a66eea1854120,9539,tools/mgba_frame_probe.lua,probe <name> [ADDR=VALUE ...],"race.ss, g0.ss (docs/engine/renderer.md, entity-draw)",e5298b2482a769aa6458955cd6b18db3ac3f3a20
entity-draw/m4.png,22fdacd6a305c780a4950bcdc16d801c7e07b750,37358,tools/mgba_frame_probe.lua,probe <name> [ADDR=VALUE ...],"race.ss, g0.ss (docs/engine/renderer.md, entity-draw)",e5298b2482a769aa6458955cd6b18db3ac3f3a20
entity-draw/mainmenu.ss,2fdd4f31233652d1ab805b9969e0bd7d0b1d98fa,94163,tools/mgba_frame_probe.lua,probe <name> [ADDR=VALUE ...],"race.ss, g0.ss (docs/engine/renderer.md, entity-draw)",e5298b2482a769aa6458955cd6b18db3ac3f3a20
entity-draw/p1.final.bin,4341cc7c9fe61822e15160a6330d59d761f219c9,38400,tools/mgba_frame_probe.lua,probe <name> [ADDR=VALUE ...],"race.ss, g0.ss (docs/engine/renderer.md, entity-draw)",e5298b2482a769aa6458955cd6b18db3ac3f3a20
entity-draw/p1.iwram.bin,7d5d1b5860070d22c003136669a1d451fff50498,32768,tools/mgba_frame_probe.lua,probe <name> [ADDR=VALUE ...],"race.ss, g0.ss (docs/engine/renderer.md, entity-draw)",e5298b2482a769aa6458955cd6b18db3ac3f3a20
entity-draw/p1.vram.bin,92506d9bda53146d408f7acce5cf26e3073207a5,98304,tools/mgba_frame_probe.lua,probe <name> [ADDR=VALUE ...],"race.ss, g0.ss (docs/engine/renderer.md, entity-draw)",e5298b2482a769aa6458955cd6b18db3ac3f3a20
entity-draw/p1.wram.bin,46dc0cc6d1bc8c64f5b237406cbaea9ebc42b97b,262144,tools/mgba_frame_probe.lua,probe <name> [ADDR=VALUE ...],"race.ss, g0.ss (docs/engine/renderer.md, entity-draw)",e5298b2482a769aa6458955cd6b18db3ac3f3a20
entity-draw/p2.final.bin,1b6da465318c01970a9c455a340f279128f344c0,38400,tools/mgba_frame_probe.lua,probe <name> [ADDR=VALUE ...],"race.ss, g0.ss (docs/engine/renderer.md, entity-draw)",e5298b2482a769aa6458955cd6b18db3ac3f3a20
entity-draw/p2.iwram.bin,d221e727d6e7693c61ddd57a2e208d3855402036,32768,tools/mgba_frame_probe.lua,probe <name> [ADDR=VALUE ...],"race.ss, g0.ss (docs/engine/renderer.md, entity-draw)",e5298b2482a769aa6458955cd6b18db3ac3f3a20
entity-draw/p2.vram.bin,beb72e94257f5fdee380993b75b09e372ff12bde,98304,tools/mgba_frame_probe.lua,probe <name> [ADDR=VALUE ...],"race.ss, g0.ss (docs/engine/renderer.md, entity-draw)",e5298b2482a769aa6458955cd6b18db3ac3f3a20
entity-draw/p2.wram.bin,05cfa81c3137a2f9339601cfb297af75bdb0af83,262144,tools/mgba_frame_probe.lua,probe <name> [ADDR=VALUE ...],"race.ss, g0.ss (docs/engine/renderer.md, entity-draw)",e5298b2482a769aa6458955cd6b18db3ac3f3a20
entity-draw/p3.final.bin,a40672d8658e5007a43cf4227115a875478d7345,38400,tools/mgba_frame_probe.lua,probe <name> [ADDR=VALUE ...],"race.ss, g0.ss (docs/engine/renderer.md, entity-draw)",e5298b2482a769aa6458955cd6b18db3ac3f3a20
entity-draw/p3.iwram.bin,43482519a7a28c35a3b6414c59b098124344da09,32768,tools/mgba_frame_probe.lua,probe <name> [ADDR=VALUE ...],"race.ss, g0.ss (docs/engine/renderer.md, entity-draw)",e5298b2482a769aa6458955cd6b18db3ac3f3a20
entity-draw/p3.vram.bin,ae6c10f8cf698ffa9531cdd584477295af1bdfeb,98304,tools/mgba_frame_probe.lua,probe <name> [ADDR=VALUE ...],"race.ss, g0.ss (docs/engine/renderer.md, entity-draw)",e5298b2482a769aa6458955cd6b18db3ac3f3a20
entity-draw/p3.wram.bin,2cabdb1c70f726fce69283b7ebc579c0fa6c1663,262144,tools/mgba_frame_probe.lua,probe <name> [ADDR=VALUE ...],"race.ss, g0.ss (docs/engine/renderer.md, entity-draw)",e5298b2482a769aa6458955cd6b18db3ac3f3a20
entity-draw/p4.final.bin,a40672d8658e5007a43cf4227115a875478d7345,38400,tools/mgba_frame_probe.lua,probe <name> [ADDR=VALUE ...],"race.ss, g0.ss (docs/engine/renderer.md, entity-draw)",e5298b2482a769aa6458955cd6b18db3ac3f3a20
entity-draw/p4.iwram.bin,43482519a7a28c35a3b6414c59b098124344da09,32768,tools/mgba_frame_probe.lua,probe <name> [ADDR=VALUE ...],"race.ss, g0.ss (docs/engine/renderer.md, entity-draw)",e5298b2482a769aa6458955cd6b18db3ac3f3a20
entity-draw/p4.vram.bin,ae6c10f8cf698ffa9531cdd584477295af1bdfeb,98304,tools/mgba_frame_probe.lua,probe <name> [ADDR=VALUE ...],"race.ss, g0.ss (docs/engine/renderer.md, entity-draw)",e5298b2482a769aa6458955cd6b18db3ac3f3a20
entity-draw/p4.wram.bin,5233cf54e1084fe1ccb73676fda289320d48edae,262144,tools/mgba_frame_probe.lua,probe <name> [ADDR=VALUE ...],"race.ss, g0.ss (docs/engine/renderer.md, entity-draw)",e5298b2482a769aa6458955cd6b18db3ac3f3a20
entity-draw/p5.final.bin,2311bd34a3cc5c35c9a926d1b05afe9525fb06db,38400,tools/mgba_frame_probe.lua,probe <name> [ADDR=VALUE ...],"race.ss, g0.ss (docs/engine/renderer.md, entity-draw)",e5298b2482a769aa6458955cd6b18db3ac3f3a20
entity-draw/p5.iwram.bin,4e83719a81652ee58a95ceea93fb85c57ffca557,32768,tools/mgba_frame_probe.lua,probe <name> [ADDR=VALUE ...],"race.ss, g0.ss (docs/engine/renderer.md, entity-draw)",e5298b2482a769aa6458955cd6b18db3ac3f3a20
entity-draw/p5.vram.bin,0160a4541520cc30be06aabd2a2dc749e36f80d3,98304,tools/mgba_frame_probe.lua,probe <name> [ADDR=VALUE ...],"race.ss, g0.ss (docs/engine/renderer.md, entity-draw)",e5298b2482a769aa6458955cd6b18db3ac3f3a20
entity-draw/p5.wram.bin,6b8676b41ae7beaf319fd0ec43c7aca04b0db485,262144,tools/mgba_frame_probe.lua,probe <name> [ADDR=VALUE ...],"race.ss, g0.ss (docs/engine/renderer.md, entity-draw)",e5298b2482a769aa6458955cd6b18db3ac3f3a20
entity-draw/p6.final.bin,6446f8e8d5398c8519d6798cd5721a2e14539814,38400,tools/mgba_frame_probe.lua,probe <name> [ADDR=VALUE ...],"race.ss, g0.ss (docs/engine/renderer.md, entity-draw)",e5298b2482a769aa6458955cd6b18db3ac3f3a20
entity-draw/p6.iwram.bin,2836efaf0999a0c2a9e41a43e608672687848fd3,32768,tools/mgba_frame_probe.lua,probe <name> [ADDR=VALUE ...],"race.ss, g0.ss (docs/engine/renderer.md, entity-draw)",e5298b2482a769aa6458955cd6b18db3ac3f3a20
entity-draw/p6.vram.bin,193cbe88a28fb5292c084638d275d20e70516485,98304,tools/mgba_frame_probe.lua,probe <name> [ADDR=VALUE ...],"race.ss, g0.ss (docs/engine/renderer.md, entity-draw)",e5298b2482a769aa6458955cd6b18db3ac3f3a20
entity-draw/p6.wram.bin,ed9cc98d03809460f8d80813857a404671abe7bc,262144,tools/mgba_frame_probe.lua,probe <name> [ADDR=VALUE ...],"race.ss, g0.ss (docs/engine/renderer.md, entity-draw)",e5298b2482a769aa6458955cd6b18db3ac3f3a20
entity-draw/p7.final.bin,320013b4b8d83556c07eb9c469694b52879b134e,38400,tools/mgba_frame_probe.lua,probe <name> [ADDR=VALUE ...],"race.ss, g0.ss (docs/engine/renderer.md, entity-draw)",e5298b2482a769aa6458955cd6b18db3ac3f3a20
entity-draw/p7.iwram.bin,27c2002040db7cfed08215e706bdabb12f0431bb,32768,tools/mgba_frame_probe.lua,probe <name> [ADDR=VALUE ...],"race.ss, g0.ss (docs/engine/renderer.md, entity-draw)",e5298b2482a769aa6458955cd6b18db3ac3f3a20
entity-draw/p7.vram.bin,05433fb379abee8bacd20a9582da2dc955cf1be7,98304,tools/mgba_frame_probe.lua,probe <name> [ADDR=VALUE ...],"race.ss, g0.ss (docs/engine/renderer.md, entity-draw)",e5298b2482a769aa6458955cd6b18db3ac3f3a20
entity-draw/p7.wram.bin,88a49b8e836482a023b4253eec0a57689dab843b,262144,tools/mgba_frame_probe.lua,probe <name> [ADDR=VALUE ...],"race.ss, g0.ss (docs/engine/renderer.md, entity-draw)",e5298b2482a769aa6458955cd6b18db3ac3f3a20
entity-draw/pid.txt,144bea2b7ea3eabc4da422d0471453adc7103c91,7,tools/mgba_frame_probe.lua,probe <name> [ADDR=VALUE ...],"race.ss, g0.ss (docs/engine/renderer.md, entity-draw)",e5298b2482a769aa6458955cd6b18db3ac3f3a20
entity-draw/probe_log.txt,cd03d8b65a179388f8e7f459679a47aa2cb9fe2f,873,tools/mgba_frame_probe.lua,probe <name> [ADDR=VALUE ...],"race.ss, g0.ss (docs/engine/renderer.md, entity-draw)",e5298b2482a769aa6458955cd6b18db3ac3f3a20
entity-draw/r0.iwram.bin,d0a46120b97be1a97bb13ffb543f7b3cf2351680,32768,tools/mgba_frame_probe.lua,probe <name> [ADDR=VALUE ...],"race.ss, g0.ss (docs/engine/renderer.md, entity-draw)",e5298b2482a769aa6458955cd6b18db3ac3f3a20
entity-draw/r0.png,e9e7496c92467821933d848548b5d279a723681b,34066,tools/mgba_frame_probe.lua,probe <name> [ADDR=VALUE ...],"race.ss, g0.ss (docs/engine/renderer.md, entity-draw)",e5298b2482a769aa6458955cd6b18db3ac3f3a20
entity-draw/r0.vram.bin,cc6fd87290df8374af4d0a4b87ffddfe2ad1dd11,98304,tools/mgba_frame_probe.lua,probe <name> [ADDR=VALUE ...],"race.ss, g0.ss (docs/engine/renderer.md, entity-draw)",e5298b2482a769aa6458955cd6b18db3ac3f3a20
entity-draw/r0.wram.bin,1e302171f5da81b41324a4a14ae57b64f1ecf845,262144,tools/mgba_frame_probe.lua,probe <name> [ADDR=VALUE ...],"race.ss, g0.ss (docs/engine/renderer.md, entity-draw)",e5298b2482a769aa6458955cd6b18db3ac3f3a20
entity-draw/race.ss,aaf8f76e047c5945e66f6bc980db81408e552757,118124,tools/mgba_frame_probe.lua,probe <name> [ADDR=VALUE ...],"race.ss, g0.ss (docs/engine/renderer.md, entity-draw)",e5298b2482a769aa6458955cd6b18db3ac3f3a20
game-loop/BN7E_v0_e5298b24.sav,9d0ac37bb3ec8c95990fd37a962a17a95ce97aa0,512,tools/game_trace.py + tools/mgba_game_trace.lua,game_trace.py <name>,race.ss (docs/engine/game-loop.md),e5298b2482a769aa6458955cd6b18db3ac3f3a20
game-loop/done.txt,a4520264e9c70054c41b2087d6cdfdf82c96c264,19,tools/game_trace.py + tools/mgba_game_trace.lua,game_trace.py <name>,race.ss (docs/engine/game-loop.md),e5298b2482a769aa6458955cd6b18db3ac3f3a20
game-loop/drive.base.bin,8d323bfca87312c1fb319d252687ea8719945d7f,395264,tools/game_trace.py + tools/mgba_game_trace.lua,game_trace.py <name>,race.ss (docs/engine/game-loop.md),e5298b2482a769aa6458955cd6b18db3ac3f3a20
game-loop/drive.csv,287289aef06bdd33ad7672607613774fa4c6ffe0,199604,tools/game_trace.py + tools/mgba_game_trace.lua,game_trace.py <name>,race.ss (docs/engine/game-loop.md),e5298b2482a769aa6458955cd6b18db3ac3f3a20
game-loop/drive.delta,dca04e28dc1d1cb15f92cc8e03edbef07d29827d,5539973,tools/game_trace.py + tools/mgba_game_trace.lua,game_trace.py <name>,race.ss (docs/engine/game-loop.md),e5298b2482a769aa6458955cd6b18db3ac3f3a20
game-loop/gtrace_log.txt,0bcbdaad9eb451cdd0c2e0bd936c964ebc66ae1d,192,tools/game_trace.py + tools/mgba_game_trace.lua,game_trace.py <name>,race.ss (docs/engine/game-loop.md),e5298b2482a769aa6458955cd6b18db3ac3f3a20
game-loop/log.txt,000bbc93f57ef5a99a2215eeca790aaed78b1259,48,tools/game_trace.py + tools/mgba_game_trace.lua,game_trace.py <name>,race.ss (docs/engine/game-loop.md),e5298b2482a769aa6458955cd6b18db3ac3f3a20
game-loop/pid.txt,ccd99cd3d4ea2eb08bc438ef652c61a8ad2a67de,7,tools/game_trace.py + tools/mgba_game_trace.lua,game_trace.py <name>,race.ss (docs/engine/game-loop.md),e5298b2482a769aa6458955cd6b18db3ac3f3a20
game-loop/race.ss,aaf8f76e047c5945e66f6bc980db81408e552757,118124,tools/game_trace.py + tools/mgba_game_trace.lua,game_trace.py <name>,race.ss (docs/engine/game-loop.md),e5298b2482a769aa6458955cd6b18db3ac3f3a20
game-loop/s18.iwram.bin,69fb0be76eee199a07b05fab9f059ce7aa54d6b5,32768,tools/game_trace.py + tools/mgba_game_trace.lua,game_trace.py <name>,race.ss (docs/engine/game-loop.md),e5298b2482a769aa6458955cd6b18db3ac3f3a20
game-loop/s18.oam.bin,d790bf4bc5a47aa02c765055ab7a83c43469984f,1024,tools/game_trace.py + tools/mgba_game_trace.lua,game_trace.py <name>,race.ss (docs/engine/game-loop.md),e5298b2482a769aa6458955cd6b18db3ac3f3a20
game-loop/s18.palette.bin,b736e2a3404a925bf3f8e60fd10c5e8d2686944b,1024,tools/game_trace.py + tools/mgba_game_trace.lua,game_trace.py <name>,race.ss (docs/engine/game-loop.md),e5298b2482a769aa6458955cd6b18db3ac3f3a20
game-loop/s18.vram.bin,4db3dfb6fa64d3a51131cc35bd36a6aed7889281,98304,tools/game_trace.py + tools/mgba_game_trace.lua,game_trace.py <name>,race.ss (docs/engine/game-loop.md),e5298b2482a769aa6458955cd6b18db3ac3f3a20
game-loop/s18.wram.bin,66e9d1106997a8ee8b8eb1018315d10109f2429d,262144,tools/game_trace.py + tools/mgba_game_trace.lua,game_trace.py <name>,race.ss (docs/engine/game-loop.md),e5298b2482a769aa6458955cd6b18db3ac3f3a20
game-loop/s20.iwram.bin,f6c005bf5c4fd2c9f5a1ac26e950d913b248a875,32768,tools/game_trace.py + tools/mgba_game_trace.lua,game_trace.py <name>,race.ss (docs/engine/game-loop.md),e5298b2482a769aa6458955cd6b18db3ac3f3a20
game-loop/s20.oam.bin,53cc0b601a747330045203ef442d797e7b059a5a,1024,tools/game_trace.py + tools/mgba_game_trace.lua,game_trace.py <name>,race.ss (docs/engine/game-loop.md),e5298b2482a769aa6458955cd6b18db3ac3f3a20
game-loop/s20.palette.bin,b736e2a3404a925bf3f8e60fd10c5e8d2686944b,1024,tools/game_trace.py + tools/mgba_game_trace.lua,game_trace.py <name>,race.ss (docs/engine/game-loop.md),e5298b2482a769aa6458955cd6b18db3ac3f3a20
game-loop/s20.vram.bin,1840c94f0543d8e50adb55790586a219eb14c14a,98304,tools/game_trace.py + tools/mgba_game_trace.lua,game_trace.py <name>,race.ss (docs/engine/game-loop.md),e5298b2482a769aa6458955cd6b18db3ac3f3a20
game-loop/s20.wram.bin,b2726b78b07e386fccb947ac80dc1344e2654962,262144,tools/game_trace.py + tools/mgba_game_trace.lua,game_trace.py <name>,race.ss (docs/engine/game-loop.md),e5298b2482a769aa6458955cd6b18db3ac3f3a20
game-loop/s26.iwram.bin,f1f3d1e9b469ef2156419bd4469e233fb9f9995a,32768,tools/game_trace.py + tools/mgba_game_trace.lua,game_trace.py <name>,race.ss (docs/engine/game-loop.md),e5298b2482a769aa6458955cd6b18db3ac3f3a20
game-loop/s26.oam.bin,100841cc0b8cb5d5f7afb754159d4427c01c01b8,1024,tools/game_trace.py + tools/mgba_game_trace.lua,game_trace.py <name>,race.ss (docs/engine/game-loop.md),e5298b2482a769aa6458955cd6b18db3ac3f3a20
game-loop/s26.palette.bin,e8cfbfcbcbd3e7c5a703ab776edd8f4993023862,1024,tools/game_trace.py + tools/mgba_game_trace.lua,game_trace.py <name>,race.ss (docs/engine/game-loop.md),e5298b2482a769aa6458955cd6b18db3ac3f3a20
game-loop/s26.vram.bin,1db150261c4b9121dae2d7d552c45c6970a2d595,98304,tools/game_trace.py + tools/mgba_game_trace.lua,game_trace.py <name>,race.ss (docs/engine/game-loop.md),e5298b2482a769aa6458955cd6b18db3ac3f3a20
game-loop/s26.wram.bin,c120f2c33a326d14aa6351b387710d852b41c7b4,262144,tools/game_trace.py + tools/mgba_game_trace.lua,game_trace.py <name>,race.ss (docs/engine/game-loop.md),e5298b2482a769aa6458955cd6b18db3ac3f3a20
harness/oracle/divsi3.jsonl,c7ebd0f062d028bde011f1c20a6db2a62fd5f65a,874790,tools/oracle/prove.py (function oracle),prove.py,mgba/race dumps,e5298b2482a769aa6458955cd6b18db3ac3f3a20
harness/oracle/sector_light.jsonl,1abf4027241bc8963ef509394a4fe6ebb628579a,2171999,tools/oracle/prove.py (function oracle),prove.py,mgba/race dumps,e5298b2482a769aa6458955cd6b18db3ac3f3a20
harness/oracle/sin_q14.jsonl,637ed6545ce7e10e61682019ae75b9bc734d6e10,2289194,tools/oracle/prove.py (function oracle),prove.py,mgba/race dumps,e5298b2482a769aa6458955cd6b18db3ac3f3a20
hud-logic/circuit.trace,9fff28937b0f0436527e200288a1bd145f26b3ff,35671200,tools/ui_hud_trace.py + tools/ui_hud_trace.lua,ui_hud_trace.py <name>,"Quick Play races per mode (docs/formats/ui.md, HUD logic)",e5298b2482a769aa6458955cd6b18db3ac3f3a20
hud-logic/edges-y.trace,4d6cf8192c6cd3fc9c02d6546b918cc959f526f6,22050304,tools/ui_hud_trace.py + tools/ui_hud_trace.lua,ui_hud_trace.py <name>,"Quick Play races per mode (docs/formats/ui.md, HUD logic)",e5298b2482a769aa6458955cd6b18db3ac3f3a20
hud-logic/edges.trace,7c95b93a506d7e384802fc06ef0310aa1ebf3a83,44114704,tools/ui_hud_trace.py + tools/ui_hud_trace.lua,ui_hud_trace.py <name>,"Quick Play races per mode (docs/formats/ui.md, HUD logic)",e5298b2482a769aa6458955cd6b18db3ac3f3a20
hud-logic/elimination.trace,2943bd1f5244d88ba78a4abe674768ebfd922974,53506800,tools/ui_hud_trace.py + tools/ui_hud_trace.lua,ui_hud_trace.py <name>,"Quick Play races per mode (docs/formats/ui.md, HUD logic)",e5298b2482a769aa6458955cd6b18db3ac3f3a20
hud-logic/hunter-wingman.trace,74d0259858b4296c48e45278e64a4ff1cfdbf6b2,44114704,tools/ui_hud_trace.py + tools/ui_hud_trace.lua,ui_hud_trace.py <name>,"Quick Play races per mode (docs/formats/ui.md, HUD logic)",e5298b2482a769aa6458955cd6b18db3ac3f3a20
hud-logic/hunter.trace,e32505ef9f98ab36bdda526c950e307399af29bd,53506800,tools/ui_hud_trace.py + tools/ui_hud_trace.lua,ui_hud_trace.py <name>,"Quick Play races per mode (docs/formats/ui.md, HUD logic)",e5298b2482a769aa6458955cd6b18db3ac3f3a20
hud-logic/inputs.trace,63a628ff07534db0c11b96302760295a0711f23b,53506800,tools/ui_hud_trace.py + tools/ui_hud_trace.lua,ui_hud_trace.py <name>,"Quick Play races per mode (docs/formats/ui.md, HUD logic)",e5298b2482a769aa6458955cd6b18db3ac3f3a20
hud-logic/pause.trace,20ab7771c107d172ac34fd102c59b9c12e57bb68,22092592,tools/ui_hud_trace.py + tools/ui_hud_trace.lua,ui_hud_trace.py <name>,"Quick Play races per mode (docs/formats/ui.md, HUD logic)",e5298b2482a769aa6458955cd6b18db3ac3f3a20
hud-logic/racestart.trace,c09ab547cc07c7061222d9245b6197e8a366d842,29419200,tools/ui_hud_trace.py + tools/ui_hud_trace.lua,ui_hud_trace.py <name>,"Quick Play races per mode (docs/formats/ui.md, HUD logic)",e5298b2482a769aa6458955cd6b18db3ac3f3a20
hud-logic/sprint.trace,9201ca63499d5ffac3518aa955352f764aa75539,53506800,tools/ui_hud_trace.py + tools/ui_hud_trace.lua,ui_hud_trace.py <name>,"Quick Play races per mode (docs/formats/ui.md, HUD logic)",e5298b2482a769aa6458955cd6b18db3ac3f3a20
hud-logic/timeout.trace,945ecaf3d5abf9ccf4fb6234d26f54fbe698c274,14415408,tools/ui_hud_trace.py + tools/ui_hud_trace.lua,ui_hud_trace.py <name>,"Quick Play races per mode (docs/formats/ui.md, HUD logic)",e5298b2482a769aa6458955cd6b18db3ac3f3a20
live-race/BN7E_v0_e5298b24.sav,9d0ac37bb3ec8c95990fd37a962a17a95ce97aa0,512,tools/game_trace.py + tools/mgba_game_trace.lua,game_trace.py <name>,"race starts and race.ss (docs/engine/game-loop.md, live-race)",e5298b2482a769aa6458955cd6b18db3ac3f3a20
live-race/circuitinfo.ss,a7e01a3ca3e994071eb72b86b3764638aeb01071,58800,tools/game_trace.py + tools/mgba_game_trace.lua,game_trace.py <name>,"race starts and race.ss (docs/engine/game-loop.md, live-race)",e5298b2482a769aa6458955cd6b18db3ac3f3a20
live-race/done.txt,e68e9e2c5ab43556f48643dbb76bb4036d1b5505,19,tools/game_trace.py + tools/mgba_game_trace.lua,game_trace.py <name>,"race starts and race.ss (docs/engine/game-loop.md, live-race)",e5298b2482a769aa6458955cd6b18db3ac3f3a20
live-race/gtrace_log.txt,25ee43e7098eb2480469b65358a3baff28dc7011,325,tools/game_trace.py + tools/mgba_game_trace.lua,game_trace.py <name>,"race starts and race.ss (docs/engine/game-loop.md, live-race)",e5298b2482a769aa6458955cd6b18db3ac3f3a20
live-race/live.base.bin,ab979091fe3c3b1b450337d4d3097ec9ad43937a,395264,tools/game_trace.py + tools/mgba_game_trace.lua,game_trace.py <name>,"race starts and race.ss (docs/engine/game-loop.md, live-race)",e5298b2482a769aa6458955cd6b18db3ac3f3a20
live-race/live.csv,e9103593f5175b727cd5f346b51db8c99fd310ba,947838,tools/game_trace.py + tools/mgba_game_trace.lua,game_trace.py <name>,"race starts and race.ss (docs/engine/game-loop.md, live-race)",e5298b2482a769aa6458955cd6b18db3ac3f3a20
live-race/live.delta,343474d17b54df5801e00dc7310ccba0551610fa,28088474,tools/game_trace.py + tools/mgba_game_trace.lua,game_trace.py <name>,"race starts and race.ss (docs/engine/game-loop.md, live-race)",e5298b2482a769aa6458955cd6b18db3ac3f3a20
live-race/log.txt,000bbc93f57ef5a99a2215eeca790aaed78b1259,48,tools/game_trace.py + tools/mgba_game_trace.lua,game_trace.py <name>,"race starts and race.ss (docs/engine/game-loop.md, live-race)",e5298b2482a769aa6458955cd6b18db3ac3f3a20
live-race/nitro.base.bin,f4085ef88a406d6b58870473ccaeed4aaa94e932,395264,tools/game_trace.py + tools/mgba_game_trace.lua,game_trace.py <name>,"race starts and race.ss (docs/engine/game-loop.md, live-race)",e5298b2482a769aa6458955cd6b18db3ac3f3a20
live-race/nitro.csv,3836849682dc20ad07ae4840c465958a4aeb964a,405685,tools/game_trace.py + tools/mgba_game_trace.lua,game_trace.py <name>,"race starts and race.ss (docs/engine/game-loop.md, live-race)",e5298b2482a769aa6458955cd6b18db3ac3f3a20
live-race/nitro.delta,2c3769d9ac058ee0dc02778bae62a4c47c18e441,11010976,tools/game_trace.py + tools/mgba_game_trace.lua,game_trace.py <name>,"race starts and race.ss (docs/engine/game-loop.md, live-race)",e5298b2482a769aa6458955cd6b18db3ac3f3a20
live-race/pid.txt,4fe9bfca6fad9a1de5a6eed4dbd0ccb062497972,7,tools/game_trace.py + tools/mgba_game_trace.lua,game_trace.py <name>,"race starts and race.ss (docs/engine/game-loop.md, live-race)",e5298b2482a769aa6458955cd6b18db3ac3f3a20
live-race/race.ss,aaf8f76e047c5945e66f6bc980db81408e552757,118124,tools/game_trace.py + tools/mgba_game_trace.lua,game_trace.py <name>,"race starts and race.ss (docs/engine/game-loop.md, live-race)",e5298b2482a769aa6458955cd6b18db3ac3f3a20
live-race/sprintinfo.ss,72c662c0b6e33df192027d25c02ef7141de85467,58932,tools/game_trace.py + tools/mgba_game_trace.lua,game_trace.py <name>,"race starts and race.ss (docs/engine/game-loop.md, live-race)",e5298b2482a769aa6458955cd6b18db3ac3f3a20
live-race/trail.base.bin,84499d510f50c4536ca4676ca354ee7f76e837e6,395264,tools/game_trace.py + tools/mgba_game_trace.lua,game_trace.py <name>,"race starts and race.ss (docs/engine/game-loop.md, live-race)",e5298b2482a769aa6458955cd6b18db3ac3f3a20
live-race/trail.csv,f5a17d0a0362846c6fbeb793e38067ee02c0840a,946061,tools/game_trace.py + tools/mgba_game_trace.lua,game_trace.py <name>,"race starts and race.ss (docs/engine/game-loop.md, live-race)",e5298b2482a769aa6458955cd6b18db3ac3f3a20
live-race/trail.delta,215f47885cca8e0513fe0cd1526957f9790c05cb,24722421,tools/game_trace.py + tools/mgba_game_trace.lua,game_trace.py <name>,"race starts and race.ss (docs/engine/game-loop.md, live-race)",e5298b2482a769aa6458955cd6b18db3ac3f3a20
live-race/views.base.bin,1ec88a5c4b628d70ad4f9985dd5da13f8eb8e26c,395264,tools/game_trace.py + tools/mgba_game_trace.lua,game_trace.py <name>,"race starts and race.ss (docs/engine/game-loop.md, live-race)",e5298b2482a769aa6458955cd6b18db3ac3f3a20
live-race/views.csv,c86ebbc8587d2db24587f2e343eebac66e322a0e,811089,tools/game_trace.py + tools/mgba_game_trace.lua,game_trace.py <name>,"race starts and race.ss (docs/engine/game-loop.md, live-race)",e5298b2482a769aa6458955cd6b18db3ac3f3a20
live-race/views.delta,edfb22e0840bfa1e27ab9a00c43c58ef1faa6d32,22149848,tools/game_trace.py + tools/mgba_game_trace.lua,game_trace.py <name>,"race starts and race.ss (docs/engine/game-loop.md, live-race)",e5298b2482a769aa6458955cd6b18db3ac3f3a20
menus2/career.jsonl,88d92e7bd9469a8b33c6a04a8391763ea7b4f63d,3909012,tools/ui_menu_oracle.py (function oracle),ui_menu_oracle.py all,"menu snapshots named in each case (docs/formats/ui.md, Menus, continued)",e5298b2482a769aa6458955cd6b18db3ac3f3a20
menus2/event.jsonl,4d6bec531186e0bf121b9d33bfaa4ff71aca4072,3673585,tools/ui_menu_oracle.py (function oracle),ui_menu_oracle.py all,"menu snapshots named in each case (docs/formats/ui.md, Menus, continued)",e5298b2482a769aa6458955cd6b18db3ac3f3a20
menus2/fades.jsonl,3799fce271916ab2f2f94912f2c5e58fe6e9529d,1901589,tools/ui_menu_oracle.py (function oracle),ui_menu_oracle.py all,"menu snapshots named in each case (docs/formats/ui.md, Menus, continued)",e5298b2482a769aa6458955cd6b18db3ac3f3a20
menus2/intro.jsonl,52c60fe1568e1ca48a1f09a208221572f8923dac,5018300,tools/ui_menu_oracle.py (function oracle),ui_menu_oracle.py all,"menu snapshots named in each case (docs/formats/ui.md, Menus, continued)",e5298b2482a769aa6458955cd6b18db3ac3f3a20
menus2/kind38.jsonl,61f06a4a312550ac1f687788ab14611717070fd5,15475152,tools/ui_menu_oracle.py (function oracle),ui_menu_oracle.py all,"menu snapshots named in each case (docs/formats/ui.md, Menus, continued)",e5298b2482a769aa6458955cd6b18db3ac3f3a20
menus2/kind7.jsonl,75dafd205cdaef9f8d6b5510ef0d856e649d0bf3,2549527,tools/ui_menu_oracle.py (function oracle),ui_menu_oracle.py all,"menu snapshots named in each case (docs/formats/ui.md, Menus, continued)",e5298b2482a769aa6458955cd6b18db3ac3f3a20
menus2/lists.jsonl,eee3740c18b63b435f85f2ceba2d055fff2d6761,5301881,tools/ui_menu_oracle.py (function oracle),ui_menu_oracle.py all,"menu snapshots named in each case (docs/formats/ui.md, Menus, continued)",e5298b2482a769aa6458955cd6b18db3ac3f3a20
menus2/setup.jsonl,c2e7adc4dfe1c83a4dda36b353fad793c537a1d5,4732375,tools/ui_menu_oracle.py (function oracle),ui_menu_oracle.py all,"menu snapshots named in each case (docs/formats/ui.md, Menus, continued)",e5298b2482a769aa6458955cd6b18db3ac3f3a20
menus2/toplevel.jsonl,3207c0a001a07e53fe28ce5f023e6cfee648a585,11486261,tools/ui_menu_oracle.py (function oracle),ui_menu_oracle.py all,"menu snapshots named in each case (docs/formats/ui.md, Menus, continued)",e5298b2482a769aa6458955cd6b18db3ac3f3a20
mgba/BN7E_v0_e5298b24.sav,04a2ffb1d7e0753a9ff3ffa21d6285c27d91c711,512,tools/mgba_ctl.py + tools/mgba_remote.lua,mgba_ctl.py dump/save,race.ss: Quick Play route 23 (docs/TOOLS.md route),e5298b2482a769aa6458955cd6b18db3ac3f3a20
mgba/race.bios.bin,7af2cd740eb86610cc6f1c204d266d0b54499885,16384,tools/mgba_ctl.py + tools/mgba_remote.lua,mgba_ctl.py dump/save,race.ss: Quick Play route 23 (docs/TOOLS.md route),e5298b2482a769aa6458955cd6b18db3ac3f3a20
mgba/race.eeprom.bin,08a9ebf51184b9fe72071ba292dfd2fa4778bccc,512,tools/mgba_ctl.py + tools/mgba_remote.lua,mgba_ctl.py dump/save,race.ss: Quick Play route 23 (docs/TOOLS.md route),e5298b2482a769aa6458955cd6b18db3ac3f3a20
mgba/race.io.bin,9cfafa451ceb58f9e913568bdafd4f46c9d4f65f,1024,tools/mgba_ctl.py + tools/mgba_remote.lua,mgba_ctl.py dump/save,race.ss: Quick Play route 23 (docs/TOOLS.md route),e5298b2482a769aa6458955cd6b18db3ac3f3a20
mgba/race.iwram.bin,5f3ebf7fc2226f6c61a7f2c27ae0cc3b7a18eb49,32768,tools/mgba_ctl.py + tools/mgba_remote.lua,mgba_ctl.py dump/save,race.ss: Quick Play route 23 (docs/TOOLS.md route),e5298b2482a769aa6458955cd6b18db3ac3f3a20
mgba/race.oam.bin,f6bb7d680d3274b2698ceb671c32de6f95f4245c,1024,tools/mgba_ctl.py + tools/mgba_remote.lua,mgba_ctl.py dump/save,race.ss: Quick Play route 23 (docs/TOOLS.md route),e5298b2482a769aa6458955cd6b18db3ac3f3a20
mgba/race.palette.bin,59c9df96cf07ed674b9e4eddd5745c6c5e820969,1024,tools/mgba_ctl.py + tools/mgba_remote.lua,mgba_ctl.py dump/save,race.ss: Quick Play route 23 (docs/TOOLS.md route),e5298b2482a769aa6458955cd6b18db3ac3f3a20
mgba/race.vram.bin,ee562c61b2832148554aa6c788a5860fa96df48b,98304,tools/mgba_ctl.py + tools/mgba_remote.lua,mgba_ctl.py dump/save,race.ss: Quick Play route 23 (docs/TOOLS.md route),e5298b2482a769aa6458955cd6b18db3ac3f3a20
mgba/race.wram.bin,c12b533bf01427d1481e36d585055bfc2ad3a234,262144,tools/mgba_ctl.py + tools/mgba_remote.lua,mgba_ctl.py dump/save,race.ss: Quick Play route 23 (docs/TOOLS.md route),e5298b2482a769aa6458955cd6b18db3ac3f3a20
race-init/BN7E_v0_e5298b24.sav,9d0ac37bb3ec8c95990fd37a962a17a95ce97aa0,512,"tools/race_init_capture.py + tools/race_init_capture.lua, tools/race_init_oracle.py",race_init_capture.py <name>,menu states before each race start (docs/engine/race-init.md),e5298b2482a769aa6458955cd6b18db3ac3f3a20
race-init/career_inputs.txt,4defbab715f52769c8648289a4b8a44ff31e3731,2139,"tools/race_init_capture.py + tools/race_init_capture.lua, tools/race_init_oracle.py",race_init_capture.py <name>,menu states before each race start (docs/engine/race-init.md),e5298b2482a769aa6458955cd6b18db3ac3f3a20
race-init/career_oracle.io.bin,37d173638e2f8d5c9a4174f6ff47164308548de4,1024,"tools/race_init_capture.py + tools/race_init_capture.lua, tools/race_init_oracle.py",race_init_capture.py <name>,menu states before each race start (docs/engine/race-init.md),e5298b2482a769aa6458955cd6b18db3ac3f3a20
race-init/career_oracle.iwram.bin,b529a0705515f7d15eff9735d5579d08ab2611c5,32768,"tools/race_init_capture.py + tools/race_init_capture.lua, tools/race_init_oracle.py",race_init_capture.py <name>,menu states before each race start (docs/engine/race-init.md),e5298b2482a769aa6458955cd6b18db3ac3f3a20
race-init/career_oracle.oam.bin,e6122600fea93e226b88c0286b459a5a6fb38232,1024,"tools/race_init_capture.py + tools/race_init_capture.lua, tools/race_init_oracle.py",race_init_capture.py <name>,menu states before each race start (docs/engine/race-init.md),e5298b2482a769aa6458955cd6b18db3ac3f3a20
race-init/career_oracle.palette.bin,60cacbf3d72e1e7834203da608037b1bf83b40e8,1024,"tools/race_init_capture.py + tools/race_init_capture.lua, tools/race_init_oracle.py",race_init_capture.py <name>,menu states before each race start (docs/engine/race-init.md),e5298b2482a769aa6458955cd6b18db3ac3f3a20
race-init/career_oracle.vram.bin,9c48f68e1ee0535d137d16c79af55551198b7f6e,98304,"tools/race_init_capture.py + tools/race_init_capture.lua, tools/race_init_oracle.py",race_init_capture.py <name>,menu states before each race start (docs/engine/race-init.md),e5298b2482a769aa6458955cd6b18db3ac3f3a20
race-init/career_oracle.wram.bin,71831151c0959ba740839b8107f9a2cd153bca0d,262144,"tools/race_init_capture.py + tools/race_init_capture.lua, tools/race_init_oracle.py",race_init_capture.py <name>,menu states before each race start (docs/engine/race-init.md),e5298b2482a769aa6458955cd6b18db3ac3f3a20
race-init/career_post.bios.bin,7af2cd740eb86610cc6f1c204d266d0b54499885,16384,"tools/race_init_capture.py + tools/race_init_capture.lua, tools/race_init_oracle.py",race_init_capture.py <name>,menu states before each race start (docs/engine/race-init.md),e5298b2482a769aa6458955cd6b18db3ac3f3a20
race-init/career_post.eeprom.bin,08a9ebf51184b9fe72071ba292dfd2fa4778bccc,512,"tools/race_init_capture.py + tools/race_init_capture.lua, tools/race_init_oracle.py",race_init_capture.py <name>,menu states before each race start (docs/engine/race-init.md),e5298b2482a769aa6458955cd6b18db3ac3f3a20
race-init/career_post.io.bin,089991992b17b236913c5eceed1ad49697ca4077,1024,"tools/race_init_capture.py + tools/race_init_capture.lua, tools/race_init_oracle.py",race_init_capture.py <name>,menu states before each race start (docs/engine/race-init.md),e5298b2482a769aa6458955cd6b18db3ac3f3a20
race-init/career_post.iwram.bin,dc47e3b3984ec89247b9fabd20deab1339984b13,32768,"tools/race_init_capture.py + tools/race_init_capture.lua, tools/race_init_oracle.py",race_init_capture.py <name>,menu states before each race start (docs/engine/race-init.md),e5298b2482a769aa6458955cd6b18db3ac3f3a20
race-init/career_post.oam.bin,e6122600fea93e226b88c0286b459a5a6fb38232,1024,"tools/race_init_capture.py + tools/race_init_capture.lua, tools/race_init_oracle.py",race_init_capture.py <name>,menu states before each race start (docs/engine/race-init.md),e5298b2482a769aa6458955cd6b18db3ac3f3a20
race-init/career_post.palette.bin,60cacbf3d72e1e7834203da608037b1bf83b40e8,1024,"tools/race_init_capture.py + tools/race_init_capture.lua, tools/race_init_oracle.py",race_init_capture.py <name>,menu states before each race start (docs/engine/race-init.md),e5298b2482a769aa6458955cd6b18db3ac3f3a20
race-init/career_post.vram.bin,9c48f68e1ee0535d137d16c79af55551198b7f6e,98304,"tools/race_init_capture.py + tools/race_init_capture.lua, tools/race_init_oracle.py",race_init_capture.py <name>,menu states before each race start (docs/engine/race-init.md),e5298b2482a769aa6458955cd6b18db3ac3f3a20
race-init/career_post.wram.bin,acf625e34551e1fc5ab5a87c7bf1b0f5c81ad36d,262144,"tools/race_init_capture.py + tools/race_init_capture.lua, tools/race_init_oracle.py",race_init_capture.py <name>,menu states before each race start (docs/engine/race-init.md),e5298b2482a769aa6458955cd6b18db3ac3f3a20
race-init/career_pre.bios.bin,7af2cd740eb86610cc6f1c204d266d0b54499885,16384,"tools/race_init_capture.py + tools/race_init_capture.lua, tools/race_init_oracle.py",race_init_capture.py <name>,menu states before each race start (docs/engine/race-init.md),e5298b2482a769aa6458955cd6b18db3ac3f3a20
race-init/career_pre.eeprom.bin,08a9ebf51184b9fe72071ba292dfd2fa4778bccc,512,"tools/race_init_capture.py + tools/race_init_capture.lua, tools/race_init_oracle.py",race_init_capture.py <name>,menu states before each race start (docs/engine/race-init.md),e5298b2482a769aa6458955cd6b18db3ac3f3a20
race-init/career_pre.io.bin,f4838c8a4d03a985d69a6c6070fcc14ab6a58a6b,1024,"tools/race_init_capture.py + tools/race_init_capture.lua, tools/race_init_oracle.py",race_init_capture.py <name>,menu states before each race start (docs/engine/race-init.md),e5298b2482a769aa6458955cd6b18db3ac3f3a20
race-init/career_pre.iwram.bin,1378d3305ae67c6dca124581bf25773d6b1fdba7,32768,"tools/race_init_capture.py + tools/race_init_capture.lua, tools/race_init_oracle.py",race_init_capture.py <name>,menu states before each race start (docs/engine/race-init.md),e5298b2482a769aa6458955cd6b18db3ac3f3a20
race-init/career_pre.oam.bin,385b8c375176637f77543d055ba766661f4600b8,1024,"tools/race_init_capture.py + tools/race_init_capture.lua, tools/race_init_oracle.py",race_init_capture.py <name>,menu states before each race start (docs/engine/race-init.md),e5298b2482a769aa6458955cd6b18db3ac3f3a20
race-init/career_pre.palette.bin,60cacbf3d72e1e7834203da608037b1bf83b40e8,1024,"tools/race_init_capture.py + tools/race_init_capture.lua, tools/race_init_oracle.py",race_init_capture.py <name>,menu states before each race start (docs/engine/race-init.md),e5298b2482a769aa6458955cd6b18db3ac3f3a20
race-init/career_pre.vram.bin,e38a04b95926c1e84d430e10ed673b38032bb597,98304,"tools/race_init_capture.py + tools/race_init_capture.lua, tools/race_init_oracle.py",race_init_capture.py <name>,menu states before each race start (docs/engine/race-init.md),e5298b2482a769aa6458955cd6b18db3ac3f3a20
race-init/career_pre.wram.bin,aeffe4965a24de540af32de4df6d2d4ebe40e831,262144,"tools/race_init_capture.py + tools/race_init_capture.lua, tools/race_init_oracle.py",race_init_capture.py <name>,menu states before each race start (docs/engine/race-init.md),e5298b2482a769aa6458955cd6b18db3ac3f3a20
race-init/career_seed.txt,1d383314988e188c925a9b47065e1285e25551e3,3,"tools/race_init_capture.py + tools/race_init_capture.lua, tools/race_init_oracle.py",race_init_capture.py <name>,menu states before each race start (docs/engine/race-init.md),e5298b2482a769aa6458955cd6b18db3ac3f3a20
race-init/circuit_oracle.io.bin,2411a301977ff2e0a4a4dfcf1e9da026d42ab5b9,1024,"tools/race_init_capture.py + tools/race_init_capture.lua, tools/race_init_oracle.py",race_init_capture.py <name>,menu states before each race start (docs/engine/race-init.md),e5298b2482a769aa6458955cd6b18db3ac3f3a20
race-init/circuit_oracle.iwram.bin,cd625d59d8ba6a46b3924165d9ada0569ba7a227,32768,"tools/race_init_capture.py + tools/race_init_capture.lua, tools/race_init_oracle.py",race_init_capture.py <name>,menu states before each race start (docs/engine/race-init.md),e5298b2482a769aa6458955cd6b18db3ac3f3a20
race-init/circuit_oracle.oam.bin,e6122600fea93e226b88c0286b459a5a6fb38232,1024,"tools/race_init_capture.py + tools/race_init_capture.lua, tools/race_init_oracle.py",race_init_capture.py <name>,menu states before each race start (docs/engine/race-init.md),e5298b2482a769aa6458955cd6b18db3ac3f3a20
race-init/circuit_oracle.palette.bin,60cacbf3d72e1e7834203da608037b1bf83b40e8,1024,"tools/race_init_capture.py + tools/race_init_capture.lua, tools/race_init_oracle.py",race_init_capture.py <name>,menu states before each race start (docs/engine/race-init.md),e5298b2482a769aa6458955cd6b18db3ac3f3a20
race-init/circuit_oracle.vram.bin,03f7625f354b565de5abc5d889e500d2ad9830b1,98304,"tools/race_init_capture.py + tools/race_init_capture.lua, tools/race_init_oracle.py",race_init_capture.py <name>,menu states before each race start (docs/engine/race-init.md),e5298b2482a769aa6458955cd6b18db3ac3f3a20
race-init/circuit_oracle.wram.bin,1256c6199be6fdbb859f4f504c736501945ed239,262144,"tools/race_init_capture.py + tools/race_init_capture.lua, tools/race_init_oracle.py",race_init_capture.py <name>,menu states before each race start (docs/engine/race-init.md),e5298b2482a769aa6458955cd6b18db3ac3f3a20
race-init/circuit_post.bios.bin,7af2cd740eb86610cc6f1c204d266d0b54499885,16384,"tools/race_init_capture.py + tools/race_init_capture.lua, tools/race_init_oracle.py",race_init_capture.py <name>,menu states before each race start (docs/engine/race-init.md),e5298b2482a769aa6458955cd6b18db3ac3f3a20
race-init/circuit_post.eeprom.bin,08a9ebf51184b9fe72071ba292dfd2fa4778bccc,512,"tools/race_init_capture.py + tools/race_init_capture.lua, tools/race_init_oracle.py",race_init_capture.py <name>,menu states before each race start (docs/engine/race-init.md),e5298b2482a769aa6458955cd6b18db3ac3f3a20
race-init/circuit_post.io.bin,e82574e8d1b4c0c9dea2b99be68372d97e0e8a69,1024,"tools/race_init_capture.py + tools/race_init_capture.lua, tools/race_init_oracle.py",race_init_capture.py <name>,menu states before each race start (docs/engine/race-init.md),e5298b2482a769aa6458955cd6b18db3ac3f3a20
race-init/circuit_post.iwram.bin,945c41390c28a6124015c3cdd59607912439dddc,32768,"tools/race_init_capture.py + tools/race_init_capture.lua, tools/race_init_oracle.py",race_init_capture.py <name>,menu states before each race start (docs/engine/race-init.md),e5298b2482a769aa6458955cd6b18db3ac3f3a20
race-init/circuit_post.oam.bin,e6122600fea93e226b88c0286b459a5a6fb38232,1024,"tools/race_init_capture.py + tools/race_init_capture.lua, tools/race_init_oracle.py",race_init_capture.py <name>,menu states before each race start (docs/engine/race-init.md),e5298b2482a769aa6458955cd6b18db3ac3f3a20
race-init/circuit_post.palette.bin,60cacbf3d72e1e7834203da608037b1bf83b40e8,1024,"tools/race_init_capture.py + tools/race_init_capture.lua, tools/race_init_oracle.py",race_init_capture.py <name>,menu states before each race start (docs/engine/race-init.md),e5298b2482a769aa6458955cd6b18db3ac3f3a20
race-init/circuit_post.vram.bin,03f7625f354b565de5abc5d889e500d2ad9830b1,98304,"tools/race_init_capture.py + tools/race_init_capture.lua, tools/race_init_oracle.py",race_init_capture.py <name>,menu states before each race start (docs/engine/race-init.md),e5298b2482a769aa6458955cd6b18db3ac3f3a20
race-init/circuit_post.wram.bin,92e022f2439eefe86fcf5812eae6e2ed66e27b38,262144,"tools/race_init_capture.py + tools/race_init_capture.lua, tools/race_init_oracle.py",race_init_capture.py <name>,menu states before each race start (docs/engine/race-init.md),e5298b2482a769aa6458955cd6b18db3ac3f3a20
race-init/circuit_pre.bios.bin,7af2cd740eb86610cc6f1c204d266d0b54499885,16384,"tools/race_init_capture.py + tools/race_init_capture.lua, tools/race_init_oracle.py",race_init_capture.py <name>,menu states before each race start (docs/engine/race-init.md),e5298b2482a769aa6458955cd6b18db3ac3f3a20
race-init/circuit_pre.eeprom.bin,08a9ebf51184b9fe72071ba292dfd2fa4778bccc,512,"tools/race_init_capture.py + tools/race_init_capture.lua, tools/race_init_oracle.py",race_init_capture.py <name>,menu states before each race start (docs/engine/race-init.md),e5298b2482a769aa6458955cd6b18db3ac3f3a20
race-init/circuit_pre.io.bin,121a5e39c493de690a115b46abb7d4479b655915,1024,"tools/race_init_capture.py + tools/race_init_capture.lua, tools/race_init_oracle.py",race_init_capture.py <name>,menu states before each race start (docs/engine/race-init.md),e5298b2482a769aa6458955cd6b18db3ac3f3a20
race-init/circuit_pre.iwram.bin,129ec2735030d8bc53800be3df3e21ce8c481084,32768,"tools/race_init_capture.py + tools/race_init_capture.lua, tools/race_init_oracle.py",race_init_capture.py <name>,menu states before each race start (docs/engine/race-init.md),e5298b2482a769aa6458955cd6b18db3ac3f3a20
race-init/circuit_pre.oam.bin,385b8c375176637f77543d055ba766661f4600b8,1024,"tools/race_init_capture.py + tools/race_init_capture.lua, tools/race_init_oracle.py",race_init_capture.py <name>,menu states before each race start (docs/engine/race-init.md),e5298b2482a769aa6458955cd6b18db3ac3f3a20
race-init/circuit_pre.palette.bin,60cacbf3d72e1e7834203da608037b1bf83b40e8,1024,"tools/race_init_capture.py + tools/race_init_capture.lua, tools/race_init_oracle.py",race_init_capture.py <name>,menu states before each race start (docs/engine/race-init.md),e5298b2482a769aa6458955cd6b18db3ac3f3a20
race-init/circuit_pre.vram.bin,4bb3bc8081e7ff1d23cbe3784b7dba2fb0723a0c,98304,"tools/race_init_capture.py + tools/race_init_capture.lua, tools/race_init_oracle.py",race_init_capture.py <name>,menu states before each race start (docs/engine/race-init.md),e5298b2482a769aa6458955cd6b18db3ac3f3a20
race-init/circuit_pre.wram.bin,7ba0b2f0b3e08feef410b67a4d1474c5d8d3b588,262144,"tools/race_init_capture.py + tools/race_init_capture.lua, tools/race_init_oracle.py",race_init_capture.py <name>,menu states before each race start (docs/engine/race-init.md),e5298b2482a769aa6458955cd6b18db3ac3f3a20
race-init/circuit_seed.txt,1d383314988e188c925a9b47065e1285e25551e3,3,"tools/race_init_capture.py + tools/race_init_capture.lua, tools/race_init_oracle.py",race_init_capture.py <name>,menu states before each race start (docs/engine/race-init.md),e5298b2482a769aa6458955cd6b18db3ac3f3a20
race-init/circuitb_oracle.io.bin,8f711d4d5a9be52b69276d7306bc60df44239bab,1024,"tools/race_init_capture.py + tools/race_init_capture.lua, tools/race_init_oracle.py",race_init_capture.py <name>,menu states before each race start (docs/engine/race-init.md),e5298b2482a769aa6458955cd6b18db3ac3f3a20
race-init/circuitb_oracle.iwram.bin,aeea49d26f4263a4b34c215f99367b9c36c018dc,32768,"tools/race_init_capture.py + tools/race_init_capture.lua, tools/race_init_oracle.py",race_init_capture.py <name>,menu states before each race start (docs/engine/race-init.md),e5298b2482a769aa6458955cd6b18db3ac3f3a20
race-init/circuitb_oracle.oam.bin,e6122600fea93e226b88c0286b459a5a6fb38232,1024,"tools/race_init_capture.py + tools/race_init_capture.lua, tools/race_init_oracle.py",race_init_capture.py <name>,menu states before each race start (docs/engine/race-init.md),e5298b2482a769aa6458955cd6b18db3ac3f3a20
race-init/circuitb_oracle.palette.bin,60cacbf3d72e1e7834203da608037b1bf83b40e8,1024,"tools/race_init_capture.py + tools/race_init_capture.lua, tools/race_init_oracle.py",race_init_capture.py <name>,menu states before each race start (docs/engine/race-init.md),e5298b2482a769aa6458955cd6b18db3ac3f3a20
race-init/circuitb_oracle.vram.bin,03f7625f354b565de5abc5d889e500d2ad9830b1,98304,"tools/race_init_capture.py + tools/race_init_capture.lua, tools/race_init_oracle.py",race_init_capture.py <name>,menu states before each race start (docs/engine/race-init.md),e5298b2482a769aa6458955cd6b18db3ac3f3a20
race-init/circuitb_oracle.wram.bin,50b2f53bbcd8c162d3a56832ab29ff0e0fde946a,262144,"tools/race_init_capture.py + tools/race_init_capture.lua, tools/race_init_oracle.py",race_init_capture.py <name>,menu states before each race start (docs/engine/race-init.md),e5298b2482a769aa6458955cd6b18db3ac3f3a20
race-init/circuitb_post.bios.bin,7af2cd740eb86610cc6f1c204d266d0b54499885,16384,"tools/race_init_capture.py + tools/race_init_capture.lua, tools/race_init_oracle.py",race_init_capture.py <name>,menu states before each race start (docs/engine/race-init.md),e5298b2482a769aa6458955cd6b18db3ac3f3a20
race-init/circuitb_post.eeprom.bin,08a9ebf51184b9fe72071ba292dfd2fa4778bccc,512,"tools/race_init_capture.py + tools/race_init_capture.lua, tools/race_init_oracle.py",race_init_capture.py <name>,menu states before each race start (docs/engine/race-init.md),e5298b2482a769aa6458955cd6b18db3ac3f3a20
race-init/circuitb_post.io.bin,c7d6cc4e041762ea9de72b41765976072dc87b20,1024,"tools/race_init_capture.py + tools/race_init_capture.lua, tools/race_init_oracle.py",race_init_capture.py <name>,menu states before each race start (docs/engine/race-init.md),e5298b2482a769aa6458955cd6b18db3ac3f3a20
race-init/circuitb_post.iwram.bin,1bd68e552a9cfbd75fe9d943d5d2266d9de908d5,32768,"tools/race_init_capture.py + tools/race_init_capture.lua, tools/race_init_oracle.py",race_init_capture.py <name>,menu states before each race start (docs/engine/race-init.md),e5298b2482a769aa6458955cd6b18db3ac3f3a20
race-init/circuitb_post.oam.bin,e6122600fea93e226b88c0286b459a5a6fb38232,1024,"tools/race_init_capture.py + tools/race_init_capture.lua, tools/race_init_oracle.py",race_init_capture.py <name>,menu states before each race start (docs/engine/race-init.md),e5298b2482a769aa6458955cd6b18db3ac3f3a20
race-init/circuitb_post.palette.bin,60cacbf3d72e1e7834203da608037b1bf83b40e8,1024,"tools/race_init_capture.py + tools/race_init_capture.lua, tools/race_init_oracle.py",race_init_capture.py <name>,menu states before each race start (docs/engine/race-init.md),e5298b2482a769aa6458955cd6b18db3ac3f3a20
race-init/circuitb_post.vram.bin,03f7625f354b565de5abc5d889e500d2ad9830b1,98304,"tools/race_init_capture.py + tools/race_init_capture.lua, tools/race_init_oracle.py",race_init_capture.py <name>,menu states before each race start (docs/engine/race-init.md),e5298b2482a769aa6458955cd6b18db3ac3f3a20
race-init/circuitb_post.wram.bin,b31ffe0a5db7acfe63770a301560739205d1d35f,262144,"tools/race_init_capture.py + tools/race_init_capture.lua, tools/race_init_oracle.py",race_init_capture.py <name>,menu states before each race start (docs/engine/race-init.md),e5298b2482a769aa6458955cd6b18db3ac3f3a20
race-init/circuitb_pre.bios.bin,7af2cd740eb86610cc6f1c204d266d0b54499885,16384,"tools/race_init_capture.py + tools/race_init_capture.lua, tools/race_init_oracle.py",race_init_capture.py <name>,menu states before each race start (docs/engine/race-init.md),e5298b2482a769aa6458955cd6b18db3ac3f3a20
race-init/circuitb_pre.eeprom.bin,08a9ebf51184b9fe72071ba292dfd2fa4778bccc,512,"tools/race_init_capture.py + tools/race_init_capture.lua, tools/race_init_oracle.py",race_init_capture.py <name>,menu states before each race start (docs/engine/race-init.md),e5298b2482a769aa6458955cd6b18db3ac3f3a20
race-init/circuitb_pre.io.bin,27dcd1c53edf2c39d0e065371be93d8356646877,1024,"tools/race_init_capture.py + tools/race_init_capture.lua, tools/race_init_oracle.py",race_init_capture.py <name>,menu states before each race start (docs/engine/race-init.md),e5298b2482a769aa6458955cd6b18db3ac3f3a20
race-init/circuitb_pre.iwram.bin,61248b71d873876e82fc769911637d1026230100,32768,"tools/race_init_capture.py + tools/race_init_capture.lua, tools/race_init_oracle.py",race_init_capture.py <name>,menu states before each race start (docs/engine/race-init.md),e5298b2482a769aa6458955cd6b18db3ac3f3a20
race-init/circuitb_pre.oam.bin,385b8c375176637f77543d055ba766661f4600b8,1024,"tools/race_init_capture.py + tools/race_init_capture.lua, tools/race_init_oracle.py",race_init_capture.py <name>,menu states before each race start (docs/engine/race-init.md),e5298b2482a769aa6458955cd6b18db3ac3f3a20
race-init/circuitb_pre.palette.bin,60cacbf3d72e1e7834203da608037b1bf83b40e8,1024,"tools/race_init_capture.py + tools/race_init_capture.lua, tools/race_init_oracle.py",race_init_capture.py <name>,menu states before each race start (docs/engine/race-init.md),e5298b2482a769aa6458955cd6b18db3ac3f3a20
race-init/circuitb_pre.vram.bin,782918bfe20ede7bf5e49244e32fcb0207f3db16,98304,"tools/race_init_capture.py + tools/race_init_capture.lua, tools/race_init_oracle.py",race_init_capture.py <name>,menu states before each race start (docs/engine/race-init.md),e5298b2482a769aa6458955cd6b18db3ac3f3a20
race-init/circuitb_pre.wram.bin,8576281084005202192ac92a37848a51f515a2e5,262144,"tools/race_init_capture.py + tools/race_init_capture.lua, tools/race_init_oracle.py",race_init_capture.py <name>,menu states before each race start (docs/engine/race-init.md),e5298b2482a769aa6458955cd6b18db3ac3f3a20
race-init/circuitb_seed.txt,1d383314988e188c925a9b47065e1285e25551e3,3,"tools/race_init_capture.py + tools/race_init_capture.lua, tools/race_init_oracle.py",race_init_capture.py <name>,menu states before each race start (docs/engine/race-init.md),e5298b2482a769aa6458955cd6b18db3ac3f3a20
race-init/circuitinfo.ss,a7e01a3ca3e994071eb72b86b3764638aeb01071,58800,"tools/race_init_capture.py + tools/race_init_capture.lua, tools/race_init_oracle.py",race_init_capture.py <name>,menu states before each race start (docs/engine/race-init.md),e5298b2482a769aa6458955cd6b18db3ac3f3a20
race-init/done.txt,00f0edae87e8b1f0a0b86ef53a981d97963fa815,19,"tools/race_init_capture.py + tools/race_init_capture.lua, tools/race_init_oracle.py",race_init_capture.py <name>,menu states before each race start (docs/engine/race-init.md),e5298b2482a769aa6458955cd6b18db3ac3f3a20
race-init/easy-info.ss,9f2b818960c5260f9cbedac22d0b1f808ec65f00,69502,"tools/race_init_capture.py + tools/race_init_capture.lua, tools/race_init_oracle.py",race_init_capture.py <name>,menu states before each race start (docs/engine/race-init.md),e5298b2482a769aa6458955cd6b18db3ac3f3a20
race-init/elimination_oracle.io.bin,cc65768ebf53447f11c8992d524e7c595b6df481,1024,"tools/race_init_capture.py + tools/race_init_capture.lua, tools/race_init_oracle.py",race_init_capture.py <name>,menu states before each race start (docs/engine/race-init.md),e5298b2482a769aa6458955cd6b18db3ac3f3a20
race-init/elimination_oracle.iwram.bin,b5af588e068b64853f05abc9232dd6a50647d957,32768,"tools/race_init_capture.py + tools/race_init_capture.lua, tools/race_init_oracle.py",race_init_capture.py <name>,menu states before each race start (docs/engine/race-init.md),e5298b2482a769aa6458955cd6b18db3ac3f3a20
race-init/elimination_oracle.oam.bin,e6122600fea93e226b88c0286b459a5a6fb38232,1024,"tools/race_init_capture.py + tools/race_init_capture.lua, tools/race_init_oracle.py",race_init_capture.py <name>,menu states before each race start (docs/engine/race-init.md),e5298b2482a769aa6458955cd6b18db3ac3f3a20
race-init/elimination_oracle.palette.bin,60cacbf3d72e1e7834203da608037b1bf83b40e8,1024,"tools/race_init_capture.py + tools/race_init_capture.lua, tools/race_init_oracle.py",race_init_capture.py <name>,menu states before each race start (docs/engine/race-init.md),e5298b2482a769aa6458955cd6b18db3ac3f3a20
race-init/elimination_oracle.vram.bin,03f7625f354b565de5abc5d889e500d2ad9830b1,98304,"tools/race_init_capture.py + tools/race_init_capture.lua, tools/race_init_oracle.py",race_init_capture.py <name>,menu states before each race start (docs/engine/race-init.md),e5298b2482a769aa6458955cd6b18db3ac3f3a20
race-init/elimination_oracle.wram.bin,8d7f789294835a0ac03f9368b02344a712a9add1,262144,"tools/race_init_capture.py + tools/race_init_capture.lua, tools/race_init_oracle.py",race_init_capture.py <name>,menu states before each race start (docs/engine/race-init.md),e5298b2482a769aa6458955cd6b18db3ac3f3a20
race-init/elimination_post.bios.bin,7af2cd740eb86610cc6f1c204d266d0b54499885,16384,"tools/race_init_capture.py + tools/race_init_capture.lua, tools/race_init_oracle.py",race_init_capture.py <name>,menu states before each race start (docs/engine/race-init.md),e5298b2482a769aa6458955cd6b18db3ac3f3a20
race-init/elimination_post.eeprom.bin,08a9ebf51184b9fe72071ba292dfd2fa4778bccc,512,"tools/race_init_capture.py + tools/race_init_capture.lua, tools/race_init_oracle.py",race_init_capture.py <name>,menu states before each race start (docs/engine/race-init.md),e5298b2482a769aa6458955cd6b18db3ac3f3a20
race-init/elimination_post.io.bin,0b5c964d550c6a2bdcddee2cdca07bb644384595,1024,"tools/race_init_capture.py + tools/race_init_capture.lua, tools/race_init_oracle.py",race_init_capture.py <name>,menu states before each race start (docs/engine/race-init.md),e5298b2482a769aa6458955cd6b18db3ac3f3a20
race-init/elimination_post.iwram.bin,ed749e1d4d7e839201549ce6972d8176f8759706,32768,"tools/race_init_capture.py + tools/race_init_capture.lua, tools/race_init_oracle.py",race_init_capture.py <name>,menu states before each race start (docs/engine/race-init.md),e5298b2482a769aa6458955cd6b18db3ac3f3a20
race-init/elimination_post.oam.bin,e6122600fea93e226b88c0286b459a5a6fb38232,1024,"tools/race_init_capture.py + tools/race_init_capture.lua, tools/race_init_oracle.py",race_init_capture.py <name>,menu states before each race start (docs/engine/race-init.md),e5298b2482a769aa6458955cd6b18db3ac3f3a20
race-init/elimination_post.palette.bin,60cacbf3d72e1e7834203da608037b1bf83b40e8,1024,"tools/race_init_capture.py + tools/race_init_capture.lua, tools/race_init_oracle.py",race_init_capture.py <name>,menu states before each race start (docs/engine/race-init.md),e5298b2482a769aa6458955cd6b18db3ac3f3a20
race-init/elimination_post.vram.bin,03f7625f354b565de5abc5d889e500d2ad9830b1,98304,"tools/race_init_capture.py + tools/race_init_capture.lua, tools/race_init_oracle.py",race_init_capture.py <name>,menu states before each race start (docs/engine/race-init.md),e5298b2482a769aa6458955cd6b18db3ac3f3a20
race-init/elimination_post.wram.bin,9f4d2a2b0ca03403644ffdab9795c07557449e0b,262144,"tools/race_init_capture.py + tools/race_init_capture.lua, tools/race_init_oracle.py",race_init_capture.py <name>,menu states before each race start (docs/engine/race-init.md),e5298b2482a769aa6458955cd6b18db3ac3f3a20
race-init/elimination_pre.bios.bin,7af2cd740eb86610cc6f1c204d266d0b54499885,16384,"tools/race_init_capture.py + tools/race_init_capture.lua, tools/race_init_oracle.py",race_init_capture.py <name>,menu states before each race start (docs/engine/race-init.md),e5298b2482a769aa6458955cd6b18db3ac3f3a20
race-init/elimination_pre.eeprom.bin,08a9ebf51184b9fe72071ba292dfd2fa4778bccc,512,"tools/race_init_capture.py + tools/race_init_capture.lua, tools/race_init_oracle.py",race_init_capture.py <name>,menu states before each race start (docs/engine/race-init.md),e5298b2482a769aa6458955cd6b18db3ac3f3a20
race-init/elimination_pre.io.bin,6bdb7d544a418b552bddcaded8dc199b6440613c,1024,"tools/race_init_capture.py + tools/race_init_capture.lua, tools/race_init_oracle.py",race_init_capture.py <name>,menu states before each race start (docs/engine/race-init.md),e5298b2482a769aa6458955cd6b18db3ac3f3a20
race-init/elimination_pre.iwram.bin,b2e8a302df0cb54cadf53975b2adf2ebf38d45a2,32768,"tools/race_init_capture.py + tools/race_init_capture.lua, tools/race_init_oracle.py",race_init_capture.py <name>,menu states before each race start (docs/engine/race-init.md),e5298b2482a769aa6458955cd6b18db3ac3f3a20
race-init/elimination_pre.oam.bin,385b8c375176637f77543d055ba766661f4600b8,1024,"tools/race_init_capture.py + tools/race_init_capture.lua, tools/race_init_oracle.py",race_init_capture.py <name>,menu states before each race start (docs/engine/race-init.md),e5298b2482a769aa6458955cd6b18db3ac3f3a20
race-init/elimination_pre.palette.bin,60cacbf3d72e1e7834203da608037b1bf83b40e8,1024,"tools/race_init_capture.py + tools/race_init_capture.lua, tools/race_init_oracle.py",race_init_capture.py <name>,menu states before each race start (docs/engine/race-init.md),e5298b2482a769aa6458955cd6b18db3ac3f3a20
race-init/elimination_pre.vram.bin,8d5205681afe5fa3ed8984bcf43ab95331354012,98304,"tools/race_init_capture.py + tools/race_init_capture.lua, tools/race_init_oracle.py",race_init_capture.py <name>,menu states before each race start (docs/engine/race-init.md),e5298b2482a769aa6458955cd6b18db3ac3f3a20
race-init/elimination_pre.wram.bin,8c1c7125e18d47a42344682d1be52c0f32b763b6,262144,"tools/race_init_capture.py + tools/race_init_capture.lua, tools/race_init_oracle.py",race_init_capture.py <name>,menu states before each race start (docs/engine/race-init.md),e5298b2482a769aa6458955cd6b18db3ac3f3a20
race-init/elimination_seed.txt,1d383314988e188c925a9b47065e1285e25551e3,3,"tools/race_init_capture.py + tools/race_init_capture.lua, tools/race_init_oracle.py",race_init_capture.py <name>,menu states before each race start (docs/engine/race-init.md),e5298b2482a769aa6458955cd6b18db3ac3f3a20
race-init/event_grid.ss,c63b147165bef31c9eeb503f86d114b181fe8d05,116108,"tools/race_init_capture.py + tools/race_init_capture.lua, tools/race_init_oracle.py",race_init_capture.py <name>,menu states before each race start (docs/engine/race-init.md),e5298b2482a769aa6458955cd6b18db3ac3f3a20
race-init/golf_oracle.io.bin,81fe32550c43a04f739be453672176f97c06c4cd,1024,"tools/race_init_capture.py + tools/race_init_capture.lua, tools/race_init_oracle.py",race_init_capture.py <name>,menu states before each race start (docs/engine/race-init.md),e5298b2482a769aa6458955cd6b18db3ac3f3a20
race-init/golf_oracle.iwram.bin,d442cfbbbade1030e6c206491552edf39e5562de,32768,"tools/race_init_capture.py + tools/race_init_capture.lua, tools/race_init_oracle.py",race_init_capture.py <name>,menu states before each race start (docs/engine/race-init.md),e5298b2482a769aa6458955cd6b18db3ac3f3a20
race-init/golf_oracle.oam.bin,e6122600fea93e226b88c0286b459a5a6fb38232,1024,"tools/race_init_capture.py + tools/race_init_capture.lua, tools/race_init_oracle.py",race_init_capture.py <name>,menu states before each race start (docs/engine/race-init.md),e5298b2482a769aa6458955cd6b18db3ac3f3a20
race-init/golf_oracle.palette.bin,60cacbf3d72e1e7834203da608037b1bf83b40e8,1024,"tools/race_init_capture.py + tools/race_init_capture.lua, tools/race_init_oracle.py",race_init_capture.py <name>,menu states before each race start (docs/engine/race-init.md),e5298b2482a769aa6458955cd6b18db3ac3f3a20
race-init/golf_oracle.vram.bin,03f7625f354b565de5abc5d889e500d2ad9830b1,98304,"tools/race_init_capture.py + tools/race_init_capture.lua, tools/race_init_oracle.py",race_init_capture.py <name>,menu states before each race start (docs/engine/race-init.md),e5298b2482a769aa6458955cd6b18db3ac3f3a20
race-init/golf_oracle.wram.bin,7ed87a8929b4ffc9e17ad56315fd1b651ef60d57,262144,"tools/race_init_capture.py + tools/race_init_capture.lua, tools/race_init_oracle.py",race_init_capture.py <name>,menu states before each race start (docs/engine/race-init.md),e5298b2482a769aa6458955cd6b18db3ac3f3a20
race-init/golf_post.bios.bin,7af2cd740eb86610cc6f1c204d266d0b54499885,16384,"tools/race_init_capture.py + tools/race_init_capture.lua, tools/race_init_oracle.py",race_init_capture.py <name>,menu states before each race start (docs/engine/race-init.md),e5298b2482a769aa6458955cd6b18db3ac3f3a20
race-init/golf_post.eeprom.bin,08a9ebf51184b9fe72071ba292dfd2fa4778bccc,512,"tools/race_init_capture.py + tools/race_init_capture.lua, tools/race_init_oracle.py",race_init_capture.py <name>,menu states before each race start (docs/engine/race-init.md),e5298b2482a769aa6458955cd6b18db3ac3f3a20
race-init/golf_post.io.bin,73eac2d8b854266a9b70863d2360a3af3bc5e776,1024,"tools/race_init_capture.py + tools/race_init_capture.lua, tools/race_init_oracle.py",race_init_capture.py <name>,menu states before each race start (docs/engine/race-init.md),e5298b2482a769aa6458955cd6b18db3ac3f3a20
race-init/golf_post.iwram.bin,3af5df81f4d0946ed2d0dead576942fabae0994a,32768,"tools/race_init_capture.py + tools/race_init_capture.lua, tools/race_init_oracle.py",race_init_capture.py <name>,menu states before each race start (docs/engine/race-init.md),e5298b2482a769aa6458955cd6b18db3ac3f3a20
race-init/golf_post.oam.bin,e6122600fea93e226b88c0286b459a5a6fb38232,1024,"tools/race_init_capture.py + tools/race_init_capture.lua, tools/race_init_oracle.py",race_init_capture.py <name>,menu states before each race start (docs/engine/race-init.md),e5298b2482a769aa6458955cd6b18db3ac3f3a20
race-init/golf_post.palette.bin,60cacbf3d72e1e7834203da608037b1bf83b40e8,1024,"tools/race_init_capture.py + tools/race_init_capture.lua, tools/race_init_oracle.py",race_init_capture.py <name>,menu states before each race start (docs/engine/race-init.md),e5298b2482a769aa6458955cd6b18db3ac3f3a20
race-init/golf_post.vram.bin,03f7625f354b565de5abc5d889e500d2ad9830b1,98304,"tools/race_init_capture.py + tools/race_init_capture.lua, tools/race_init_oracle.py",race_init_capture.py <name>,menu states before each race start (docs/engine/race-init.md),e5298b2482a769aa6458955cd6b18db3ac3f3a20
race-init/golf_post.wram.bin,1b20872bf46948038522ef1b12baa31dda8bacaa,262144,"tools/race_init_capture.py + tools/race_init_capture.lua, tools/race_init_oracle.py",race_init_capture.py <name>,menu states before each race start (docs/engine/race-init.md),e5298b2482a769aa6458955cd6b18db3ac3f3a20
race-init/golf_pre.bios.bin,7af2cd740eb86610cc6f1c204d266d0b54499885,16384,"tools/race_init_capture.py + tools/race_init_capture.lua, tools/race_init_oracle.py",race_init_capture.py <name>,menu states before each race start (docs/engine/race-init.md),e5298b2482a769aa6458955cd6b18db3ac3f3a20
race-init/golf_pre.eeprom.bin,08a9ebf51184b9fe72071ba292dfd2fa4778bccc,512,"tools/race_init_capture.py + tools/race_init_capture.lua, tools/race_init_oracle.py",race_init_capture.py <name>,menu states before each race start (docs/engine/race-init.md),e5298b2482a769aa6458955cd6b18db3ac3f3a20
race-init/golf_pre.io.bin,b9ed784da4f8e3c4609553bf53b4a64275a169e7,1024,"tools/race_init_capture.py + tools/race_init_capture.lua, tools/race_init_oracle.py",race_init_capture.py <name>,menu states before each race start (docs/engine/race-init.md),e5298b2482a769aa6458955cd6b18db3ac3f3a20
race-init/golf_pre.iwram.bin,8d446784ae1d6438b75bd0452a5ddf20f889e5d5,32768,"tools/race_init_capture.py + tools/race_init_capture.lua, tools/race_init_oracle.py",race_init_capture.py <name>,menu states before each race start (docs/engine/race-init.md),e5298b2482a769aa6458955cd6b18db3ac3f3a20
race-init/golf_pre.oam.bin,385b8c375176637f77543d055ba766661f4600b8,1024,"tools/race_init_capture.py + tools/race_init_capture.lua, tools/race_init_oracle.py",race_init_capture.py <name>,menu states before each race start (docs/engine/race-init.md),e5298b2482a769aa6458955cd6b18db3ac3f3a20
race-init/golf_pre.palette.bin,60cacbf3d72e1e7834203da608037b1bf83b40e8,1024,"tools/race_init_capture.py + tools/race_init_capture.lua, tools/race_init_oracle.py",race_init_capture.py <name>,menu states before each race start (docs/engine/race-init.md),e5298b2482a769aa6458955cd6b18db3ac3f3a20
race-init/golf_pre.vram.bin,7116a282eb0f416757480a17a2618312bfc6b69c,98304,"tools/race_init_capture.py + tools/race_init_capture.lua, tools/race_init_oracle.py",race_init_capture.py <name>,menu states before each race start (docs/engine/race-init.md),e5298b2482a769aa6458955cd6b18db3ac3f3a20
race-init/golf_pre.wram.bin,461231090b0cf092068f5a6e434704fd54b74bc2,262144,"tools/race_init_capture.py + tools/race_init_capture.lua, tools/race_init_oracle.py",race_init_capture.py <name>,menu states before each race start (docs/engine/race-init.md),e5298b2482a769aa6458955cd6b18db3ac3f3a20
race-init/golf_seed.txt,08e5ba8ab2c17ed0eb5cdd45c51f7391ea6190ff,3,"tools/race_init_capture.py + tools/race_init_capture.lua, tools/race_init_oracle.py",race_init_capture.py <name>,menu states before each race start (docs/engine/race-init.md),e5298b2482a769aa6458955cd6b18db3ac3f3a20
race-init/hud-logic_elimination.ss,d677408080cde41e71b46562d2f758d4b32cdd34,128399,"tools/race_init_capture.py + tools/race_init_capture.lua, tools/race_init_oracle.py",race_init_capture.py <name>,menu states before each race start (docs/engine/race-init.md),e5298b2482a769aa6458955cd6b18db3ac3f3a20
race-init/hud-logic_prerace.ss,2f5354d8d622defd7212f389cf2fbcf13dd3d58b,58857,"tools/race_init_capture.py + tools/race_init_capture.lua, tools/race_init_oracle.py",race_init_capture.py <name>,menu states before each race start (docs/engine/race-init.md),e5298b2482a769aa6458955cd6b18db3ac3f3a20
race-init/hunter-info.ss,557c5063a32568c8b23cad5028aa17cab1978f30,77209,"tools/race_init_capture.py + tools/race_init_capture.lua, tools/race_init_oracle.py",race_init_capture.py <name>,menu states before each race start (docs/engine/race-init.md),e5298b2482a769aa6458955cd6b18db3ac3f3a20
race-init/hunter_oracle.io.bin,d52d096eb36c90531abee4ff1677833562a81f09,1024,"tools/race_init_capture.py + tools/race_init_capture.lua, tools/race_init_oracle.py",race_init_capture.py <name>,menu states before each race start (docs/engine/race-init.md),e5298b2482a769aa6458955cd6b18db3ac3f3a20
race-init/hunter_oracle.iwram.bin,07170b833356821e5f032b2fd4eee164381e9122,32768,"tools/race_init_capture.py + tools/race_init_capture.lua, tools/race_init_oracle.py",race_init_capture.py <name>,menu states before each race start (docs/engine/race-init.md),e5298b2482a769aa6458955cd6b18db3ac3f3a20
race-init/hunter_oracle.oam.bin,a25ff878038968bbc0dda086749845184b67f4ce,1024,"tools/race_init_capture.py + tools/race_init_capture.lua, tools/race_init_oracle.py",race_init_capture.py <name>,menu states before each race start (docs/engine/race-init.md),e5298b2482a769aa6458955cd6b18db3ac3f3a20
race-init/hunter_oracle.palette.bin,60cacbf3d72e1e7834203da608037b1bf83b40e8,1024,"tools/race_init_capture.py + tools/race_init_capture.lua, tools/race_init_oracle.py",race_init_capture.py <name>,menu states before each race start (docs/engine/race-init.md),e5298b2482a769aa6458955cd6b18db3ac3f3a20
race-init/hunter_oracle.vram.bin,089aedd9cc92a31849220e748de1cacaa4117367,98304,"tools/race_init_capture.py + tools/race_init_capture.lua, tools/race_init_oracle.py",race_init_capture.py <name>,menu states before each race start (docs/engine/race-init.md),e5298b2482a769aa6458955cd6b18db3ac3f3a20
race-init/hunter_oracle.wram.bin,67c17ed5e0c47c0139a5fd49a3a430d7bdda3cca,262144,"tools/race_init_capture.py + tools/race_init_capture.lua, tools/race_init_oracle.py",race_init_capture.py <name>,menu states before each race start (docs/engine/race-init.md),e5298b2482a769aa6458955cd6b18db3ac3f3a20
race-init/hunter_post.bios.bin,7af2cd740eb86610cc6f1c204d266d0b54499885,16384,"tools/race_init_capture.py + tools/race_init_capture.lua, tools/race_init_oracle.py",race_init_capture.py <name>,menu states before each race start (docs/engine/race-init.md),e5298b2482a769aa6458955cd6b18db3ac3f3a20
race-init/hunter_post.eeprom.bin,08a9ebf51184b9fe72071ba292dfd2fa4778bccc,512,"tools/race_init_capture.py + tools/race_init_capture.lua, tools/race_init_oracle.py",race_init_capture.py <name>,menu states before each race start (docs/engine/race-init.md),e5298b2482a769aa6458955cd6b18db3ac3f3a20
race-init/hunter_post.io.bin,da98fea17aee96b029ecef9c8bbf64e636c1d36a,1024,"tools/race_init_capture.py + tools/race_init_capture.lua, tools/race_init_oracle.py",race_init_capture.py <name>,menu states before each race start (docs/engine/race-init.md),e5298b2482a769aa6458955cd6b18db3ac3f3a20
race-init/hunter_post.iwram.bin,298636d266ceb94ed28283d9a3cfaa5d53bda864,32768,"tools/race_init_capture.py + tools/race_init_capture.lua, tools/race_init_oracle.py",race_init_capture.py <name>,menu states before each race start (docs/engine/race-init.md),e5298b2482a769aa6458955cd6b18db3ac3f3a20
race-init/hunter_post.oam.bin,a25ff878038968bbc0dda086749845184b67f4ce,1024,"tools/race_init_capture.py + tools/race_init_capture.lua, tools/race_init_oracle.py",race_init_capture.py <name>,menu states before each race start (docs/engine/race-init.md),e5298b2482a769aa6458955cd6b18db3ac3f3a20
race-init/hunter_post.palette.bin,60cacbf3d72e1e7834203da608037b1bf83b40e8,1024,"tools/race_init_capture.py + tools/race_init_capture.lua, tools/race_init_oracle.py",race_init_capture.py <name>,menu states before each race start (docs/engine/race-init.md),e5298b2482a769aa6458955cd6b18db3ac3f3a20
race-init/hunter_post.vram.bin,089aedd9cc92a31849220e748de1cacaa4117367,98304,"tools/race_init_capture.py + tools/race_init_capture.lua, tools/race_init_oracle.py",race_init_capture.py <name>,menu states before each race start (docs/engine/race-init.md),e5298b2482a769aa6458955cd6b18db3ac3f3a20
race-init/hunter_post.wram.bin,7bf9044ef1279f2789f226b77361070451f7d1e8,262144,"tools/race_init_capture.py + tools/race_init_capture.lua, tools/race_init_oracle.py",race_init_capture.py <name>,menu states before each race start (docs/engine/race-init.md),e5298b2482a769aa6458955cd6b18db3ac3f3a20
race-init/hunter_pre.bios.bin,7af2cd740eb86610cc6f1c204d266d0b54499885,16384,"tools/race_init_capture.py + tools/race_init_capture.lua, tools/race_init_oracle.py",race_init_capture.py <name>,menu states before each race start (docs/engine/race-init.md),e5298b2482a769aa6458955cd6b18db3ac3f3a20
race-init/hunter_pre.eeprom.bin,08a9ebf51184b9fe72071ba292dfd2fa4778bccc,512,"tools/race_init_capture.py + tools/race_init_capture.lua, tools/race_init_oracle.py",race_init_capture.py <name>,menu states before each race start (docs/engine/race-init.md),e5298b2482a769aa6458955cd6b18db3ac3f3a20
race-init/hunter_pre.io.bin,b83bd46ae5e3903f7bc79e9f60f3b232a34be3f2,1024,"tools/race_init_capture.py + tools/race_init_capture.lua, tools/race_init_oracle.py",race_init_capture.py <name>,menu states before each race start (docs/engine/race-init.md),e5298b2482a769aa6458955cd6b18db3ac3f3a20
race-init/hunter_pre.iwram.bin,6d9db0f18d58465d9c845112d61aa7b99f016e90,32768,"tools/race_init_capture.py + tools/race_init_capture.lua, tools/race_init_oracle.py",race_init_capture.py <name>,menu states before each race start (docs/engine/race-init.md),e5298b2482a769aa6458955cd6b18db3ac3f3a20
race-init/hunter_pre.oam.bin,385b8c375176637f77543d055ba766661f4600b8,1024,"tools/race_init_capture.py + tools/race_init_capture.lua, tools/race_init_oracle.py",race_init_capture.py <name>,menu states before each race start (docs/engine/race-init.md),e5298b2482a769aa6458955cd6b18db3ac3f3a20
race-init/hunter_pre.palette.bin,60cacbf3d72e1e7834203da608037b1bf83b40e8,1024,"tools/race_init_capture.py + tools/race_init_capture.lua, tools/race_init_oracle.py",race_init_capture.py <name>,menu states before each race start (docs/engine/race-init.md),e5298b2482a769aa6458955cd6b18db3ac3f3a20
race-init/hunter_pre.vram.bin,cdb9e64908c746cf67a8700e08d5275d89f9497c,98304,"tools/race_init_capture.py + tools/race_init_capture.lua, tools/race_init_oracle.py",race_init_capture.py <name>,menu states before each race start (docs/engine/race-init.md),e5298b2482a769aa6458955cd6b18db3ac3f3a20
race-init/hunter_pre.wram.bin,38ba82bfda2276cd86c7962c2b6a8d5ac1b5bcc9,262144,"tools/race_init_capture.py + tools/race_init_capture.lua, tools/race_init_oracle.py",race_init_capture.py <name>,menu states before each race start (docs/engine/race-init.md),e5298b2482a769aa6458955cd6b18db3ac3f3a20
race-init/hunter_seed.txt,1d383314988e188c925a9b47065e1285e25551e3,3,"tools/race_init_capture.py + tools/race_init_capture.lua, tools/race_init_oracle.py",race_init_capture.py <name>,menu states before each race start (docs/engine/race-init.md),e5298b2482a769aa6458955cd6b18db3ac3f3a20
race-init/hunterb_oracle.io.bin,37396c0cbeb0302e9a23fa91b03744e8995161d5,1024,"tools/race_init_capture.py + tools/race_init_capture.lua, tools/race_init_oracle.py",race_init_capture.py <name>,menu states before each race start (docs/engine/race-init.md),e5298b2482a769aa6458955cd6b18db3ac3f3a20
race-init/hunterb_oracle.iwram.bin,61e237977f5416d0aa1edc2462bc7a23b0ec46db,32768,"tools/race_init_capture.py + tools/race_init_capture.lua, tools/race_init_oracle.py",race_init_capture.py <name>,menu states before each race start (docs/engine/race-init.md),e5298b2482a769aa6458955cd6b18db3ac3f3a20
race-init/hunterb_oracle.oam.bin,a25ff878038968bbc0dda086749845184b67f4ce,1024,"tools/race_init_capture.py + tools/race_init_capture.lua, tools/race_init_oracle.py",race_init_capture.py <name>,menu states before each race start (docs/engine/race-init.md),e5298b2482a769aa6458955cd6b18db3ac3f3a20
race-init/hunterb_oracle.palette.bin,60cacbf3d72e1e7834203da608037b1bf83b40e8,1024,"tools/race_init_capture.py + tools/race_init_capture.lua, tools/race_init_oracle.py",race_init_capture.py <name>,menu states before each race start (docs/engine/race-init.md),e5298b2482a769aa6458955cd6b18db3ac3f3a20
race-init/hunterb_oracle.vram.bin,089aedd9cc92a31849220e748de1cacaa4117367,98304,"tools/race_init_capture.py + tools/race_init_capture.lua, tools/race_init_oracle.py",race_init_capture.py <name>,menu states before each race start (docs/engine/race-init.md),e5298b2482a769aa6458955cd6b18db3ac3f3a20
race-init/hunterb_oracle.wram.bin,8586503e7d5c8cddf304f326c743c1ad2ddec684,262144,"tools/race_init_capture.py + tools/race_init_capture.lua, tools/race_init_oracle.py",race_init_capture.py <name>,menu states before each race start (docs/engine/race-init.md),e5298b2482a769aa6458955cd6b18db3ac3f3a20
race-init/hunterb_post.bios.bin,7af2cd740eb86610cc6f1c204d266d0b54499885,16384,"tools/race_init_capture.py + tools/race_init_capture.lua, tools/race_init_oracle.py",race_init_capture.py <name>,menu states before each race start (docs/engine/race-init.md),e5298b2482a769aa6458955cd6b18db3ac3f3a20
race-init/hunterb_post.eeprom.bin,08a9ebf51184b9fe72071ba292dfd2fa4778bccc,512,"tools/race_init_capture.py + tools/race_init_capture.lua, tools/race_init_oracle.py",race_init_capture.py <name>,menu states before each race start (docs/engine/race-init.md),e5298b2482a769aa6458955cd6b18db3ac3f3a20
race-init/hunterb_post.io.bin,73eac2d8b854266a9b70863d2360a3af3bc5e776,1024,"tools/race_init_capture.py + tools/race_init_capture.lua, tools/race_init_oracle.py",race_init_capture.py <name>,menu states before each race start (docs/engine/race-init.md),e5298b2482a769aa6458955cd6b18db3ac3f3a20
race-init/hunterb_post.iwram.bin,4c95d096af4688c3105e9751e465785214cff359,32768,"tools/race_init_capture.py + tools/race_init_capture.lua, tools/race_init_oracle.py",race_init_capture.py <name>,menu states before each race start (docs/engine/race-init.md),e5298b2482a769aa6458955cd6b18db3ac3f3a20
race-init/hunterb_post.oam.bin,a25ff878038968bbc0dda086749845184b67f4ce,1024,"tools/race_init_capture.py + tools/race_init_capture.lua, tools/race_init_oracle.py",race_init_capture.py <name>,menu states before each race start (docs/engine/race-init.md),e5298b2482a769aa6458955cd6b18db3ac3f3a20
race-init/hunterb_post.palette.bin,60cacbf3d72e1e7834203da608037b1bf83b40e8,1024,"tools/race_init_capture.py + tools/race_init_capture.lua, tools/race_init_oracle.py",race_init_capture.py <name>,menu states before each race start (docs/engine/race-init.md),e5298b2482a769aa6458955cd6b18db3ac3f3a20
race-init/hunterb_post.vram.bin,089aedd9cc92a31849220e748de1cacaa4117367,98304,"tools/race_init_capture.py + tools/race_init_capture.lua, tools/race_init_oracle.py",race_init_capture.py <name>,menu states before each race start (docs/engine/race-init.md),e5298b2482a769aa6458955cd6b18db3ac3f3a20
race-init/hunterb_post.wram.bin,398cb3109b6aa18798ed85d59e5c5d422785b085,262144,"tools/race_init_capture.py + tools/race_init_capture.lua, tools/race_init_oracle.py",race_init_capture.py <name>,menu states before each race start (docs/engine/race-init.md),e5298b2482a769aa6458955cd6b18db3ac3f3a20
race-init/hunterb_pre.bios.bin,7af2cd740eb86610cc6f1c204d266d0b54499885,16384,"tools/race_init_capture.py + tools/race_init_capture.lua, tools/race_init_oracle.py",race_init_capture.py <name>,menu states before each race start (docs/engine/race-init.md),e5298b2482a769aa6458955cd6b18db3ac3f3a20
race-init/hunterb_pre.eeprom.bin,08a9ebf51184b9fe72071ba292dfd2fa4778bccc,512,"tools/race_init_capture.py + tools/race_init_capture.lua, tools/race_init_oracle.py",race_init_capture.py <name>,menu states before each race start (docs/engine/race-init.md),e5298b2482a769aa6458955cd6b18db3ac3f3a20
race-init/hunterb_pre.io.bin,51de0de8806344ec1675cb234f2f15f6a066f221,1024,"tools/race_init_capture.py + tools/race_init_capture.lua, tools/race_init_oracle.py",race_init_capture.py <name>,menu states before each race start (docs/engine/race-init.md),e5298b2482a769aa6458955cd6b18db3ac3f3a20
race-init/hunterb_pre.iwram.bin,16d550a1fa6764b1863a90042422a9aaf0917247,32768,"tools/race_init_capture.py + tools/race_init_capture.lua, tools/race_init_oracle.py",race_init_capture.py <name>,menu states before each race start (docs/engine/race-init.md),e5298b2482a769aa6458955cd6b18db3ac3f3a20
race-init/hunterb_pre.oam.bin,385b8c375176637f77543d055ba766661f4600b8,1024,"tools/race_init_capture.py + tools/race_init_capture.lua, tools/race_init_oracle.py",race_init_capture.py <name>,menu states before each race start (docs/engine/race-init.md),e5298b2482a769aa6458955cd6b18db3ac3f3a20
race-init/hunterb_pre.palette.bin,60cacbf3d72e1e7834203da608037b1bf83b40e8,1024,"tools/race_init_capture.py + tools/race_init_capture.lua, tools/race_init_oracle.py",race_init_capture.py <name>,menu states before each race start (docs/engine/race-init.md),e5298b2482a769aa6458955cd6b18db3ac3f3a20
race-init/hunterb_pre.vram.bin,42fa22af92ea303871a8db063a16fceefe7bc493,98304,"tools/race_init_capture.py + tools/race_init_capture.lua, tools/race_init_oracle.py",race_init_capture.py <name>,menu states before each race start (docs/engine/race-init.md),e5298b2482a769aa6458955cd6b18db3ac3f3a20
race-init/hunterb_pre.wram.bin,c8ba6bdd775cb590b0b780ca3d818f45ade4b3fc,262144,"tools/race_init_capture.py + tools/race_init_capture.lua, tools/race_init_oracle.py",race_init_capture.py <name>,menu states before each race start (docs/engine/race-init.md),e5298b2482a769aa6458955cd6b18db3ac3f3a20
race-init/hunterb_seed.txt,08e5ba8ab2c17ed0eb5cdd45c51f7391ea6190ff,3,"tools/race_init_capture.py + tools/race_init_capture.lua, tools/race_init_oracle.py",race_init_capture.py <name>,menu states before each race start (docs/engine/race-init.md),e5298b2482a769aa6458955cd6b18db3ac3f3a20
race-init/log.txt,fb49c87db55b6c27e1e3d115bf289f6a51fcae26,16,"tools/race_init_capture.py + tools/race_init_capture.lua, tools/race_init_oracle.py",race_init_capture.py <name>,menu states before each race start (docs/engine/race-init.md),e5298b2482a769aa6458955cd6b18db3ac3f3a20
race-init/look_hud-logic_elimination.png,c62918b9e79ad8a566d9e62bb6484a88be9ac771,37699,"tools/race_init_capture.py + tools/race_init_capture.lua, tools/race_init_oracle.py",race_init_capture.py <name>,menu states before each race start (docs/engine/race-init.md),e5298b2482a769aa6458955cd6b18db3ac3f3a20
race-init/look_hud-logic_prerace.png,578fcfe2e5f1a1b84c93e49a853446e2fa7b909c,9557,"tools/race_init_capture.py + tools/race_init_capture.lua, tools/race_init_oracle.py",race_init_capture.py <name>,menu states before each race start (docs/engine/race-init.md),e5298b2482a769aa6458955cd6b18db3ac3f3a20
race-init/look_physics-paths_easy-info.png,b2586baf497109b9114d7400bc4aad6dc63839d8,9415,"tools/race_init_capture.py + tools/race_init_capture.lua, tools/race_init_oracle.py",race_init_capture.py <name>,menu states before each race start (docs/engine/race-init.md),e5298b2482a769aa6458955cd6b18db3ac3f3a20
race-init/look_physics-paths_hunter-setup.png,fc55a8dd83c660001d23d26d98c13b326c4f07aa,13868,"tools/race_init_capture.py + tools/race_init_capture.lua, tools/race_init_oracle.py",race_init_capture.py <name>,menu states before each race start (docs/engine/race-init.md),e5298b2482a769aa6458955cd6b18db3ac3f3a20
race-init/look_race-rules_career1.png,2ea1814e9059610c2b71497075ed5278667aac27,41168,"tools/race_init_capture.py + tools/race_init_capture.lua, tools/race_init_oracle.py",race_init_capture.py <name>,menu states before each race start (docs/engine/race-init.md),e5298b2482a769aa6458955cd6b18db3ac3f3a20
race-init/look_race-rules_career_ev0.png,a216925029a2f38509d130cefd06f20d8230ac6f,40707,"tools/race_init_capture.py + tools/race_init_capture.lua, tools/race_init_oracle.py",race_init_capture.py <name>,menu states before each race start (docs/engine/race-init.md),e5298b2482a769aa6458955cd6b18db3ac3f3a20
race-init/look_race-rules_event_grid.png,8b772b192fed85b6c4aea1c467a564f49bfe6e17,28860,"tools/race_init_capture.py + tools/race_init_capture.lua, tools/race_init_oracle.py",race_init_capture.py <name>,menu states before each race start (docs/engine/race-init.md),e5298b2482a769aa6458955cd6b18db3ac3f3a20
race-init/mainmenu.ss,2fdd4f31233652d1ab805b9969e0bd7d0b1d98fa,94163,"tools/race_init_capture.py + tools/race_init_capture.lua, tools/race_init_oracle.py",race_init_capture.py <name>,menu states before each race start (docs/engine/race-init.md),e5298b2482a769aa6458955cd6b18db3ac3f3a20
race-init/physics-paths_easy-info.ss,9f2b818960c5260f9cbedac22d0b1f808ec65f00,69502,"tools/race_init_capture.py + tools/race_init_capture.lua, tools/race_init_oracle.py",race_init_capture.py <name>,menu states before each race start (docs/engine/race-init.md),e5298b2482a769aa6458955cd6b18db3ac3f3a20
race-init/physics-paths_hunter-setup.ss,2fbdb1b33c3bc75a4780a359feb3d8088b6a7ad6,68031,"tools/race_init_capture.py + tools/race_init_capture.lua, tools/race_init_oracle.py",race_init_capture.py <name>,menu states before each race start (docs/engine/race-init.md),e5298b2482a769aa6458955cd6b18db3ac3f3a20
race-init/pid.txt,3aace855a3d6ec5cad1411986a65e8205a30b3cb,7,"tools/race_init_capture.py + tools/race_init_capture.lua, tools/race_init_oracle.py",race_init_capture.py <name>,menu states before each race start (docs/engine/race-init.md),e5298b2482a769aa6458955cd6b18db3ac3f3a20
race-init/prerace.ss,2f5354d8d622defd7212f389cf2fbcf13dd3d58b,58857,"tools/race_init_capture.py + tools/race_init_capture.lua, tools/race_init_oracle.py",race_init_capture.py <name>,menu states before each race start (docs/engine/race-init.md),e5298b2482a769aa6458955cd6b18db3ac3f3a20
race-init/race-rules_career1.ss,98b339bf119546ac01d39328f8120fcab9e58333,135471,"tools/race_init_capture.py + tools/race_init_capture.lua, tools/race_init_oracle.py",race_init_capture.py <name>,menu states before each race start (docs/engine/race-init.md),e5298b2482a769aa6458955cd6b18db3ac3f3a20
race-init/race-rules_career_ev0.ss,d2cddcb7baa471fead480f269cf378c48606a971,139895,"tools/race_init_capture.py + tools/race_init_capture.lua, tools/race_init_oracle.py",race_init_capture.py <name>,menu states before each race start (docs/engine/race-init.md),e5298b2482a769aa6458955cd6b18db3ac3f3a20
race-init/race-rules_event_grid.ss,c63b147165bef31c9eeb503f86d114b181fe8d05,116108,"tools/race_init_capture.py + tools/race_init_capture.lua, tools/race_init_oracle.py",race_init_capture.py <name>,menu states before each race start (docs/engine/race-init.md),e5298b2482a769aa6458955cd6b18db3ac3f3a20
race-init/raceinit_log.txt,a0d9ac4b78aa008c67e069dc37d68902829bf060,3914,"tools/race_init_capture.py + tools/race_init_capture.lua, tools/race_init_oracle.py",race_init_capture.py <name>,menu states before each race start (docs/engine/race-init.md),e5298b2482a769aa6458955cd6b18db3ac3f3a20
race-init/ref_oracle.io.bin,ba700d9132b04746e6b195e0405a673f3625b7c2,1024,"tools/race_init_capture.py + tools/race_init_capture.lua, tools/race_init_oracle.py",race_init_capture.py <name>,menu states before each race start (docs/engine/race-init.md),e5298b2482a769aa6458955cd6b18db3ac3f3a20
race-init/ref_oracle.iwram.bin,7c4ca8f7c007cf03ff8b483ef94e502d38b3eeb3,32768,"tools/race_init_capture.py + tools/race_init_capture.lua, tools/race_init_oracle.py",race_init_capture.py <name>,menu states before each race start (docs/engine/race-init.md),e5298b2482a769aa6458955cd6b18db3ac3f3a20
race-init/ref_oracle.oam.bin,e6122600fea93e226b88c0286b459a5a6fb38232,1024,"tools/race_init_capture.py + tools/race_init_capture.lua, tools/race_init_oracle.py",race_init_capture.py <name>,menu states before each race start (docs/engine/race-init.md),e5298b2482a769aa6458955cd6b18db3ac3f3a20
race-init/ref_oracle.palette.bin,60cacbf3d72e1e7834203da608037b1bf83b40e8,1024,"tools/race_init_capture.py + tools/race_init_capture.lua, tools/race_init_oracle.py",race_init_capture.py <name>,menu states before each race start (docs/engine/race-init.md),e5298b2482a769aa6458955cd6b18db3ac3f3a20
race-init/ref_oracle.vram.bin,03f7625f354b565de5abc5d889e500d2ad9830b1,98304,"tools/race_init_capture.py + tools/race_init_capture.lua, tools/race_init_oracle.py",race_init_capture.py <name>,menu states before each race start (docs/engine/race-init.md),e5298b2482a769aa6458955cd6b18db3ac3f3a20
race-init/ref_oracle.wram.bin,807669a567ca817d21f07ef0ac0b04095092f334,262144,"tools/race_init_capture.py + tools/race_init_capture.lua, tools/race_init_oracle.py",race_init_capture.py <name>,menu states before each race start (docs/engine/race-init.md),e5298b2482a769aa6458955cd6b18db3ac3f3a20
race-init/ref_post.bios.bin,7af2cd740eb86610cc6f1c204d266d0b54499885,16384,"tools/race_init_capture.py + tools/race_init_capture.lua, tools/race_init_oracle.py",race_init_capture.py <name>,menu states before each race start (docs/engine/race-init.md),e5298b2482a769aa6458955cd6b18db3ac3f3a20
race-init/ref_post.eeprom.bin,08a9ebf51184b9fe72071ba292dfd2fa4778bccc,512,"tools/race_init_capture.py + tools/race_init_capture.lua, tools/race_init_oracle.py",race_init_capture.py <name>,menu states before each race start (docs/engine/race-init.md),e5298b2482a769aa6458955cd6b18db3ac3f3a20
race-init/ref_post.io.bin,902aca0de06d3356f357ccc958c2012a639f5590,1024,"tools/race_init_capture.py + tools/race_init_capture.lua, tools/race_init_oracle.py",race_init_capture.py <name>,menu states before each race start (docs/engine/race-init.md),e5298b2482a769aa6458955cd6b18db3ac3f3a20
race-init/ref_post.iwram.bin,6d9c63627ba301efa5452fc8ab8b45588d3778e0,32768,"tools/race_init_capture.py + tools/race_init_capture.lua, tools/race_init_oracle.py",race_init_capture.py <name>,menu states before each race start (docs/engine/race-init.md),e5298b2482a769aa6458955cd6b18db3ac3f3a20
race-init/ref_post.oam.bin,e6122600fea93e226b88c0286b459a5a6fb38232,1024,"tools/race_init_capture.py + tools/race_init_capture.lua, tools/race_init_oracle.py",race_init_capture.py <name>,menu states before each race start (docs/engine/race-init.md),e5298b2482a769aa6458955cd6b18db3ac3f3a20
race-init/ref_post.palette.bin,60cacbf3d72e1e7834203da608037b1bf83b40e8,1024,"tools/race_init_capture.py + tools/race_init_capture.lua, tools/race_init_oracle.py",race_init_capture.py <name>,menu states before each race start (docs/engine/race-init.md),e5298b2482a769aa6458955cd6b18db3ac3f3a20
race-init/ref_post.vram.bin,03f7625f354b565de5abc5d889e500d2ad9830b1,98304,"tools/race_init_capture.py + tools/race_init_capture.lua, tools/race_init_oracle.py",race_init_capture.py <name>,menu states before each race start (docs/engine/race-init.md),e5298b2482a769aa6458955cd6b18db3ac3f3a20
race-init/ref_post.wram.bin,eb83264517ac82b2e562e6e864a345d650500f28,262144,"tools/race_init_capture.py + tools/race_init_capture.lua, tools/race_init_oracle.py",race_init_capture.py <name>,menu states before each race start (docs/engine/race-init.md),e5298b2482a769aa6458955cd6b18db3ac3f3a20
race-init/ref_pre.bios.bin,7af2cd740eb86610cc6f1c204d266d0b54499885,16384,"tools/race_init_capture.py + tools/race_init_capture.lua, tools/race_init_oracle.py",race_init_capture.py <name>,menu states before each race start (docs/engine/race-init.md),e5298b2482a769aa6458955cd6b18db3ac3f3a20
race-init/ref_pre.eeprom.bin,08a9ebf51184b9fe72071ba292dfd2fa4778bccc,512,"tools/race_init_capture.py + tools/race_init_capture.lua, tools/race_init_oracle.py",race_init_capture.py <name>,menu states before each race start (docs/engine/race-init.md),e5298b2482a769aa6458955cd6b18db3ac3f3a20
race-init/ref_pre.io.bin,50892599e6b683b2d08da76cd8c038c0ec558e8c,1024,"tools/race_init_capture.py + tools/race_init_capture.lua, tools/race_init_oracle.py",race_init_capture.py <name>,menu states before each race start (docs/engine/race-init.md),e5298b2482a769aa6458955cd6b18db3ac3f3a20
race-init/ref_pre.iwram.bin,0aa169624c656f33cde03a071e667d84270dc886,32768,"tools/race_init_capture.py + tools/race_init_capture.lua, tools/race_init_oracle.py",race_init_capture.py <name>,menu states before each race start (docs/engine/race-init.md),e5298b2482a769aa6458955cd6b18db3ac3f3a20
race-init/ref_pre.oam.bin,385b8c375176637f77543d055ba766661f4600b8,1024,"tools/race_init_capture.py + tools/race_init_capture.lua, tools/race_init_oracle.py",race_init_capture.py <name>,menu states before each race start (docs/engine/race-init.md),e5298b2482a769aa6458955cd6b18db3ac3f3a20
race-init/ref_pre.palette.bin,60cacbf3d72e1e7834203da608037b1bf83b40e8,1024,"tools/race_init_capture.py + tools/race_init_capture.lua, tools/race_init_oracle.py",race_init_capture.py <name>,menu states before each race start (docs/engine/race-init.md),e5298b2482a769aa6458955cd6b18db3ac3f3a20
race-init/ref_pre.vram.bin,cfdaeef0aa7b432ad31c16332130d877f95283d9,98304,"tools/race_init_capture.py + tools/race_init_capture.lua, tools/race_init_oracle.py",race_init_capture.py <name>,menu states before each race start (docs/engine/race-init.md),e5298b2482a769aa6458955cd6b18db3ac3f3a20
race-init/ref_pre.wram.bin,cf60271fdc445a7550c1ae6c0e215f73f97507ca,262144,"tools/race_init_capture.py + tools/race_init_capture.lua, tools/race_init_oracle.py",race_init_capture.py <name>,menu states before each race start (docs/engine/race-init.md),e5298b2482a769aa6458955cd6b18db3ac3f3a20
race-init/ref_seed.txt,1d383314988e188c925a9b47065e1285e25551e3,3,"tools/race_init_capture.py + tools/race_init_capture.lua, tools/race_init_oracle.py",race_init_capture.py <name>,menu states before each race start (docs/engine/race-init.md),e5298b2482a769aa6458955cd6b18db3ac3f3a20
race-init/refb_oracle.io.bin,183052251715349df7d26c94eff5457a950e221a,1024,"tools/race_init_capture.py + tools/race_init_capture.lua, tools/race_init_oracle.py",race_init_capture.py <name>,menu states before each race start (docs/engine/race-init.md),e5298b2482a769aa6458955cd6b18db3ac3f3a20
race-init/refb_oracle.iwram.bin,8d7486fc9a6eb7b29ae51759bf101f24b0f6c4e9,32768,"tools/race_init_capture.py + tools/race_init_capture.lua, tools/race_init_oracle.py",race_init_capture.py <name>,menu states before each race start (docs/engine/race-init.md),e5298b2482a769aa6458955cd6b18db3ac3f3a20
race-init/refb_oracle.oam.bin,e6122600fea93e226b88c0286b459a5a6fb38232,1024,"tools/race_init_capture.py + tools/race_init_capture.lua, tools/race_init_oracle.py",race_init_capture.py <name>,menu states before each race start (docs/engine/race-init.md),e5298b2482a769aa6458955cd6b18db3ac3f3a20
race-init/refb_oracle.palette.bin,60cacbf3d72e1e7834203da608037b1bf83b40e8,1024,"tools/race_init_capture.py + tools/race_init_capture.lua, tools/race_init_oracle.py",race_init_capture.py <name>,menu states before each race start (docs/engine/race-init.md),e5298b2482a769aa6458955cd6b18db3ac3f3a20
race-init/refb_oracle.vram.bin,03f7625f354b565de5abc5d889e500d2ad9830b1,98304,"tools/race_init_capture.py + tools/race_init_capture.lua, tools/race_init_oracle.py",race_init_capture.py <name>,menu states before each race start (docs/engine/race-init.md),e5298b2482a769aa6458955cd6b18db3ac3f3a20
race-init/refb_oracle.wram.bin,18d29ae309b32894aa15bbdb6a4bf6ae5cbd25c8,262144,"tools/race_init_capture.py + tools/race_init_capture.lua, tools/race_init_oracle.py",race_init_capture.py <name>,menu states before each race start (docs/engine/race-init.md),e5298b2482a769aa6458955cd6b18db3ac3f3a20
race-init/refb_post.bios.bin,7af2cd740eb86610cc6f1c204d266d0b54499885,16384,"tools/race_init_capture.py + tools/race_init_capture.lua, tools/race_init_oracle.py",race_init_capture.py <name>,menu states before each race start (docs/engine/race-init.md),e5298b2482a769aa6458955cd6b18db3ac3f3a20
race-init/refb_post.eeprom.bin,08a9ebf51184b9fe72071ba292dfd2fa4778bccc,512,"tools/race_init_capture.py + tools/race_init_capture.lua, tools/race_init_oracle.py",race_init_capture.py <name>,menu states before each race start (docs/engine/race-init.md),e5298b2482a769aa6458955cd6b18db3ac3f3a20
race-init/refb_post.io.bin,4e0a74476acfb6519a968d50e3441a114d500562,1024,"tools/race_init_capture.py + tools/race_init_capture.lua, tools/race_init_oracle.py",race_init_capture.py <name>,menu states before each race start (docs/engine/race-init.md),e5298b2482a769aa6458955cd6b18db3ac3f3a20
race-init/refb_post.iwram.bin,1d0e5adcfea88fd0208eb57b0fb1f94382039a17,32768,"tools/race_init_capture.py + tools/race_init_capture.lua, tools/race_init_oracle.py",race_init_capture.py <name>,menu states before each race start (docs/engine/race-init.md),e5298b2482a769aa6458955cd6b18db3ac3f3a20
race-init/refb_post.oam.bin,e6122600fea93e226b88c0286b459a5a6fb38232,1024,"tools/race_init_capture.py + tools/race_init_capture.lua, tools/race_init_oracle.py",race_init_capture.py <name>,menu states before each race start (docs/engine/race-init.md),e5298b2482a769aa6458955cd6b18db3ac3f3a20
race-init/refb_post.palette.bin,60cacbf3d72e1e7834203da608037b1bf83b40e8,1024,"tools/race_init_capture.py + tools/race_init_capture.lua, tools/race_init_oracle.py",race_init_capture.py <name>,menu states before each race start (docs/engine/race-init.md),e5298b2482a769aa6458955cd6b18db3ac3f3a20
race-init/refb_post.vram.bin,03f7625f354b565de5abc5d889e500d2ad9830b1,98304,"tools/race_init_capture.py + tools/race_init_capture.lua, tools/race_init_oracle.py",race_init_capture.py <name>,menu states before each race start (docs/engine/race-init.md),e5298b2482a769aa6458955cd6b18db3ac3f3a20
race-init/refb_post.wram.bin,d0ec763e1f899be5f7ff8ebb1d3166d32c156695,262144,"tools/race_init_capture.py + tools/race_init_capture.lua, tools/race_init_oracle.py",race_init_capture.py <name>,menu states before each race start (docs/engine/race-init.md),e5298b2482a769aa6458955cd6b18db3ac3f3a20
race-init/refb_pre.bios.bin,7af2cd740eb86610cc6f1c204d266d0b54499885,16384,"tools/race_init_capture.py + tools/race_init_capture.lua, tools/race_init_oracle.py",race_init_capture.py <name>,menu states before each race start (docs/engine/race-init.md),e5298b2482a769aa6458955cd6b18db3ac3f3a20
race-init/refb_pre.eeprom.bin,08a9ebf51184b9fe72071ba292dfd2fa4778bccc,512,"tools/race_init_capture.py + tools/race_init_capture.lua, tools/race_init_oracle.py",race_init_capture.py <name>,menu states before each race start (docs/engine/race-init.md),e5298b2482a769aa6458955cd6b18db3ac3f3a20
race-init/refb_pre.io.bin,e86306af5cd9d98b6d8525cea32e151e935d6e26,1024,"tools/race_init_capture.py + tools/race_init_capture.lua, tools/race_init_oracle.py",race_init_capture.py <name>,menu states before each race start (docs/engine/race-init.md),e5298b2482a769aa6458955cd6b18db3ac3f3a20
race-init/refb_pre.iwram.bin,e672a3d6de6717ece7ed49ed8e6961b0f20dd45b,32768,"tools/race_init_capture.py + tools/race_init_capture.lua, tools/race_init_oracle.py",race_init_capture.py <name>,menu states before each race start (docs/engine/race-init.md),e5298b2482a769aa6458955cd6b18db3ac3f3a20
race-init/refb_pre.oam.bin,385b8c375176637f77543d055ba766661f4600b8,1024,"tools/race_init_capture.py + tools/race_init_capture.lua, tools/race_init_oracle.py",race_init_capture.py <name>,menu states before each race start (docs/engine/race-init.md),e5298b2482a769aa6458955cd6b18db3ac3f3a20
race-init/refb_pre.palette.bin,60cacbf3d72e1e7834203da608037b1bf83b40e8,1024,"tools/race_init_capture.py + tools/race_init_capture.lua, tools/race_init_oracle.py",race_init_capture.py <name>,menu states before each race start (docs/engine/race-init.md),e5298b2482a769aa6458955cd6b18db3ac3f3a20
race-init/refb_pre.vram.bin,95629d8b9e4fa8c90fa64e8770dad2cc6cab0274,98304,"tools/race_init_capture.py + tools/race_init_capture.lua, tools/race_init_oracle.py",race_init_capture.py <name>,menu states before each race start (docs/engine/race-init.md),e5298b2482a769aa6458955cd6b18db3ac3f3a20
race-init/refb_pre.wram.bin,460ec5a77671df6d6522a0084e82a4d02d8d37ae,262144,"tools/race_init_capture.py + tools/race_init_capture.lua, tools/race_init_oracle.py",race_init_capture.py <name>,menu states before each race start (docs/engine/race-init.md),e5298b2482a769aa6458955cd6b18db3ac3f3a20
race-init/refb_seed.txt,08e5ba8ab2c17ed0eb5cdd45c51f7391ea6190ff,3,"tools/race_init_capture.py + tools/race_init_capture.lua, tools/race_init_oracle.py",race_init_capture.py <name>,menu states before each race start (docs/engine/race-init.md),e5298b2482a769aa6458955cd6b18db3ac3f3a20
race-init/rx7_oracle.io.bin,cc65768ebf53447f11c8992d524e7c595b6df481,1024,"tools/race_init_capture.py + tools/race_init_capture.lua, tools/race_init_oracle.py",race_init_capture.py <name>,menu states before each race start (docs/engine/race-init.md),e5298b2482a769aa6458955cd6b18db3ac3f3a20
race-init/rx7_oracle.iwram.bin,81e99f36d6898fd267cdf5027574dee1e27590fc,32768,"tools/race_init_capture.py + tools/race_init_capture.lua, tools/race_init_oracle.py",race_init_capture.py <name>,menu states before each race start (docs/engine/race-init.md),e5298b2482a769aa6458955cd6b18db3ac3f3a20
race-init/rx7_oracle.oam.bin,e6122600fea93e226b88c0286b459a5a6fb38232,1024,"tools/race_init_capture.py + tools/race_init_capture.lua, tools/race_init_oracle.py",race_init_capture.py <name>,menu states before each race start (docs/engine/race-init.md),e5298b2482a769aa6458955cd6b18db3ac3f3a20
race-init/rx7_oracle.palette.bin,60cacbf3d72e1e7834203da608037b1bf83b40e8,1024,"tools/race_init_capture.py + tools/race_init_capture.lua, tools/race_init_oracle.py",race_init_capture.py <name>,menu states before each race start (docs/engine/race-init.md),e5298b2482a769aa6458955cd6b18db3ac3f3a20
race-init/rx7_oracle.vram.bin,03f7625f354b565de5abc5d889e500d2ad9830b1,98304,"tools/race_init_capture.py + tools/race_init_capture.lua, tools/race_init_oracle.py",race_init_capture.py <name>,menu states before each race start (docs/engine/race-init.md),e5298b2482a769aa6458955cd6b18db3ac3f3a20
race-init/rx7_oracle.wram.bin,8d7f789294835a0ac03f9368b02344a712a9add1,262144,"tools/race_init_capture.py + tools/race_init_capture.lua, tools/race_init_oracle.py",race_init_capture.py <name>,menu states before each race start (docs/engine/race-init.md),e5298b2482a769aa6458955cd6b18db3ac3f3a20
race-init/rx7_post.bios.bin,7af2cd740eb86610cc6f1c204d266d0b54499885,16384,"tools/race_init_capture.py + tools/race_init_capture.lua, tools/race_init_oracle.py",race_init_capture.py <name>,menu states before each race start (docs/engine/race-init.md),e5298b2482a769aa6458955cd6b18db3ac3f3a20
race-init/rx7_post.eeprom.bin,08a9ebf51184b9fe72071ba292dfd2fa4778bccc,512,"tools/race_init_capture.py + tools/race_init_capture.lua, tools/race_init_oracle.py",race_init_capture.py <name>,menu states before each race start (docs/engine/race-init.md),e5298b2482a769aa6458955cd6b18db3ac3f3a20
race-init/rx7_post.io.bin,0b5c964d550c6a2bdcddee2cdca07bb644384595,1024,"tools/race_init_capture.py + tools/race_init_capture.lua, tools/race_init_oracle.py",race_init_capture.py <name>,menu states before each race start (docs/engine/race-init.md),e5298b2482a769aa6458955cd6b18db3ac3f3a20
race-init/rx7_post.iwram.bin,ec32504cea0c29f6f8d4c3f1c96c3b8422484bb3,32768,"tools/race_init_capture.py + tools/race_init_capture.lua, tools/race_init_oracle.py",race_init_capture.py <name>,menu states before each race start (docs/engine/race-init.md),e5298b2482a769aa6458955cd6b18db3ac3f3a20
race-init/rx7_post.oam.bin,e6122600fea93e226b88c0286b459a5a6fb38232,1024,"tools/race_init_capture.py + tools/race_init_capture.lua, tools/race_init_oracle.py",race_init_capture.py <name>,menu states before each race start (docs/engine/race-init.md),e5298b2482a769aa6458955cd6b18db3ac3f3a20
race-init/rx7_post.palette.bin,60cacbf3d72e1e7834203da608037b1bf83b40e8,1024,"tools/race_init_capture.py + tools/race_init_capture.lua, tools/race_init_oracle.py",race_init_capture.py <name>,menu states before each race start (docs/engine/race-init.md),e5298b2482a769aa6458955cd6b18db3ac3f3a20
race-init/rx7_post.vram.bin,03f7625f354b565de5abc5d889e500d2ad9830b1,98304,"tools/race_init_capture.py + tools/race_init_capture.lua, tools/race_init_oracle.py",race_init_capture.py <name>,menu states before each race start (docs/engine/race-init.md),e5298b2482a769aa6458955cd6b18db3ac3f3a20
race-init/rx7_post.wram.bin,9f4d2a2b0ca03403644ffdab9795c07557449e0b,262144,"tools/race_init_capture.py + tools/race_init_capture.lua, tools/race_init_oracle.py",race_init_capture.py <name>,menu states before each race start (docs/engine/race-init.md),e5298b2482a769aa6458955cd6b18db3ac3f3a20
race-init/rx7_pre.bios.bin,7af2cd740eb86610cc6f1c204d266d0b54499885,16384,"tools/race_init_capture.py + tools/race_init_capture.lua, tools/race_init_oracle.py",race_init_capture.py <name>,menu states before each race start (docs/engine/race-init.md),e5298b2482a769aa6458955cd6b18db3ac3f3a20
race-init/rx7_pre.eeprom.bin,08a9ebf51184b9fe72071ba292dfd2fa4778bccc,512,"tools/race_init_capture.py + tools/race_init_capture.lua, tools/race_init_oracle.py",race_init_capture.py <name>,menu states before each race start (docs/engine/race-init.md),e5298b2482a769aa6458955cd6b18db3ac3f3a20
race-init/rx7_pre.io.bin,6bdb7d544a418b552bddcaded8dc199b6440613c,1024,"tools/race_init_capture.py + tools/race_init_capture.lua, tools/race_init_oracle.py",race_init_capture.py <name>,menu states before each race start (docs/engine/race-init.md),e5298b2482a769aa6458955cd6b18db3ac3f3a20
race-init/rx7_pre.iwram.bin,cac3dbe5adf2a954a374511ebb48dcdc209452aa,32768,"tools/race_init_capture.py + tools/race_init_capture.lua, tools/race_init_oracle.py",race_init_capture.py <name>,menu states before each race start (docs/engine/race-init.md),e5298b2482a769aa6458955cd6b18db3ac3f3a20
race-init/rx7_pre.oam.bin,385b8c375176637f77543d055ba766661f4600b8,1024,"tools/race_init_capture.py + tools/race_init_capture.lua, tools/race_init_oracle.py",race_init_capture.py <name>,menu states before each race start (docs/engine/race-init.md),e5298b2482a769aa6458955cd6b18db3ac3f3a20
race-init/rx7_pre.palette.bin,60cacbf3d72e1e7834203da608037b1bf83b40e8,1024,"tools/race_init_capture.py + tools/race_init_capture.lua, tools/race_init_oracle.py",race_init_capture.py <name>,menu states before each race start (docs/engine/race-init.md),e5298b2482a769aa6458955cd6b18db3ac3f3a20
race-init/rx7_pre.vram.bin,8d5205681afe5fa3ed8984bcf43ab95331354012,98304,"tools/race_init_capture.py + tools/race_init_capture.lua, tools/race_init_oracle.py",race_init_capture.py <name>,menu states before each race start (docs/engine/race-init.md),e5298b2482a769aa6458955cd6b18db3ac3f3a20
race-init/rx7_pre.wram.bin,8c1c7125e18d47a42344682d1be52c0f32b763b6,262144,"tools/race_init_capture.py + tools/race_init_capture.lua, tools/race_init_oracle.py",race_init_capture.py <name>,menu states before each race start (docs/engine/race-init.md),e5298b2482a769aa6458955cd6b18db3ac3f3a20
race-init/rx7_seed.txt,1d383314988e188c925a9b47065e1285e25551e3,3,"tools/race_init_capture.py + tools/race_init_capture.lua, tools/race_init_oracle.py",race_init_capture.py <name>,menu states before each race start (docs/engine/race-init.md),e5298b2482a769aa6458955cd6b18db3ac3f3a20
race-init/sprint_oracle.io.bin,7bacf815b3282f66dad18a973999f596b458d538,1024,"tools/race_init_capture.py + tools/race_init_capture.lua, tools/race_init_oracle.py",race_init_capture.py <name>,menu states before each race start (docs/engine/race-init.md),e5298b2482a769aa6458955cd6b18db3ac3f3a20
race-init/sprint_oracle.iwram.bin,2628a295d12e843cee6e30faa1a71341b1f9e05f,32768,"tools/race_init_capture.py + tools/race_init_capture.lua, tools/race_init_oracle.py",race_init_capture.py <name>,menu states before each race start (docs/engine/race-init.md),e5298b2482a769aa6458955cd6b18db3ac3f3a20
race-init/sprint_oracle.oam.bin,e6122600fea93e226b88c0286b459a5a6fb38232,1024,"tools/race_init_capture.py + tools/race_init_capture.lua, tools/race_init_oracle.py",race_init_capture.py <name>,menu states before each race start (docs/engine/race-init.md),e5298b2482a769aa6458955cd6b18db3ac3f3a20
race-init/sprint_oracle.palette.bin,60cacbf3d72e1e7834203da608037b1bf83b40e8,1024,"tools/race_init_capture.py + tools/race_init_capture.lua, tools/race_init_oracle.py",race_init_capture.py <name>,menu states before each race start (docs/engine/race-init.md),e5298b2482a769aa6458955cd6b18db3ac3f3a20
race-init/sprint_oracle.vram.bin,03f7625f354b565de5abc5d889e500d2ad9830b1,98304,"tools/race_init_capture.py + tools/race_init_capture.lua, tools/race_init_oracle.py",race_init_capture.py <name>,menu states before each race start (docs/engine/race-init.md),e5298b2482a769aa6458955cd6b18db3ac3f3a20
race-init/sprint_oracle.wram.bin,67a4cdf4678a5b86ed22a0e8009a360d5aade88b,262144,"tools/race_init_capture.py + tools/race_init_capture.lua, tools/race_init_oracle.py",race_init_capture.py <name>,menu states before each race start (docs/engine/race-init.md),e5298b2482a769aa6458955cd6b18db3ac3f3a20
race-init/sprint_post.bios.bin,7af2cd740eb86610cc6f1c204d266d0b54499885,16384,"tools/race_init_capture.py + tools/race_init_capture.lua, tools/race_init_oracle.py",race_init_capture.py <name>,menu states before each race start (docs/engine/race-init.md),e5298b2482a769aa6458955cd6b18db3ac3f3a20
race-init/sprint_post.eeprom.bin,08a9ebf51184b9fe72071ba292dfd2fa4778bccc,512,"tools/race_init_capture.py + tools/race_init_capture.lua, tools/race_init_oracle.py",race_init_capture.py <name>,menu states before each race start (docs/engine/race-init.md),e5298b2482a769aa6458955cd6b18db3ac3f3a20
race-init/sprint_post.io.bin,32f1aa3b70b6b170b1fb4f5837d7f3cf8398d2d8,1024,"tools/race_init_capture.py + tools/race_init_capture.lua, tools/race_init_oracle.py",race_init_capture.py <name>,menu states before each race start (docs/engine/race-init.md),e5298b2482a769aa6458955cd6b18db3ac3f3a20
race-init/sprint_post.iwram.bin,d77695b95f602f6cec05347aba211beda36e458e,32768,"tools/race_init_capture.py + tools/race_init_capture.lua, tools/race_init_oracle.py",race_init_capture.py <name>,menu states before each race start (docs/engine/race-init.md),e5298b2482a769aa6458955cd6b18db3ac3f3a20
race-init/sprint_post.oam.bin,e6122600fea93e226b88c0286b459a5a6fb38232,1024,"tools/race_init_capture.py + tools/race_init_capture.lua, tools/race_init_oracle.py",race_init_capture.py <name>,menu states before each race start (docs/engine/race-init.md),e5298b2482a769aa6458955cd6b18db3ac3f3a20
race-init/sprint_post.palette.bin,60cacbf3d72e1e7834203da608037b1bf83b40e8,1024,"tools/race_init_capture.py + tools/race_init_capture.lua, tools/race_init_oracle.py",race_init_capture.py <name>,menu states before each race start (docs/engine/race-init.md),e5298b2482a769aa6458955cd6b18db3ac3f3a20
race-init/sprint_post.vram.bin,03f7625f354b565de5abc5d889e500d2ad9830b1,98304,"tools/race_init_capture.py + tools/race_init_capture.lua, tools/race_init_oracle.py",race_init_capture.py <name>,menu states before each race start (docs/engine/race-init.md),e5298b2482a769aa6458955cd6b18db3ac3f3a20
race-init/sprint_post.wram.bin,95a1a45475541133695a9f727251cfcd2eaa211b,262144,"tools/race_init_capture.py + tools/race_init_capture.lua, tools/race_init_oracle.py",race_init_capture.py <name>,menu states before each race start (docs/engine/race-init.md),e5298b2482a769aa6458955cd6b18db3ac3f3a20
race-init/sprint_pre.bios.bin,7af2cd740eb86610cc6f1c204d266d0b54499885,16384,"tools/race_init_capture.py + tools/race_init_capture.lua, tools/race_init_oracle.py",race_init_capture.py <name>,menu states before each race start (docs/engine/race-init.md),e5298b2482a769aa6458955cd6b18db3ac3f3a20
race-init/sprint_pre.eeprom.bin,08a9ebf51184b9fe72071ba292dfd2fa4778bccc,512,"tools/race_init_capture.py + tools/race_init_capture.lua, tools/race_init_oracle.py",race_init_capture.py <name>,menu states before each race start (docs/engine/race-init.md),e5298b2482a769aa6458955cd6b18db3ac3f3a20
race-init/sprint_pre.io.bin,b45f72ca45a6df277abeeb925eccfe77dd7f5da6,1024,"tools/race_init_capture.py + tools/race_init_capture.lua, tools/race_init_oracle.py",race_init_capture.py <name>,menu states before each race start (docs/engine/race-init.md),e5298b2482a769aa6458955cd6b18db3ac3f3a20
race-init/sprint_pre.iwram.bin,7750ceb0356fa292c70114dbc8d876befd0b21e0,32768,"tools/race_init_capture.py + tools/race_init_capture.lua, tools/race_init_oracle.py",race_init_capture.py <name>,menu states before each race start (docs/engine/race-init.md),e5298b2482a769aa6458955cd6b18db3ac3f3a20
race-init/sprint_pre.oam.bin,385b8c375176637f77543d055ba766661f4600b8,1024,"tools/race_init_capture.py + tools/race_init_capture.lua, tools/race_init_oracle.py",race_init_capture.py <name>,menu states before each race start (docs/engine/race-init.md),e5298b2482a769aa6458955cd6b18db3ac3f3a20
race-init/sprint_pre.palette.bin,60cacbf3d72e1e7834203da608037b1bf83b40e8,1024,"tools/race_init_capture.py + tools/race_init_capture.lua, tools/race_init_oracle.py",race_init_capture.py <name>,menu states before each race start (docs/engine/race-init.md),e5298b2482a769aa6458955cd6b18db3ac3f3a20
race-init/sprint_pre.vram.bin,e810d435f047273034cbceb0c70a025e15974fec,98304,"tools/race_init_capture.py + tools/race_init_capture.lua, tools/race_init_oracle.py",race_init_capture.py <name>,menu states before each race start (docs/engine/race-init.md),e5298b2482a769aa6458955cd6b18db3ac3f3a20
race-init/sprint_pre.wram.bin,e9c92f6038d8ab8831018328d0768bd1b363e837,262144,"tools/race_init_capture.py + tools/race_init_capture.lua, tools/race_init_oracle.py",race_init_capture.py <name>,menu states before each race start (docs/engine/race-init.md),e5298b2482a769aa6458955cd6b18db3ac3f3a20
race-init/sprint_seed.txt,08e5ba8ab2c17ed0eb5cdd45c51f7391ea6190ff,3,"tools/race_init_capture.py + tools/race_init_capture.lua, tools/race_init_oracle.py",race_init_capture.py <name>,menu states before each race start (docs/engine/race-init.md),e5298b2482a769aa6458955cd6b18db3ac3f3a20
race-init/sprintb_oracle.io.bin,3c9933122e7c34f8c69aee8391525a119cb91200,1024,"tools/race_init_capture.py + tools/race_init_capture.lua, tools/race_init_oracle.py",race_init_capture.py <name>,menu states before each race start (docs/engine/race-init.md),e5298b2482a769aa6458955cd6b18db3ac3f3a20
race-init/sprintb_oracle.iwram.bin,825df52398b262e88455c104e243d4b6cef981ca,32768,"tools/race_init_capture.py + tools/race_init_capture.lua, tools/race_init_oracle.py",race_init_capture.py <name>,menu states before each race start (docs/engine/race-init.md),e5298b2482a769aa6458955cd6b18db3ac3f3a20
race-init/sprintb_oracle.oam.bin,e6122600fea93e226b88c0286b459a5a6fb38232,1024,"tools/race_init_capture.py + tools/race_init_capture.lua, tools/race_init_oracle.py",race_init_capture.py <name>,menu states before each race start (docs/engine/race-init.md),e5298b2482a769aa6458955cd6b18db3ac3f3a20
race-init/sprintb_oracle.palette.bin,60cacbf3d72e1e7834203da608037b1bf83b40e8,1024,"tools/race_init_capture.py + tools/race_init_capture.lua, tools/race_init_oracle.py",race_init_capture.py <name>,menu states before each race start (docs/engine/race-init.md),e5298b2482a769aa6458955cd6b18db3ac3f3a20
race-init/sprintb_oracle.vram.bin,03f7625f354b565de5abc5d889e500d2ad9830b1,98304,"tools/race_init_capture.py + tools/race_init_capture.lua, tools/race_init_oracle.py",race_init_capture.py <name>,menu states before each race start (docs/engine/race-init.md),e5298b2482a769aa6458955cd6b18db3ac3f3a20
race-init/sprintb_oracle.wram.bin,07144e11ce4407f11ba1e297d2c890cd79eb504e,262144,"tools/race_init_capture.py + tools/race_init_capture.lua, tools/race_init_oracle.py",race_init_capture.py <name>,menu states before each race start (docs/engine/race-init.md),e5298b2482a769aa6458955cd6b18db3ac3f3a20
race-init/sprintb_post.bios.bin,7af2cd740eb86610cc6f1c204d266d0b54499885,16384,"tools/race_init_capture.py + tools/race_init_capture.lua, tools/race_init_oracle.py",race_init_capture.py <name>,menu states before each race start (docs/engine/race-init.md),e5298b2482a769aa6458955cd6b18db3ac3f3a20
race-init/sprintb_post.eeprom.bin,08a9ebf51184b9fe72071ba292dfd2fa4778bccc,512,"tools/race_init_capture.py + tools/race_init_capture.lua, tools/race_init_oracle.py",race_init_capture.py <name>,menu states before each race start (docs/engine/race-init.md),e5298b2482a769aa6458955cd6b18db3ac3f3a20
race-init/sprintb_post.io.bin,3662ecc0bf6e59003469def748b9ec8d413448e6,1024,"tools/race_init_capture.py + tools/race_init_capture.lua, tools/race_init_oracle.py",race_init_capture.py <name>,menu states before each race start (docs/engine/race-init.md),e5298b2482a769aa6458955cd6b18db3ac3f3a20
race-init/sprintb_post.iwram.bin,ca3ed6edb993e0317f9942623c97991fc199fd51,32768,"tools/race_init_capture.py + tools/race_init_capture.lua, tools/race_init_oracle.py",race_init_capture.py <name>,menu states before each race start (docs/engine/race-init.md),e5298b2482a769aa6458955cd6b18db3ac3f3a20
race-init/sprintb_post.oam.bin,e6122600fea93e226b88c0286b459a5a6fb38232,1024,"tools/race_init_capture.py + tools/race_init_capture.lua, tools/race_init_oracle.py",race_init_capture.py <name>,menu states before each race start (docs/engine/race-init.md),e5298b2482a769aa6458955cd6b18db3ac3f3a20
race-init/sprintb_post.palette.bin,60cacbf3d72e1e7834203da608037b1bf83b40e8,1024,"tools/race_init_capture.py + tools/race_init_capture.lua, tools/race_init_oracle.py",race_init_capture.py <name>,menu states before each race start (docs/engine/race-init.md),e5298b2482a769aa6458955cd6b18db3ac3f3a20
race-init/sprintb_post.vram.bin,03f7625f354b565de5abc5d889e500d2ad9830b1,98304,"tools/race_init_capture.py + tools/race_init_capture.lua, tools/race_init_oracle.py",race_init_capture.py <name>,menu states before each race start (docs/engine/race-init.md),e5298b2482a769aa6458955cd6b18db3ac3f3a20
race-init/sprintb_post.wram.bin,d798537bd7284ba005fee2f4b4795ee4230f04db,262144,"tools/race_init_capture.py + tools/race_init_capture.lua, tools/race_init_oracle.py",race_init_capture.py <name>,menu states before each race start (docs/engine/race-init.md),e5298b2482a769aa6458955cd6b18db3ac3f3a20
race-init/sprintb_pre.bios.bin,7af2cd740eb86610cc6f1c204d266d0b54499885,16384,"tools/race_init_capture.py + tools/race_init_capture.lua, tools/race_init_oracle.py",race_init_capture.py <name>,menu states before each race start (docs/engine/race-init.md),e5298b2482a769aa6458955cd6b18db3ac3f3a20
race-init/sprintb_pre.eeprom.bin,08a9ebf51184b9fe72071ba292dfd2fa4778bccc,512,"tools/race_init_capture.py + tools/race_init_capture.lua, tools/race_init_oracle.py",race_init_capture.py <name>,menu states before each race start (docs/engine/race-init.md),e5298b2482a769aa6458955cd6b18db3ac3f3a20
race-init/sprintb_pre.io.bin,f86085831a5f4d5086d6b5f7a4228f89ef8a5a6a,1024,"tools/race_init_capture.py + tools/race_init_capture.lua, tools/race_init_oracle.py",race_init_capture.py <name>,menu states before each race start (docs/engine/race-init.md),e5298b2482a769aa6458955cd6b18db3ac3f3a20
race-init/sprintb_pre.iwram.bin,931ec8b8e0112d04f10697e83550159f44e410b3,32768,"tools/race_init_capture.py + tools/race_init_capture.lua, tools/race_init_oracle.py",race_init_capture.py <name>,menu states before each race start (docs/engine/race-init.md),e5298b2482a769aa6458955cd6b18db3ac3f3a20
race-init/sprintb_pre.oam.bin,385b8c375176637f77543d055ba766661f4600b8,1024,"tools/race_init_capture.py + tools/race_init_capture.lua, tools/race_init_oracle.py",race_init_capture.py <name>,menu states before each race start (docs/engine/race-init.md),e5298b2482a769aa6458955cd6b18db3ac3f3a20
race-init/sprintb_pre.palette.bin,60cacbf3d72e1e7834203da608037b1bf83b40e8,1024,"tools/race_init_capture.py + tools/race_init_capture.lua, tools/race_init_oracle.py",race_init_capture.py <name>,menu states before each race start (docs/engine/race-init.md),e5298b2482a769aa6458955cd6b18db3ac3f3a20
race-init/sprintb_pre.vram.bin,89dc545a7ef6736ca257fb5a37bc9e3ec279aba7,98304,"tools/race_init_capture.py + tools/race_init_capture.lua, tools/race_init_oracle.py",race_init_capture.py <name>,menu states before each race start (docs/engine/race-init.md),e5298b2482a769aa6458955cd6b18db3ac3f3a20
race-init/sprintb_pre.wram.bin,c7699c5700ac4ea68e9302f818378fd633c22216,262144,"tools/race_init_capture.py + tools/race_init_capture.lua, tools/race_init_oracle.py",race_init_capture.py <name>,menu states before each race start (docs/engine/race-init.md),e5298b2482a769aa6458955cd6b18db3ac3f3a20
race-init/sprintb_seed.txt,08e5ba8ab2c17ed0eb5cdd45c51f7391ea6190ff,3,"tools/race_init_capture.py + tools/race_init_capture.lua, tools/race_init_oracle.py",race_init_capture.py <name>,menu states before each race start (docs/engine/race-init.md),e5298b2482a769aa6458955cd6b18db3ac3f3a20
race-init/sprintinfo.ss,72c662c0b6e33df192027d25c02ef7141de85467,58932,"tools/race_init_capture.py + tools/race_init_capture.lua, tools/race_init_oracle.py",race_init_capture.py <name>,menu states before each race start (docs/engine/race-init.md),e5298b2482a769aa6458955cd6b18db3ac3f3a20
race-init/wingman_oracle.io.bin,105ee335c12d51b55ced21edc327e69485dcacc2,1024,"tools/race_init_capture.py + tools/race_init_capture.lua, tools/race_init_oracle.py",race_init_capture.py <name>,menu states before each race start (docs/engine/race-init.md),e5298b2482a769aa6458955cd6b18db3ac3f3a20
race-init/wingman_oracle.iwram.bin,53ef965d9e71b12be475de6b308dc54b3613a4c6,32768,"tools/race_init_capture.py + tools/race_init_capture.lua, tools/race_init_oracle.py",race_init_capture.py <name>,menu states before each race start (docs/engine/race-init.md),e5298b2482a769aa6458955cd6b18db3ac3f3a20
race-init/wingman_oracle.oam.bin,e6122600fea93e226b88c0286b459a5a6fb38232,1024,"tools/race_init_capture.py + tools/race_init_capture.lua, tools/race_init_oracle.py",race_init_capture.py <name>,menu states before each race start (docs/engine/race-init.md),e5298b2482a769aa6458955cd6b18db3ac3f3a20
race-init/wingman_oracle.palette.bin,60cacbf3d72e1e7834203da608037b1bf83b40e8,1024,"tools/race_init_capture.py + tools/race_init_capture.lua, tools/race_init_oracle.py",race_init_capture.py <name>,menu states before each race start (docs/engine/race-init.md),e5298b2482a769aa6458955cd6b18db3ac3f3a20
race-init/wingman_oracle.vram.bin,03f7625f354b565de5abc5d889e500d2ad9830b1,98304,"tools/race_init_capture.py + tools/race_init_capture.lua, tools/race_init_oracle.py",race_init_capture.py <name>,menu states before each race start (docs/engine/race-init.md),e5298b2482a769aa6458955cd6b18db3ac3f3a20
race-init/wingman_oracle.wram.bin,bd1ebb484f0c92258c2a608175e1bdd7b76db7ab,262144,"tools/race_init_capture.py + tools/race_init_capture.lua, tools/race_init_oracle.py",race_init_capture.py <name>,menu states before each race start (docs/engine/race-init.md),e5298b2482a769aa6458955cd6b18db3ac3f3a20
race-init/wingman_post.bios.bin,7af2cd740eb86610cc6f1c204d266d0b54499885,16384,"tools/race_init_capture.py + tools/race_init_capture.lua, tools/race_init_oracle.py",race_init_capture.py <name>,menu states before each race start (docs/engine/race-init.md),e5298b2482a769aa6458955cd6b18db3ac3f3a20
race-init/wingman_post.eeprom.bin,08a9ebf51184b9fe72071ba292dfd2fa4778bccc,512,"tools/race_init_capture.py + tools/race_init_capture.lua, tools/race_init_oracle.py",race_init_capture.py <name>,menu states before each race start (docs/engine/race-init.md),e5298b2482a769aa6458955cd6b18db3ac3f3a20
race-init/wingman_post.io.bin,2e20b698d2040db3232fa9bab043ac77bcfb87e2,1024,"tools/race_init_capture.py + tools/race_init_capture.lua, tools/race_init_oracle.py",race_init_capture.py <name>,menu states before each race start (docs/engine/race-init.md),e5298b2482a769aa6458955cd6b18db3ac3f3a20
race-init/wingman_post.iwram.bin,9f8358a72d3c67d85fd311e19cf33937ed01d8e6,32768,"tools/race_init_capture.py + tools/race_init_capture.lua, tools/race_init_oracle.py",race_init_capture.py <name>,menu states before each race start (docs/engine/race-init.md),e5298b2482a769aa6458955cd6b18db3ac3f3a20
race-init/wingman_post.oam.bin,e6122600fea93e226b88c0286b459a5a6fb38232,1024,"tools/race_init_capture.py + tools/race_init_capture.lua, tools/race_init_oracle.py",race_init_capture.py <name>,menu states before each race start (docs/engine/race-init.md),e5298b2482a769aa6458955cd6b18db3ac3f3a20
race-init/wingman_post.palette.bin,60cacbf3d72e1e7834203da608037b1bf83b40e8,1024,"tools/race_init_capture.py + tools/race_init_capture.lua, tools/race_init_oracle.py",race_init_capture.py <name>,menu states before each race start (docs/engine/race-init.md),e5298b2482a769aa6458955cd6b18db3ac3f3a20
race-init/wingman_post.vram.bin,03f7625f354b565de5abc5d889e500d2ad9830b1,98304,"tools/race_init_capture.py + tools/race_init_capture.lua, tools/race_init_oracle.py",race_init_capture.py <name>,menu states before each race start (docs/engine/race-init.md),e5298b2482a769aa6458955cd6b18db3ac3f3a20
race-init/wingman_post.wram.bin,a316d757809006f40fec18b7e2e1155eb16f4dcd,262144,"tools/race_init_capture.py + tools/race_init_capture.lua, tools/race_init_oracle.py",race_init_capture.py <name>,menu states before each race start (docs/engine/race-init.md),e5298b2482a769aa6458955cd6b18db3ac3f3a20
race-init/wingman_pre.bios.bin,7af2cd740eb86610cc6f1c204d266d0b54499885,16384,"tools/race_init_capture.py + tools/race_init_capture.lua, tools/race_init_oracle.py",race_init_capture.py <name>,menu states before each race start (docs/engine/race-init.md),e5298b2482a769aa6458955cd6b18db3ac3f3a20
race-init/wingman_pre.eeprom.bin,08a9ebf51184b9fe72071ba292dfd2fa4778bccc,512,"tools/race_init_capture.py + tools/race_init_capture.lua, tools/race_init_oracle.py",race_init_capture.py <name>,menu states before each race start (docs/engine/race-init.md),e5298b2482a769aa6458955cd6b18db3ac3f3a20
race-init/wingman_pre.io.bin,bbdfc08922509922c9dfa1536adf20ca29923d9c,1024,"tools/race_init_capture.py + tools/race_init_capture.lua, tools/race_init_oracle.py",race_init_capture.py <name>,menu states before each race start (docs/engine/race-init.md),e5298b2482a769aa6458955cd6b18db3ac3f3a20
race-init/wingman_pre.iwram.bin,954d950c6769f7c35d85850e5cd15125d65412c6,32768,"tools/race_init_capture.py + tools/race_init_capture.lua, tools/race_init_oracle.py",race_init_capture.py <name>,menu states before each race start (docs/engine/race-init.md),e5298b2482a769aa6458955cd6b18db3ac3f3a20
race-init/wingman_pre.oam.bin,385b8c375176637f77543d055ba766661f4600b8,1024,"tools/race_init_capture.py + tools/race_init_capture.lua, tools/race_init_oracle.py",race_init_capture.py <name>,menu states before each race start (docs/engine/race-init.md),e5298b2482a769aa6458955cd6b18db3ac3f3a20
race-init/wingman_pre.palette.bin,60cacbf3d72e1e7834203da608037b1bf83b40e8,1024,"tools/race_init_capture.py + tools/race_init_capture.lua, tools/race_init_oracle.py",race_init_capture.py <name>,menu states before each race start (docs/engine/race-init.md),e5298b2482a769aa6458955cd6b18db3ac3f3a20
race-init/wingman_pre.vram.bin,39695100d2cfbcdea2b6191c675d7d5a63739983,98304,"tools/race_init_capture.py + tools/race_init_capture.lua, tools/race_init_oracle.py",race_init_capture.py <name>,menu states before each race start (docs/engine/race-init.md),e5298b2482a769aa6458955cd6b18db3ac3f3a20
race-init/wingman_pre.wram.bin,8ed031183054e18f0ccc09d787684e82a6529bf0,262144,"tools/race_init_capture.py + tools/race_init_capture.lua, tools/race_init_oracle.py",race_init_capture.py <name>,menu states before each race start (docs/engine/race-init.md),e5298b2482a769aa6458955cd6b18db3ac3f3a20
race-init/wingman_seed.txt,08e5ba8ab2c17ed0eb5cdd45c51f7391ea6190ff,3,"tools/race_init_capture.py + tools/race_init_capture.lua, tools/race_init_oracle.py",race_init_capture.py <name>,menu states before each race start (docs/engine/race-init.md),e5298b2482a769aa6458955cd6b18db3ac3f3a20
race-init/wingmanb_oracle.io.bin,33ec1b2beb0752747c835182abcd08f86b3bdbc8,1024,"tools/race_init_capture.py + tools/race_init_capture.lua, tools/race_init_oracle.py",race_init_capture.py <name>,menu states before each race start (docs/engine/race-init.md),e5298b2482a769aa6458955cd6b18db3ac3f3a20
race-init/wingmanb_oracle.iwram.bin,d0764a4a5281d1def085787fc8b1619aff1703bb,32768,"tools/race_init_capture.py + tools/race_init_capture.lua, tools/race_init_oracle.py",race_init_capture.py <name>,menu states before each race start (docs/engine/race-init.md),e5298b2482a769aa6458955cd6b18db3ac3f3a20
race-init/wingmanb_oracle.oam.bin,e6122600fea93e226b88c0286b459a5a6fb38232,1024,"tools/race_init_capture.py + tools/race_init_capture.lua, tools/race_init_oracle.py",race_init_capture.py <name>,menu states before each race start (docs/engine/race-init.md),e5298b2482a769aa6458955cd6b18db3ac3f3a20
race-init/wingmanb_oracle.palette.bin,60cacbf3d72e1e7834203da608037b1bf83b40e8,1024,"tools/race_init_capture.py + tools/race_init_capture.lua, tools/race_init_oracle.py",race_init_capture.py <name>,menu states before each race start (docs/engine/race-init.md),e5298b2482a769aa6458955cd6b18db3ac3f3a20
race-init/wingmanb_oracle.vram.bin,03f7625f354b565de5abc5d889e500d2ad9830b1,98304,"tools/race_init_capture.py + tools/race_init_capture.lua, tools/race_init_oracle.py",race_init_capture.py <name>,menu states before each race start (docs/engine/race-init.md),e5298b2482a769aa6458955cd6b18db3ac3f3a20
race-init/wingmanb_oracle.wram.bin,7e56128940d4c68e491e59f76cc4713a41364aaf,262144,"tools/race_init_capture.py + tools/race_init_capture.lua, tools/race_init_oracle.py",race_init_capture.py <name>,menu states before each race start (docs/engine/race-init.md),e5298b2482a769aa6458955cd6b18db3ac3f3a20
race-init/wingmanb_post.bios.bin,7af2cd740eb86610cc6f1c204d266d0b54499885,16384,"tools/race_init_capture.py + tools/race_init_capture.lua, tools/race_init_oracle.py",race_init_capture.py <name>,menu states before each race start (docs/engine/race-init.md),e5298b2482a769aa6458955cd6b18db3ac3f3a20
race-init/wingmanb_post.eeprom.bin,08a9ebf51184b9fe72071ba292dfd2fa4778bccc,512,"tools/race_init_capture.py + tools/race_init_capture.lua, tools/race_init_oracle.py",race_init_capture.py <name>,menu states before each race start (docs/engine/race-init.md),e5298b2482a769aa6458955cd6b18db3ac3f3a20
race-init/wingmanb_post.io.bin,130d9cdb0f2ebc78d3a8ac136cff27d4f553638d,1024,"tools/race_init_capture.py + tools/race_init_capture.lua, tools/race_init_oracle.py",race_init_capture.py <name>,menu states before each race start (docs/engine/race-init.md),e5298b2482a769aa6458955cd6b18db3ac3f3a20
race-init/wingmanb_post.iwram.bin,ef220444b822848bbc23c08b15d749a272b7bdd0,32768,"tools/race_init_capture.py + tools/race_init_capture.lua, tools/race_init_oracle.py",race_init_capture.py <name>,menu states before each race start (docs/engine/race-init.md),e5298b2482a769aa6458955cd6b18db3ac3f3a20
race-init/wingmanb_post.oam.bin,e6122600fea93e226b88c0286b459a5a6fb38232,1024,"tools/race_init_capture.py + tools/race_init_capture.lua, tools/race_init_oracle.py",race_init_capture.py <name>,menu states before each race start (docs/engine/race-init.md),e5298b2482a769aa6458955cd6b18db3ac3f3a20
race-init/wingmanb_post.palette.bin,60cacbf3d72e1e7834203da608037b1bf83b40e8,1024,"tools/race_init_capture.py + tools/race_init_capture.lua, tools/race_init_oracle.py",race_init_capture.py <name>,menu states before each race start (docs/engine/race-init.md),e5298b2482a769aa6458955cd6b18db3ac3f3a20
race-init/wingmanb_post.vram.bin,03f7625f354b565de5abc5d889e500d2ad9830b1,98304,"tools/race_init_capture.py + tools/race_init_capture.lua, tools/race_init_oracle.py",race_init_capture.py <name>,menu states before each race start (docs/engine/race-init.md),e5298b2482a769aa6458955cd6b18db3ac3f3a20
race-init/wingmanb_post.wram.bin,cef16af2f5dab3612fbd776580e68c9de42eee10,262144,"tools/race_init_capture.py + tools/race_init_capture.lua, tools/race_init_oracle.py",race_init_capture.py <name>,menu states before each race start (docs/engine/race-init.md),e5298b2482a769aa6458955cd6b18db3ac3f3a20
race-init/wingmanb_pre.bios.bin,7af2cd740eb86610cc6f1c204d266d0b54499885,16384,"tools/race_init_capture.py + tools/race_init_capture.lua, tools/race_init_oracle.py",race_init_capture.py <name>,menu states before each race start (docs/engine/race-init.md),e5298b2482a769aa6458955cd6b18db3ac3f3a20
race-init/wingmanb_pre.eeprom.bin,08a9ebf51184b9fe72071ba292dfd2fa4778bccc,512,"tools/race_init_capture.py + tools/race_init_capture.lua, tools/race_init_oracle.py",race_init_capture.py <name>,menu states before each race start (docs/engine/race-init.md),e5298b2482a769aa6458955cd6b18db3ac3f3a20
race-init/wingmanb_pre.io.bin,7fe3710a01e647291d639d00a7ab4d75296578e9,1024,"tools/race_init_capture.py + tools/race_init_capture.lua, tools/race_init_oracle.py",race_init_capture.py <name>,menu states before each race start (docs/engine/race-init.md),e5298b2482a769aa6458955cd6b18db3ac3f3a20
race-init/wingmanb_pre.iwram.bin,dc1ba0075ca8ff21f0d21cc40b3e0b2ca5b169ed,32768,"tools/race_init_capture.py + tools/race_init_capture.lua, tools/race_init_oracle.py",race_init_capture.py <name>,menu states before each race start (docs/engine/race-init.md),e5298b2482a769aa6458955cd6b18db3ac3f3a20
race-init/wingmanb_pre.oam.bin,385b8c375176637f77543d055ba766661f4600b8,1024,"tools/race_init_capture.py + tools/race_init_capture.lua, tools/race_init_oracle.py",race_init_capture.py <name>,menu states before each race start (docs/engine/race-init.md),e5298b2482a769aa6458955cd6b18db3ac3f3a20
race-init/wingmanb_pre.palette.bin,60cacbf3d72e1e7834203da608037b1bf83b40e8,1024,"tools/race_init_capture.py + tools/race_init_capture.lua, tools/race_init_oracle.py",race_init_capture.py <name>,menu states before each race start (docs/engine/race-init.md),e5298b2482a769aa6458955cd6b18db3ac3f3a20
race-init/wingmanb_pre.vram.bin,55e15b689f42710dfb3e44214b464a4a6b06555a,98304,"tools/race_init_capture.py + tools/race_init_capture.lua, tools/race_init_oracle.py",race_init_capture.py <name>,menu states before each race start (docs/engine/race-init.md),e5298b2482a769aa6458955cd6b18db3ac3f3a20
race-init/wingmanb_pre.wram.bin,e485cda110ec554185dde10659619adabad2df46,262144,"tools/race_init_capture.py + tools/race_init_capture.lua, tools/race_init_oracle.py",race_init_capture.py <name>,menu states before each race start (docs/engine/race-init.md),e5298b2482a769aa6458955cd6b18db3ac3f3a20
race-init/wingmanb_seed.txt,08e5ba8ab2c17ed0eb5cdd45c51f7391ea6190ff,3,"tools/race_init_capture.py + tools/race_init_capture.lua, tools/race_init_oracle.py",race_init_capture.py <name>,menu states before each race start (docs/engine/race-init.md),e5298b2482a769aa6458955cd6b18db3ac3f3a20
race-init/wingmaninfo.ss,26540226bd95058423739a39a002968cdd021dc7,67529,"tools/race_init_capture.py + tools/race_init_capture.lua, tools/race_init_oracle.py",race_init_capture.py <name>,menu states before each race start (docs/engine/race-init.md),e5298b2482a769aa6458955cd6b18db3ac3f3a20
race-rules/BN7E_v0_e5298b24.sav,29e699e339fb4fdfbf416d91fcc607bac6e56df1,512,tools/trace_race_rules.lua + tools/oracle_race_rules.py,"see docs/formats/career.md, Race-rule checks",Quick Play and career races (savestates in the folder),e5298b2482a769aa6458955cd6b18db3ac3f3a20
race-rules/a1.bios.bin,7af2cd740eb86610cc6f1c204d266d0b54499885,16384,tools/trace_race_rules.lua + tools/oracle_race_rules.py,"see docs/formats/career.md, Race-rule checks",Quick Play and career races (savestates in the folder),e5298b2482a769aa6458955cd6b18db3ac3f3a20
race-rules/a1.eeprom.bin,08a9ebf51184b9fe72071ba292dfd2fa4778bccc,512,tools/trace_race_rules.lua + tools/oracle_race_rules.py,"see docs/formats/career.md, Race-rule checks",Quick Play and career races (savestates in the folder),e5298b2482a769aa6458955cd6b18db3ac3f3a20
race-rules/a1.io.bin,3a65f74b4d8df07274c8564244dcf0e0662f97e5,1024,tools/trace_race_rules.lua + tools/oracle_race_rules.py,"see docs/formats/career.md, Race-rule checks",Quick Play and career races (savestates in the folder),e5298b2482a769aa6458955cd6b18db3ac3f3a20
race-rules/a1.iwram.bin,15329829a2973dc9492a62b896338760268ee754,32768,tools/trace_race_rules.lua + tools/oracle_race_rules.py,"see docs/formats/career.md, Race-rule checks",Quick Play and career races (savestates in the folder),e5298b2482a769aa6458955cd6b18db3ac3f3a20
race-rules/a1.oam.bin,edc5ad3a9c87fc03f674034f0950a16f5f543e25,1024,tools/trace_race_rules.lua + tools/oracle_race_rules.py,"see docs/formats/career.md, Race-rule checks",Quick Play and career races (savestates in the folder),e5298b2482a769aa6458955cd6b18db3ac3f3a20
race-rules/a1.palette.bin,0caafe0703183b22e35edc704b468ca0522b4845,1024,tools/trace_race_rules.lua + tools/oracle_race_rules.py,"see docs/formats/career.md, Race-rule checks",Quick Play and career races (savestates in the folder),e5298b2482a769aa6458955cd6b18db3ac3f3a20
race-rules/a1.png,51027694ee3dde17a4d98a91d3736745f35e68fb,16800,tools/trace_race_rules.lua + tools/oracle_race_rules.py,"see docs/formats/career.md, Race-rule checks",Quick Play and career races (savestates in the folder),e5298b2482a769aa6458955cd6b18db3ac3f3a20
race-rules/a1.vram.bin,0c20802064e8c22ffed10e2bb8189e700796eb81,98304,tools/trace_race_rules.lua + tools/oracle_race_rules.py,"see docs/formats/career.md, Race-rule checks",Quick Play and career races (savestates in the folder),e5298b2482a769aa6458955cd6b18db3ac3f3a20
race-rules/a1.wram.bin,cfe0aeae20ca4c00e1d44a5e0e792fe0ccb29319,262144,tools/trace_race_rules.lua + tools/oracle_race_rules.py,"see docs/formats/career.md, Race-rule checks",Quick Play and career races (savestates in the folder),e5298b2482a769aa6458955cd6b18db3ac3f3a20
race-rules/a2.bios.bin,7af2cd740eb86610cc6f1c204d266d0b54499885,16384,tools/trace_race_rules.lua + tools/oracle_race_rules.py,"see docs/formats/career.md, Race-rule checks",Quick Play and career races (savestates in the folder),e5298b2482a769aa6458955cd6b18db3ac3f3a20
race-rules/a2.eeprom.bin,08a9ebf51184b9fe72071ba292dfd2fa4778bccc,512,tools/trace_race_rules.lua + tools/oracle_race_rules.py,"see docs/formats/career.md, Race-rule checks",Quick Play and career races (savestates in the folder),e5298b2482a769aa6458955cd6b18db3ac3f3a20
race-rules/a2.io.bin,c19f9a575f0a77dc8eb61383a3c4bc1e9e520a96,1024,tools/trace_race_rules.lua + tools/oracle_race_rules.py,"see docs/formats/career.md, Race-rule checks",Quick Play and career races (savestates in the folder),e5298b2482a769aa6458955cd6b18db3ac3f3a20
race-rules/a2.iwram.bin,4b2e2755f64c54376fb0ab42a359317d4dda11fd,32768,tools/trace_race_rules.lua + tools/oracle_race_rules.py,"see docs/formats/career.md, Race-rule checks",Quick Play and career races (savestates in the folder),e5298b2482a769aa6458955cd6b18db3ac3f3a20
race-rules/a2.oam.bin,d4c857ce806b97072f8e5d40aa7435df6c0b9f4c,1024,tools/trace_race_rules.lua + tools/oracle_race_rules.py,"see docs/formats/career.md, Race-rule checks",Quick Play and career races (savestates in the folder),e5298b2482a769aa6458955cd6b18db3ac3f3a20
race-rules/a2.palette.bin,e511989fa3a338d276609b5667edf665619df03b,1024,tools/trace_race_rules.lua + tools/oracle_race_rules.py,"see docs/formats/career.md, Race-rule checks",Quick Play and career races (savestates in the folder),e5298b2482a769aa6458955cd6b18db3ac3f3a20
race-rules/a2.png,615ff36cec4629d6919ba39e375a7ead6923bad5,35779,tools/trace_race_rules.lua + tools/oracle_race_rules.py,"see docs/formats/career.md, Race-rule checks",Quick Play and career races (savestates in the folder),e5298b2482a769aa6458955cd6b18db3ac3f3a20
race-rules/a2.vram.bin,5bb32831672400de62e3922ff64ede2f96b23150,98304,tools/trace_race_rules.lua + tools/oracle_race_rules.py,"see docs/formats/career.md, Race-rule checks",Quick Play and career races (savestates in the folder),e5298b2482a769aa6458955cd6b18db3ac3f3a20
race-rules/a2.wram.bin,87d8b43da1bab7c9c27d8f7e1cc1178fe41db8c6,262144,tools/trace_race_rules.lua + tools/oracle_race_rules.py,"see docs/formats/career.md, Race-rule checks",Quick Play and career races (savestates in the folder),e5298b2482a769aa6458955cd6b18db3ac3f3a20
race-rules/a3.bios.bin,7af2cd740eb86610cc6f1c204d266d0b54499885,16384,tools/trace_race_rules.lua + tools/oracle_race_rules.py,"see docs/formats/career.md, Race-rule checks",Quick Play and career races (savestates in the folder),e5298b2482a769aa6458955cd6b18db3ac3f3a20
race-rules/a3.eeprom.bin,08a9ebf51184b9fe72071ba292dfd2fa4778bccc,512,tools/trace_race_rules.lua + tools/oracle_race_rules.py,"see docs/formats/career.md, Race-rule checks",Quick Play and career races (savestates in the folder),e5298b2482a769aa6458955cd6b18db3ac3f3a20
race-rules/a3.io.bin,540647c136b246c780ed2d1261e1b50f4f6dd3cf,1024,tools/trace_race_rules.lua + tools/oracle_race_rules.py,"see docs/formats/career.md, Race-rule checks",Quick Play and career races (savestates in the folder),e5298b2482a769aa6458955cd6b18db3ac3f3a20
race-rules/a3.iwram.bin,7c7f15b5b12a76e3b0fe81cd0b68a44870b1bd06,32768,tools/trace_race_rules.lua + tools/oracle_race_rules.py,"see docs/formats/career.md, Race-rule checks",Quick Play and career races (savestates in the folder),e5298b2482a769aa6458955cd6b18db3ac3f3a20
race-rules/a3.oam.bin,98f7281e3d0682a643f9d9068e9bf83c17eacc45,1024,tools/trace_race_rules.lua + tools/oracle_race_rules.py,"see docs/formats/career.md, Race-rule checks",Quick Play and career races (savestates in the folder),e5298b2482a769aa6458955cd6b18db3ac3f3a20
race-rules/a3.palette.bin,aad1b6f0f1d269eed950766578b1f73395a87367,1024,tools/trace_race_rules.lua + tools/oracle_race_rules.py,"see docs/formats/career.md, Race-rule checks",Quick Play and career races (savestates in the folder),e5298b2482a769aa6458955cd6b18db3ac3f3a20
race-rules/a3.png,4d81c47225b833ad337cd358cecbb38f56efcf44,36714,tools/trace_race_rules.lua + tools/oracle_race_rules.py,"see docs/formats/career.md, Race-rule checks",Quick Play and career races (savestates in the folder),e5298b2482a769aa6458955cd6b18db3ac3f3a20
race-rules/a3.vram.bin,cb04f2a1a5339aa0a62e44e621081c336ecbb17a,98304,tools/trace_race_rules.lua + tools/oracle_race_rules.py,"see docs/formats/career.md, Race-rule checks",Quick Play and career races (savestates in the folder),e5298b2482a769aa6458955cd6b18db3ac3f3a20
race-rules/a3.wram.bin,44432bae9d883ad09bb2080b8d3fcaac62cb45c6,262144,tools/trace_race_rules.lua + tools/oracle_race_rules.py,"see docs/formats/career.md, Race-rule checks",Quick Play and career races (savestates in the folder),e5298b2482a769aa6458955cd6b18db3ac3f3a20
race-rules/a4.bios.bin,7af2cd740eb86610cc6f1c204d266d0b54499885,16384,tools/trace_race_rules.lua + tools/oracle_race_rules.py,"see docs/formats/career.md, Race-rule checks",Quick Play and career races (savestates in the folder),e5298b2482a769aa6458955cd6b18db3ac3f3a20
race-rules/a4.eeprom.bin,08a9ebf51184b9fe72071ba292dfd2fa4778bccc,512,tools/trace_race_rules.lua + tools/oracle_race_rules.py,"see docs/formats/career.md, Race-rule checks",Quick Play and career races (savestates in the folder),e5298b2482a769aa6458955cd6b18db3ac3f3a20
race-rules/a4.io.bin,9c3f7faf754e8ca7e02e6354b36215faa708d4f6,1024,tools/trace_race_rules.lua + tools/oracle_race_rules.py,"see docs/formats/career.md, Race-rule checks",Quick Play and career races (savestates in the folder),e5298b2482a769aa6458955cd6b18db3ac3f3a20
race-rules/a4.iwram.bin,193c70170abf2586b4634ca581bbeaa08016baf5,32768,tools/trace_race_rules.lua + tools/oracle_race_rules.py,"see docs/formats/career.md, Race-rule checks",Quick Play and career races (savestates in the folder),e5298b2482a769aa6458955cd6b18db3ac3f3a20
race-rules/a4.oam.bin,385b8c375176637f77543d055ba766661f4600b8,1024,tools/trace_race_rules.lua + tools/oracle_race_rules.py,"see docs/formats/career.md, Race-rule checks",Quick Play and career races (savestates in the folder),e5298b2482a769aa6458955cd6b18db3ac3f3a20
race-rules/a4.palette.bin,60ed67f6eacb1e8daa9f8dff8f40b7e5f34eb083,1024,tools/trace_race_rules.lua + tools/oracle_race_rules.py,"see docs/formats/career.md, Race-rule checks",Quick Play and career races (savestates in the folder),e5298b2482a769aa6458955cd6b18db3ac3f3a20
race-rules/a4.png,bf97428a42c05d73e140f3a3ee666bfb80068ea2,21319,tools/trace_race_rules.lua + tools/oracle_race_rules.py,"see docs/formats/career.md, Race-rule checks",Quick Play and career races (savestates in the folder),e5298b2482a769aa6458955cd6b18db3ac3f3a20
race-rules/a4.vram.bin,2109dee7bc6602b12e8b57f289d5db4800187af7,98304,tools/trace_race_rules.lua + tools/oracle_race_rules.py,"see docs/formats/career.md, Race-rule checks",Quick Play and career races (savestates in the folder),e5298b2482a769aa6458955cd6b18db3ac3f3a20
race-rules/a4.wram.bin,1771cf650b72bb36786c35c139a2baa784118394,262144,tools/trace_race_rules.lua + tools/oracle_race_rules.py,"see docs/formats/career.md, Race-rule checks",Quick Play and career races (savestates in the folder),e5298b2482a769aa6458955cd6b18db3ac3f3a20
race-rules/after_career1.ss,d7bc6fdac6cbc20ab9b7cb4f335f553d4bae7c74,113558,tools/trace_race_rules.lua + tools/oracle_race_rules.py,"see docs/formats/career.md, Race-rule checks",Quick Play and career races (savestates in the folder),e5298b2482a769aa6458955cd6b18db3ac3f3a20
race-rules/attacker_start.ss,9d72eda74fdb8e757ddea079b97f2b8907fbc872,141601,tools/trace_race_rules.lua + tools/oracle_race_rules.py,"see docs/formats/career.md, Race-rule checks",Quick Play and career races (savestates in the folder),e5298b2482a769aa6458955cd6b18db3ac3f3a20
race-rules/c0.png,cdae85125501f126b8eae1f2936d06b54928b128,57894,tools/trace_race_rules.lua + tools/oracle_race_rules.py,"see docs/formats/career.md, Race-rule checks",Quick Play and career races (savestates in the folder),e5298b2482a769aa6458955cd6b18db3ac3f3a20
race-rules/c1.png,6bb2f677520540ff3c3e474ba324748d06445857,44203,tools/trace_race_rules.lua + tools/oracle_race_rules.py,"see docs/formats/career.md, Race-rule checks",Quick Play and career races (savestates in the folder),e5298b2482a769aa6458955cd6b18db3ac3f3a20
race-rules/c2.png,7da8922e80e799f4aefa0ad28a334f4addb23b1b,53862,tools/trace_race_rules.lua + tools/oracle_race_rules.py,"see docs/formats/career.md, Race-rule checks",Quick Play and career races (savestates in the folder),e5298b2482a769aa6458955cd6b18db3ac3f3a20
race-rules/c3.png,70eb40380067bb9ae5db44b940ca10d55ccaaee0,45219,tools/trace_race_rules.lua + tools/oracle_race_rules.py,"see docs/formats/career.md, Race-rule checks",Quick Play and career races (savestates in the folder),e5298b2482a769aa6458955cd6b18db3ac3f3a20
race-rules/c4.png,cfa68faae2e04c42703abd2e5eb03e214bd67f4c,18857,tools/trace_race_rules.lua + tools/oracle_race_rules.py,"see docs/formats/career.md, Race-rule checks",Quick Play and career races (savestates in the folder),e5298b2482a769aa6458955cd6b18db3ac3f3a20
race-rules/c5.png,dbc0e47620df7529aa350e0862fe94767fad7e66,42502,tools/trace_race_rules.lua + tools/oracle_race_rules.py,"see docs/formats/career.md, Race-rule checks",Quick Play and career races (savestates in the folder),e5298b2482a769aa6458955cd6b18db3ac3f3a20
race-rules/c6.png,dbc0e47620df7529aa350e0862fe94767fad7e66,42502,tools/trace_race_rules.lua + tools/oracle_race_rules.py,"see docs/formats/career.md, Race-rule checks",Quick Play and career races (savestates in the folder),e5298b2482a769aa6458955cd6b18db3ac3f3a20
race-rules/c7.png,5a1256298058112605ab86b61125f1ce118a044e,44164,tools/trace_race_rules.lua + tools/oracle_race_rules.py,"see docs/formats/career.md, Race-rule checks",Quick Play and career races (savestates in the folder),e5298b2482a769aa6458955cd6b18db3ac3f3a20
race-rules/c8.png,af3118933c229bf9df2270e2ee275709c7740bab,40760,tools/trace_race_rules.lua + tools/oracle_race_rules.py,"see docs/formats/career.md, Race-rule checks",Quick Play and career races (savestates in the folder),e5298b2482a769aa6458955cd6b18db3ac3f3a20
race-rules/c9.png,4aeda500bc0bbe4badda9ed42d18be120314636b,15604,tools/trace_race_rules.lua + tools/oracle_race_rules.py,"see docs/formats/career.md, Race-rule checks",Quick Play and career races (savestates in the folder),e5298b2482a769aa6458955cd6b18db3ac3f3a20
race-rules/car_select.ss,854c87f642c3a341972039bcfba65964209dd711,111088,tools/trace_race_rules.lua + tools/oracle_race_rules.py,"see docs/formats/career.md, Race-rule checks",Quick Play and career races (savestates in the folder),e5298b2482a769aa6458955cd6b18db3ac3f3a20
race-rules/career1.ss,98b339bf119546ac01d39328f8120fcab9e58333,135471,tools/trace_race_rules.lua + tools/oracle_race_rules.py,"see docs/formats/career.md, Race-rule checks",Quick Play and career races (savestates in the folder),e5298b2482a769aa6458955cd6b18db3ac3f3a20
race-rules/career_ev0.ss,d2cddcb7baa471fead480f269cf378c48606a971,139895,tools/trace_race_rules.lua + tools/oracle_race_rules.py,"see docs/formats/career.md, Race-rule checks",Quick Play and career races (savestates in the folder),e5298b2482a769aa6458955cd6b18db3ac3f3a20
race-rules/crew_house.ss,dd79969f3b94465d26c23f44abbc94a92c953231,110270,tools/trace_race_rules.lua + tools/oracle_race_rules.py,"see docs/formats/career.md, Race-rule checks",Quick Play and career races (savestates in the folder),e5298b2482a769aa6458955cd6b18db3ac3f3a20
race-rules/done.txt,75d4f3fb6b4db0bed0c5b9cf49236f29ee25d228,19,tools/trace_race_rules.lua + tools/oracle_race_rules.py,"see docs/formats/career.md, Race-rule checks",Quick Play and career races (savestates in the folder),e5298b2482a769aa6458955cd6b18db3ac3f3a20
race-rules/e1.bios.bin,7af2cd740eb86610cc6f1c204d266d0b54499885,16384,tools/trace_race_rules.lua + tools/oracle_race_rules.py,"see docs/formats/career.md, Race-rule checks",Quick Play and career races (savestates in the folder),e5298b2482a769aa6458955cd6b18db3ac3f3a20
race-rules/e1.eeprom.bin,08a9ebf51184b9fe72071ba292dfd2fa4778bccc,512,tools/trace_race_rules.lua + tools/oracle_race_rules.py,"see docs/formats/career.md, Race-rule checks",Quick Play and career races (savestates in the folder),e5298b2482a769aa6458955cd6b18db3ac3f3a20
race-rules/e1.io.bin,dcce281979799a50b7e8ea4976281ee850beced7,1024,tools/trace_race_rules.lua + tools/oracle_race_rules.py,"see docs/formats/career.md, Race-rule checks",Quick Play and career races (savestates in the folder),e5298b2482a769aa6458955cd6b18db3ac3f3a20
race-rules/e1.iwram.bin,c9122e1c8f1891b99548b9b339b87fedc4b2b860,32768,tools/trace_race_rules.lua + tools/oracle_race_rules.py,"see docs/formats/career.md, Race-rule checks",Quick Play and career races (savestates in the folder),e5298b2482a769aa6458955cd6b18db3ac3f3a20
race-rules/e1.oam.bin,385b8c375176637f77543d055ba766661f4600b8,1024,tools/trace_race_rules.lua + tools/oracle_race_rules.py,"see docs/formats/career.md, Race-rule checks",Quick Play and career races (savestates in the folder),e5298b2482a769aa6458955cd6b18db3ac3f3a20
race-rules/e1.palette.bin,2192b04005389fd151eccd0cc5f82a4a1f50be2b,1024,tools/trace_race_rules.lua + tools/oracle_race_rules.py,"see docs/formats/career.md, Race-rule checks",Quick Play and career races (savestates in the folder),e5298b2482a769aa6458955cd6b18db3ac3f3a20
race-rules/e1.png,1d517b5b4481e73d9c07ffd9f8d6c184cd052abb,43103,tools/trace_race_rules.lua + tools/oracle_race_rules.py,"see docs/formats/career.md, Race-rule checks",Quick Play and career races (savestates in the folder),e5298b2482a769aa6458955cd6b18db3ac3f3a20
race-rules/e1.vram.bin,506491bd1c488dd05f424ccf13257d5bc4dfe907,98304,tools/trace_race_rules.lua + tools/oracle_race_rules.py,"see docs/formats/career.md, Race-rule checks",Quick Play and career races (savestates in the folder),e5298b2482a769aa6458955cd6b18db3ac3f3a20
race-rules/e1.wram.bin,da800a28ebfbc933ef1c19dadbb8ce437143124f,262144,tools/trace_race_rules.lua + tools/oracle_race_rules.py,"see docs/formats/career.md, Race-rule checks",Quick Play and career races (savestates in the folder),e5298b2482a769aa6458955cd6b18db3ac3f3a20
race-rules/e2.png,ffe99f545fe2a711dde32598ae3739c5f26fe6d5,39912,tools/trace_race_rules.lua + tools/oracle_race_rules.py,"see docs/formats/career.md, Race-rule checks",Quick Play and career races (savestates in the folder),e5298b2482a769aa6458955cd6b18db3ac3f3a20
race-rules/e3.png,f999204f03bdfadc58a766a729053c3b69cddbc7,40623,tools/trace_race_rules.lua + tools/oracle_race_rules.py,"see docs/formats/career.md, Race-rule checks",Quick Play and career races (savestates in the folder),e5298b2482a769aa6458955cd6b18db3ac3f3a20
race-rules/e4.bios.bin,7af2cd740eb86610cc6f1c204d266d0b54499885,16384,tools/trace_race_rules.lua + tools/oracle_race_rules.py,"see docs/formats/career.md, Race-rule checks",Quick Play and career races (savestates in the folder),e5298b2482a769aa6458955cd6b18db3ac3f3a20
race-rules/e4.eeprom.bin,08a9ebf51184b9fe72071ba292dfd2fa4778bccc,512,tools/trace_race_rules.lua + tools/oracle_race_rules.py,"see docs/formats/career.md, Race-rule checks",Quick Play and career races (savestates in the folder),e5298b2482a769aa6458955cd6b18db3ac3f3a20
race-rules/e4.io.bin,2e430b8add65772381d7be54e47da73224e787b1,1024,tools/trace_race_rules.lua + tools/oracle_race_rules.py,"see docs/formats/career.md, Race-rule checks",Quick Play and career races (savestates in the folder),e5298b2482a769aa6458955cd6b18db3ac3f3a20
race-rules/e4.iwram.bin,ae89246b321a54b87ec851534fec5234bbfaffa8,32768,tools/trace_race_rules.lua + tools/oracle_race_rules.py,"see docs/formats/career.md, Race-rule checks",Quick Play and career races (savestates in the folder),e5298b2482a769aa6458955cd6b18db3ac3f3a20
race-rules/e4.oam.bin,f84f3f499f60abda5bc570894170fadc6256bec2,1024,tools/trace_race_rules.lua + tools/oracle_race_rules.py,"see docs/formats/career.md, Race-rule checks",Quick Play and career races (savestates in the folder),e5298b2482a769aa6458955cd6b18db3ac3f3a20
race-rules/e4.palette.bin,d980ef221177458556534067bb67e349f48c4d3b,1024,tools/trace_race_rules.lua + tools/oracle_race_rules.py,"see docs/formats/career.md, Race-rule checks",Quick Play and career races (savestates in the folder),e5298b2482a769aa6458955cd6b18db3ac3f3a20
race-rules/e4.png,1f842f1e0d2301b62e2c3276fb9582fee04737ba,37851,tools/trace_race_rules.lua + tools/oracle_race_rules.py,"see docs/formats/career.md, Race-rule checks",Quick Play and career races (savestates in the folder),e5298b2482a769aa6458955cd6b18db3ac3f3a20
race-rules/e4.vram.bin,0b8b88a936e32d9001b67d414a7084864ebbf595,98304,tools/trace_race_rules.lua + tools/oracle_race_rules.py,"see docs/formats/career.md, Race-rule checks",Quick Play and career races (savestates in the folder),e5298b2482a769aa6458955cd6b18db3ac3f3a20
race-rules/e4.wram.bin,219ddbab3b085341a1c6ef6bde08501bced2fc5e,262144,tools/trace_race_rules.lua + tools/oracle_race_rules.py,"see docs/formats/career.md, Race-rule checks",Quick Play and career races (savestates in the folder),e5298b2482a769aa6458955cd6b18db3ac3f3a20
race-rules/e5.bios.bin,7af2cd740eb86610cc6f1c204d266d0b54499885,16384,tools/trace_race_rules.lua + tools/oracle_race_rules.py,"see docs/formats/career.md, Race-rule checks",Quick Play and career races (savestates in the folder),e5298b2482a769aa6458955cd6b18db3ac3f3a20
race-rules/e5.eeprom.bin,08a9ebf51184b9fe72071ba292dfd2fa4778bccc,512,tools/trace_race_rules.lua + tools/oracle_race_rules.py,"see docs/formats/career.md, Race-rule checks",Quick Play and career races (savestates in the folder),e5298b2482a769aa6458955cd6b18db3ac3f3a20
race-rules/e5.io.bin,4772302c92c01f088b65111df05eadcb79ec20e2,1024,tools/trace_race_rules.lua + tools/oracle_race_rules.py,"see docs/formats/career.md, Race-rule checks",Quick Play and career races (savestates in the folder),e5298b2482a769aa6458955cd6b18db3ac3f3a20
race-rules/e5.iwram.bin,faf483c7f52f4b0ada208313c86a15f9016df18c,32768,tools/trace_race_rules.lua + tools/oracle_race_rules.py,"see docs/formats/career.md, Race-rule checks",Quick Play and career races (savestates in the folder),e5298b2482a769aa6458955cd6b18db3ac3f3a20
race-rules/e5.oam.bin,69732ca824f2acc8040539ad70dd29b600484314,1024,tools/trace_race_rules.lua + tools/oracle_race_rules.py,"see docs/formats/career.md, Race-rule checks",Quick Play and career races (savestates in the folder),e5298b2482a769aa6458955cd6b18db3ac3f3a20
race-rules/e5.palette.bin,049e783e33ec70bffc463453231df2f25026d2c3,1024,tools/trace_race_rules.lua + tools/oracle_race_rules.py,"see docs/formats/career.md, Race-rule checks",Quick Play and career races (savestates in the folder),e5298b2482a769aa6458955cd6b18db3ac3f3a20
race-rules/e5.png,7ef8177dacec180b9a4f6d7f905d8c68a659569b,40354,tools/trace_race_rules.lua + tools/oracle_race_rules.py,"see docs/formats/career.md, Race-rule checks",Quick Play and career races (savestates in the folder),e5298b2482a769aa6458955cd6b18db3ac3f3a20
race-rules/e5.vram.bin,564d9af61ff195d5efe1130661693d3a2b5a8faf,98304,tools/trace_race_rules.lua + tools/oracle_race_rules.py,"see docs/formats/career.md, Race-rule checks",Quick Play and career races (savestates in the folder),e5298b2482a769aa6458955cd6b18db3ac3f3a20
race-rules/e5.wram.bin,4bab67965e720ff9872236358a9c3c55e2c4f6e9,262144,tools/trace_race_rules.lua + tools/oracle_race_rules.py,"see docs/formats/career.md, Race-rule checks",Quick Play and career races (savestates in the folder),e5298b2482a769aa6458955cd6b18db3ac3f3a20
race-rules/e6.bios.bin,7af2cd740eb86610cc6f1c204d266d0b54499885,16384,tools/trace_race_rules.lua + tools/oracle_race_rules.py,"see docs/formats/career.md, Race-rule checks",Quick Play and career races (savestates in the folder),e5298b2482a769aa6458955cd6b18db3ac3f3a20
race-rules/e6.eeprom.bin,08a9ebf51184b9fe72071ba292dfd2fa4778bccc,512,tools/trace_race_rules.lua + tools/oracle_race_rules.py,"see docs/formats/career.md, Race-rule checks",Quick Play and career races (savestates in the folder),e5298b2482a769aa6458955cd6b18db3ac3f3a20
race-rules/e6.io.bin,9a159810a017652c27ab2504e17a956f73ecfde0,1024,tools/trace_race_rules.lua + tools/oracle_race_rules.py,"see docs/formats/career.md, Race-rule checks",Quick Play and career races (savestates in the folder),e5298b2482a769aa6458955cd6b18db3ac3f3a20
race-rules/e6.iwram.bin,f9121252285b97558822041418d077214086b207,32768,tools/trace_race_rules.lua + tools/oracle_race_rules.py,"see docs/formats/career.md, Race-rule checks",Quick Play and career races (savestates in the folder),e5298b2482a769aa6458955cd6b18db3ac3f3a20
race-rules/e6.oam.bin,385b8c375176637f77543d055ba766661f4600b8,1024,tools/trace_race_rules.lua + tools/oracle_race_rules.py,"see docs/formats/career.md, Race-rule checks",Quick Play and career races (savestates in the folder),e5298b2482a769aa6458955cd6b18db3ac3f3a20
race-rules/e6.palette.bin,60ed67f6eacb1e8daa9f8dff8f40b7e5f34eb083,1024,tools/trace_race_rules.lua + tools/oracle_race_rules.py,"see docs/formats/career.md, Race-rule checks",Quick Play and career races (savestates in the folder),e5298b2482a769aa6458955cd6b18db3ac3f3a20
race-rules/e6.png,06749fbb0bb342e39e55e6f59d07c69e920f65c2,17928,tools/trace_race_rules.lua + tools/oracle_race_rules.py,"see docs/formats/career.md, Race-rule checks",Quick Play and career races (savestates in the folder),e5298b2482a769aa6458955cd6b18db3ac3f3a20
race-rules/e6.vram.bin,811963c84512b35758c2b9c1ef2efa730801f712,98304,tools/trace_race_rules.lua + tools/oracle_race_rules.py,"see docs/formats/career.md, Race-rule checks",Quick Play and career races (savestates in the folder),e5298b2482a769aa6458955cd6b18db3ac3f3a20
race-rules/e6.wram.bin,60254a326a4f1c73dc57e7e03e5ec0d78a9a70b3,262144,tools/trace_race_rules.lua + tools/oracle_race_rules.py,"see docs/formats/career.md, Race-rule checks",Quick Play and career races (savestates in the folder),e5298b2482a769aa6458955cd6b18db3ac3f3a20
race-rules/e7.png,06749fbb0bb342e39e55e6f59d07c69e920f65c2,17928,tools/trace_race_rules.lua + tools/oracle_race_rules.py,"see docs/formats/career.md, Race-rule checks",Quick Play and career races (savestates in the folder),e5298b2482a769aa6458955cd6b18db3ac3f3a20
race-rules/e8.png,94fb52b1c6b8c9dab4ab6cccb60246bfdb7394ce,18552,tools/trace_race_rules.lua + tools/oracle_race_rules.py,"see docs/formats/career.md, Race-rule checks",Quick Play and career races (savestates in the folder),e5298b2482a769aa6458955cd6b18db3ac3f3a20
race-rules/e9.png,06bc446793e551318f8ec0692899e8bb68431dc0,23723,tools/trace_race_rules.lua + tools/oracle_race_rules.py,"see docs/formats/career.md, Race-rule checks",Quick Play and career races (savestates in the folder),e5298b2482a769aa6458955cd6b18db3ac3f3a20
race-rules/event_grid.ss,c63b147165bef31c9eeb503f86d114b181fe8d05,116108,tools/trace_race_rules.lua + tools/oracle_race_rules.py,"see docs/formats/career.md, Race-rule checks",Quick Play and career races (savestates in the folder),e5298b2482a769aa6458955cd6b18db3ac3f3a20
race-rules/f1.png,979d9d841e6c3233c6c4724332ac86383277cde0,24952,tools/trace_race_rules.lua + tools/oracle_race_rules.py,"see docs/formats/career.md, Race-rule checks",Quick Play and career races (savestates in the folder),e5298b2482a769aa6458955cd6b18db3ac3f3a20
race-rules/k0.png,027e66422b752e940d0903de5a5f8fe64dcc75e1,24537,tools/trace_race_rules.lua + tools/oracle_race_rules.py,"see docs/formats/career.md, Race-rule checks",Quick Play and career races (savestates in the folder),e5298b2482a769aa6458955cd6b18db3ac3f3a20
race-rules/k1.png,71b963bba6b1aa5f57b86ab07fea4b8ec89e748d,18488,tools/trace_race_rules.lua + tools/oracle_race_rules.py,"see docs/formats/career.md, Race-rule checks",Quick Play and career races (savestates in the folder),e5298b2482a769aa6458955cd6b18db3ac3f3a20
race-rules/k2.png,979d9d841e6c3233c6c4724332ac86383277cde0,24952,tools/trace_race_rules.lua + tools/oracle_race_rules.py,"see docs/formats/career.md, Race-rule checks",Quick Play and career races (savestates in the folder),e5298b2482a769aa6458955cd6b18db3ac3f3a20
race-rules/k3.png,979d9d841e6c3233c6c4724332ac86383277cde0,24952,tools/trace_race_rules.lua + tools/oracle_race_rules.py,"see docs/formats/career.md, Race-rule checks",Quick Play and career races (savestates in the folder),e5298b2482a769aa6458955cd6b18db3ac3f3a20
race-rules/k4.png,979d9d841e6c3233c6c4724332ac86383277cde0,24952,tools/trace_race_rules.lua + tools/oracle_race_rules.py,"see docs/formats/career.md, Race-rule checks",Quick Play and career races (savestates in the folder),e5298b2482a769aa6458955cd6b18db3ac3f3a20
race-rules/k5.png,979d9d841e6c3233c6c4724332ac86383277cde0,24952,tools/trace_race_rules.lua + tools/oracle_race_rules.py,"see docs/formats/career.md, Race-rule checks",Quick Play and career races (savestates in the folder),e5298b2482a769aa6458955cd6b18db3ac3f3a20
race-rules/k6.png,8b772b192fed85b6c4aea1c467a564f49bfe6e17,28860,tools/trace_race_rules.lua + tools/oracle_race_rules.py,"see docs/formats/career.md, Race-rule checks",Quick Play and career races (savestates in the folder),e5298b2482a769aa6458955cd6b18db3ac3f3a20
race-rules/k7.png,8b772b192fed85b6c4aea1c467a564f49bfe6e17,28860,tools/trace_race_rules.lua + tools/oracle_race_rules.py,"see docs/formats/career.md, Race-rule checks",Quick Play and career races (savestates in the folder),e5298b2482a769aa6458955cd6b18db3ac3f3a20
race-rules/k8.png,b3629d1dc891a640e526a0241e7490ad811bd916,27242,tools/trace_race_rules.lua + tools/oracle_race_rules.py,"see docs/formats/career.md, Race-rule checks",Quick Play and career races (savestates in the folder),e5298b2482a769aa6458955cd6b18db3ac3f3a20
race-rules/k9.png,ec1ff4a1092d9f9f5e2d7996e50d0f8bff9ff6c7,9502,tools/trace_race_rules.lua + tools/oracle_race_rules.py,"see docs/formats/career.md, Race-rule checks",Quick Play and career races (savestates in the folder),e5298b2482a769aa6458955cd6b18db3ac3f3a20
race-rules/log.txt,b520aa5d66c4036bb93028e7e9b4d58d3498d9d8,3822,tools/trace_race_rules.lua + tools/oracle_race_rules.py,"see docs/formats/career.md, Race-rule checks",Quick Play and career races (savestates in the folder),e5298b2482a769aa6458955cd6b18db3ac3f3a20
race-rules/m0.png,8abd68c6e03f0794979d0937eab86a9884509768,26174,tools/trace_race_rules.lua + tools/oracle_race_rules.py,"see docs/formats/career.md, Race-rule checks",Quick Play and career races (savestates in the folder),e5298b2482a769aa6458955cd6b18db3ac3f3a20
race-rules/m1.png,fd1e180e8c50004d800102f14db3a7345726dedc,26351,tools/trace_race_rules.lua + tools/oracle_race_rules.py,"see docs/formats/career.md, Race-rule checks",Quick Play and career races (savestates in the folder),e5298b2482a769aa6458955cd6b18db3ac3f3a20
race-rules/m2.png,0d1ca94b7ea4dcd6c327f636b8c966952c979d9f,26060,tools/trace_race_rules.lua + tools/oracle_race_rules.py,"see docs/formats/career.md, Race-rule checks",Quick Play and career races (savestates in the folder),e5298b2482a769aa6458955cd6b18db3ac3f3a20
race-rules/mainmenu.ss,2fdd4f31233652d1ab805b9969e0bd7d0b1d98fa,94163,tools/trace_race_rules.lua + tools/oracle_race_rules.py,"see docs/formats/career.md, Race-rule checks",Quick Play and career races (savestates in the folder),e5298b2482a769aa6458955cd6b18db3ac3f3a20
race-rules/n1.png,ed9c2ffb583e6d0309d0d443c76af630f4fb8041,23679,tools/trace_race_rules.lua + tools/oracle_race_rules.py,"see docs/formats/career.md, Race-rule checks",Quick Play and career races (savestates in the folder),e5298b2482a769aa6458955cd6b18db3ac3f3a20
race-rules/n2.png,ed9c2ffb583e6d0309d0d443c76af630f4fb8041,23679,tools/trace_race_rules.lua + tools/oracle_race_rules.py,"see docs/formats/career.md, Race-rule checks",Quick Play and career races (savestates in the folder),e5298b2482a769aa6458955cd6b18db3ac3f3a20
race-rules/n3.png,4a12f8cac01c01939e389cad8afae8482bc9d604,25906,tools/trace_race_rules.lua + tools/oracle_race_rules.py,"see docs/formats/career.md, Race-rule checks",Quick Play and career races (savestates in the folder),e5298b2482a769aa6458955cd6b18db3ac3f3a20
race-rules/n4.png,0bfcd4b68f3a3d7f3c19c56971cf22374375abff,345,tools/trace_race_rules.lua + tools/oracle_race_rules.py,"see docs/formats/career.md, Race-rule checks",Quick Play and career races (savestates in the folder),e5298b2482a769aa6458955cd6b18db3ac3f3a20
race-rules/n5.png,18b1e983af962f6f77644c0127e584acea6c2095,56535,tools/trace_race_rules.lua + tools/oracle_race_rules.py,"see docs/formats/career.md, Race-rule checks",Quick Play and career races (savestates in the folder),e5298b2482a769aa6458955cd6b18db3ac3f3a20
race-rules/n6.png,1c72bde0b33ac67a56b61aad5bea4022eb1bd5ab,56856,tools/trace_race_rules.lua + tools/oracle_race_rules.py,"see docs/formats/career.md, Race-rule checks",Quick Play and career races (savestates in the folder),e5298b2482a769aa6458955cd6b18db3ac3f3a20
race-rules/n7.png,26fa53e279ac310590fd5d5979708e2b27a8439f,55578,tools/trace_race_rules.lua + tools/oracle_race_rules.py,"see docs/formats/career.md, Race-rule checks",Quick Play and career races (savestates in the folder),e5298b2482a769aa6458955cd6b18db3ac3f3a20
race-rules/n8.png,ca19da1e5bf24d3dfec808f17edf3d6d4bec1d1c,42891,tools/trace_race_rules.lua + tools/oracle_race_rules.py,"see docs/formats/career.md, Race-rule checks",Quick Play and career races (savestates in the folder),e5298b2482a769aa6458955cd6b18db3ac3f3a20
race-rules/oracle-career_race_payout.jsonl,de220a070e17e865e8ee0bda925fefa3ccd9fe1b,3501869,tools/trace_race_rules.lua + tools/oracle_race_rules.py,"see docs/formats/career.md, Race-rule checks",Quick Play and career races (savestates in the folder),e5298b2482a769aa6458955cd6b18db3ac3f3a20
race-rules/oracle-finish_estimate.jsonl,a7847f9458991ecd38c6fb7bdb0985c575d22ea1,845113,tools/trace_race_rules.lua + tools/oracle_race_rules.py,"see docs/formats/career.md, Race-rule checks",Quick Play and career races (savestates in the folder),e5298b2482a769aa6458955cd6b18db3ac3f3a20
race-rules/oracle-hunter_drain_a.jsonl,0041b1ba201f5f5a9bd1f14fe3980cc155ab079a,751969,tools/trace_race_rules.lua + tools/oracle_race_rules.py,"see docs/formats/career.md, Race-rule checks",Quick Play and career races (savestates in the folder),e5298b2482a769aa6458955cd6b18db3ac3f3a20
race-rules/oracle-hunter_drain_b.jsonl,b77d5a27b1b59ecfa521a3a97c2451c5366bc072,753970,tools/trace_race_rules.lua + tools/oracle_race_rules.py,"see docs/formats/career.md, Race-rule checks",Quick Play and career races (savestates in the folder),e5298b2482a769aa6458955cd6b18db3ac3f3a20
race-rules/oracle-hunter_hit.jsonl,98cd0787a31226e5302e5905816736ec58f2e531,1195101,tools/trace_race_rules.lua + tools/oracle_race_rules.py,"see docs/formats/career.md, Race-rule checks",Quick Play and career races (savestates in the folder),e5298b2482a769aa6458955cd6b18db3ac3f3a20
race-rules/oracle-hunter_life_tick.jsonl,abc5456b8ee446f14c86be2ed7848ff0b412b3f0,724194,tools/trace_race_rules.lua + tools/oracle_race_rules.py,"see docs/formats/career.md, Race-rule checks",Quick Play and career races (savestates in the folder),e5298b2482a769aa6458955cd6b18db3ac3f3a20
race-rules/oracle-lap_crossing.jsonl,c15d2707dae058d64fa9caa151b1377ddd67019c,2406656,tools/trace_race_rules.lua + tools/oracle_race_rules.py,"see docs/formats/career.md, Race-rule checks",Quick Play and career races (savestates in the folder),e5298b2482a769aa6458955cd6b18db3ac3f3a20
race-rules/oracle-race_lines.jsonl,a35b2ce3be8c860fd56c134993362c42b35740d4,13499864,tools/trace_race_rules.lua + tools/oracle_race_rules.py,"see docs/formats/career.md, Race-rule checks",Quick Play and career races (savestates in the folder),e5298b2482a769aa6458955cd6b18db3ac3f3a20
race-rules/oracle-race_progress.jsonl,21095eda6709b6272676e15f24c18ee5a0fd3760,472347,tools/trace_race_rules.lua + tools/oracle_race_rules.py,"see docs/formats/career.md, Race-rule checks",Quick Play and career races (savestates in the folder),e5298b2482a769aa6458955cd6b18db3ac3f3a20
race-rules/oracle-rank_results.jsonl,fc35358236a990179f770aaaac3d4f7197e71bd0,770000,tools/trace_race_rules.lua + tools/oracle_race_rules.py,"see docs/formats/career.md, Race-rule checks",Quick Play and career races (savestates in the folder),e5298b2482a769aa6458955cd6b18db3ac3f3a20
race-rules/oracle-rebuild_unlocks.jsonl,5d11e1ea2ccebb37f3dad210eeb6263534fbe9dc,502969,tools/trace_race_rules.lua + tools/oracle_race_rules.py,"see docs/formats/career.md, Race-rule checks",Quick Play and career races (savestates in the folder),e5298b2482a769aa6458955cd6b18db3ac3f3a20
race-rules/oracle-save_encode.jsonl,a3b95113098d2ea02a4ee9a698ff1443118e1894,10081076,tools/trace_race_rules.lua + tools/oracle_race_rules.py,"see docs/formats/career.md, Race-rule checks",Quick Play and career races (savestates in the folder),e5298b2482a769aa6458955cd6b18db3ac3f3a20
race-rules/oracle-style_rating.jsonl,65a9a31ca6a6bd604d865b830f9f87091d7a1d27,247051,tools/trace_race_rules.lua + tools/oracle_race_rules.py,"see docs/formats/career.md, Race-rule checks",Quick Play and career races (savestates in the folder),e5298b2482a769aa6458955cd6b18db3ac3f3a20
race-rules/oracle-track_player.jsonl,939fef5a237bb4499a4016ada4dbdb48aaa03c75,705583,tools/trace_race_rules.lua + tools/oracle_race_rules.py,"see docs/formats/career.md, Race-rule checks",Quick Play and career races (savestates in the folder),e5298b2482a769aa6458955cd6b18db3ac3f3a20
race-rules/oracle-update_places.jsonl,3ad6bc276e16653519a74b6c8ba685eacb0e91f5,2284037,tools/trace_race_rules.lua + tools/oracle_race_rules.py,"see docs/formats/career.md, Race-rule checks",Quick Play and career races (savestates in the folder),e5298b2482a769aa6458955cd6b18db3ac3f3a20
race-rules/pid.txt,887366455d5f6bb952fab3b31f82cefa86fdf4dd,7,tools/trace_race_rules.lua + tools/oracle_race_rules.py,"see docs/formats/career.md, Race-rule checks",Quick Play and career races (savestates in the folder),e5298b2482a769aa6458955cd6b18db3ac3f3a20
race-rules/r0.png,cf516a6388d73957def50e99cc8c93e0658abb25,41113,tools/trace_race_rules.lua + tools/oracle_race_rules.py,"see docs/formats/career.md, Race-rule checks",Quick Play and career races (savestates in the folder),e5298b2482a769aa6458955cd6b18db3ac3f3a20
race-rules/r1.bios.bin,7af2cd740eb86610cc6f1c204d266d0b54499885,16384,tools/trace_race_rules.lua + tools/oracle_race_rules.py,"see docs/formats/career.md, Race-rule checks",Quick Play and career races (savestates in the folder),e5298b2482a769aa6458955cd6b18db3ac3f3a20
race-rules/r1.eeprom.bin,08a9ebf51184b9fe72071ba292dfd2fa4778bccc,512,tools/trace_race_rules.lua + tools/oracle_race_rules.py,"see docs/formats/career.md, Race-rule checks",Quick Play and career races (savestates in the folder),e5298b2482a769aa6458955cd6b18db3ac3f3a20
race-rules/r1.io.bin,6a107f9579b8842bc7f8870934c21ee9698a04c0,1024,tools/trace_race_rules.lua + tools/oracle_race_rules.py,"see docs/formats/career.md, Race-rule checks",Quick Play and career races (savestates in the folder),e5298b2482a769aa6458955cd6b18db3ac3f3a20
race-rules/r1.iwram.bin,2cca476bca7d23ef84b305ce34810b394585ff30,32768,tools/trace_race_rules.lua + tools/oracle_race_rules.py,"see docs/formats/career.md, Race-rule checks",Quick Play and career races (savestates in the folder),e5298b2482a769aa6458955cd6b18db3ac3f3a20
race-rules/r1.oam.bin,c81da188fa5bf7e6882697a04318c94672cfcc3c,1024,tools/trace_race_rules.lua + tools/oracle_race_rules.py,"see docs/formats/career.md, Race-rule checks",Quick Play and career races (savestates in the folder),e5298b2482a769aa6458955cd6b18db3ac3f3a20
race-rules/r1.palette.bin,ef7fec8ce2fd9eff123d86a7e7c925a5bbb5e4be,1024,tools/trace_race_rules.lua + tools/oracle_race_rules.py,"see docs/formats/career.md, Race-rule checks",Quick Play and career races (savestates in the folder),e5298b2482a769aa6458955cd6b18db3ac3f3a20
race-rules/r1.png,094f3a34cec65229d8ede83645e21bfdc9d5fe02,38415,tools/trace_race_rules.lua + tools/oracle_race_rules.py,"see docs/formats/career.md, Race-rule checks",Quick Play and career races (savestates in the folder),e5298b2482a769aa6458955cd6b18db3ac3f3a20
race-rules/r1.vram.bin,b60ce027fdd75cd71e0137529d88e0e1c7993469,98304,tools/trace_race_rules.lua + tools/oracle_race_rules.py,"see docs/formats/career.md, Race-rule checks",Quick Play and career races (savestates in the folder),e5298b2482a769aa6458955cd6b18db3ac3f3a20
race-rules/r1.wram.bin,bd7fff3461b220711e31741fbd2b4581b4b59888,262144,tools/trace_race_rules.lua + tools/oracle_race_rules.py,"see docs/formats/career.md, Race-rule checks",Quick Play and career races (savestates in the folder),e5298b2482a769aa6458955cd6b18db3ac3f3a20
race-rules/r2.bios.bin,7af2cd740eb86610cc6f1c204d266d0b54499885,16384,tools/trace_race_rules.lua + tools/oracle_race_rules.py,"see docs/formats/career.md, Race-rule checks",Quick Play and career races (savestates in the folder),e5298b2482a769aa6458955cd6b18db3ac3f3a20
race-rules/r2.eeprom.bin,08a9ebf51184b9fe72071ba292dfd2fa4778bccc,512,tools/trace_race_rules.lua + tools/oracle_race_rules.py,"see docs/formats/career.md, Race-rule checks",Quick Play and career races (savestates in the folder),e5298b2482a769aa6458955cd6b18db3ac3f3a20
race-rules/r2.io.bin,8ae96c851de537eff5665d921660f4469f705623,1024,tools/trace_race_rules.lua + tools/oracle_race_rules.py,"see docs/formats/career.md, Race-rule checks",Quick Play and career races (savestates in the folder),e5298b2482a769aa6458955cd6b18db3ac3f3a20
race-rules/r2.iwram.bin,5c67bbbc4147b2f15c9d5795b72032b2b1d022e4,32768,tools/trace_race_rules.lua + tools/oracle_race_rules.py,"see docs/formats/career.md, Race-rule checks",Quick Play and career races (savestates in the folder),e5298b2482a769aa6458955cd6b18db3ac3f3a20
race-rules/r2.oam.bin,8d3016f80c0f7f059bee5dbf3d8a9ef078bab33c,1024,tools/trace_race_rules.lua + tools/oracle_race_rules.py,"see docs/formats/career.md, Race-rule checks",Quick Play and career races (savestates in the folder),e5298b2482a769aa6458955cd6b18db3ac3f3a20
race-rules/r2.palette.bin,ef7fec8ce2fd9eff123d86a7e7c925a5bbb5e4be,1024,tools/trace_race_rules.lua + tools/oracle_race_rules.py,"see docs/formats/career.md, Race-rule checks",Quick Play and career races (savestates in the folder),e5298b2482a769aa6458955cd6b18db3ac3f3a20
race-rules/r2.vram.bin,a54eea33a44d183483eaadd58dcc97609e34dbbc,98304,tools/trace_race_rules.lua + tools/oracle_race_rules.py,"see docs/formats/career.md, Race-rule checks",Quick Play and career races (savestates in the folder),e5298b2482a769aa6458955cd6b18db3ac3f3a20
race-rules/r2.wram.bin,1f9d04ff661502fc4b2975df0d9f1cba4c9eac95,262144,tools/trace_race_rules.lua + tools/oracle_race_rules.py,"see docs/formats/career.md, Race-rule checks",Quick Play and career races (savestates in the folder),e5298b2482a769aa6458955cd6b18db3ac3f3a20
race-rules/r3.bios.bin,7af2cd740eb86610cc6f1c204d266d0b54499885,16384,tools/trace_race_rules.lua + tools/oracle_race_rules.py,"see docs/formats/career.md, Race-rule checks",Quick Play and career races (savestates in the folder),e5298b2482a769aa6458955cd6b18db3ac3f3a20
race-rules/r3.eeprom.bin,08a9ebf51184b9fe72071ba292dfd2fa4778bccc,512,tools/trace_race_rules.lua + tools/oracle_race_rules.py,"see docs/formats/career.md, Race-rule checks",Quick Play and career races (savestates in the folder),e5298b2482a769aa6458955cd6b18db3ac3f3a20
race-rules/r3.io.bin,4ebee299cc547612e949a338d32940449ca04fc7,1024,tools/trace_race_rules.lua + tools/oracle_race_rules.py,"see docs/formats/career.md, Race-rule checks",Quick Play and career races (savestates in the folder),e5298b2482a769aa6458955cd6b18db3ac3f3a20
race-rules/r3.iwram.bin,a961d4a8023436bbd344432228fe065e5939c1ee,32768,tools/trace_race_rules.lua + tools/oracle_race_rules.py,"see docs/formats/career.md, Race-rule checks",Quick Play and career races (savestates in the folder),e5298b2482a769aa6458955cd6b18db3ac3f3a20
race-rules/r3.oam.bin,42180b09fc727a18d9c2b015cd182a6a22572932,1024,tools/trace_race_rules.lua + tools/oracle_race_rules.py,"see docs/formats/career.md, Race-rule checks",Quick Play and career races (savestates in the folder),e5298b2482a769aa6458955cd6b18db3ac3f3a20
race-rules/r3.palette.bin,ef7fec8ce2fd9eff123d86a7e7c925a5bbb5e4be,1024,tools/trace_race_rules.lua + tools/oracle_race_rules.py,"see docs/formats/career.md, Race-rule checks",Quick Play and career races (savestates in the folder),e5298b2482a769aa6458955cd6b18db3ac3f3a20
race-rules/r3.vram.bin,cb35e3ab8978bdb194afc852197a189b8144b736,98304,tools/trace_race_rules.lua + tools/oracle_race_rules.py,"see docs/formats/career.md, Race-rule checks",Quick Play and career races (savestates in the folder),e5298b2482a769aa6458955cd6b18db3ac3f3a20
race-rules/r3.wram.bin,d4e8fc1da98fa357b95ca8e54438ced7599bac2a,262144,tools/trace_race_rules.lua + tools/oracle_race_rules.py,"see docs/formats/career.md, Race-rule checks",Quick Play and career races (savestates in the folder),e5298b2482a769aa6458955cd6b18db3ac3f3a20
race-rules/race.ss,aaf8f76e047c5945e66f6bc980db81408e552757,118124,tools/trace_race_rules.lua + tools/oracle_race_rules.py,"see docs/formats/career.md, Race-rule checks",Quick Play and career races (savestates in the folder),e5298b2482a769aa6458955cd6b18db3ac3f3a20
race-rules/results1.ss,38e46dddaacf68a63f9256945f6199fcc942a01e,102164,tools/trace_race_rules.lua + tools/oracle_race_rules.py,"see docs/formats/career.md, Race-rule checks",Quick Play and career races (savestates in the folder),e5298b2482a769aa6458955cd6b18db3ac3f3a20
race-rules/rr-after1.log,d37f2111aac73ae7b2235094e58413b04acf9830,35952,tools/trace_race_rules.lua + tools/oracle_race_rules.py,"see docs/formats/career.md, Race-rule checks",Quick Play and career races (savestates in the folder),e5298b2482a769aa6458955cd6b18db3ac3f3a20
race-rules/rr-after1.sav,c5d60ef9c6050f28e5dffb121567d893943d0e8e,512,tools/trace_race_rules.lua + tools/oracle_race_rules.py,"see docs/formats/career.md, Race-rule checks",Quick Play and career races (savestates in the folder),e5298b2482a769aa6458955cd6b18db3ac3f3a20
race-rules/rr-attacker.log,a585fe6655e47cf027ec8f75ca444ab0ef63d0c1,3100273,tools/trace_race_rules.lua + tools/oracle_race_rules.py,"see docs/formats/career.md, Race-rule checks",Quick Play and career races (savestates in the folder),e5298b2482a769aa6458955cd6b18db3ac3f3a20
race-rules/rr-career.log,8dd3a20363c5cb5c9005e8740fdd85422a5112e4,6638104,tools/trace_race_rules.lua + tools/oracle_race_rules.py,"see docs/formats/career.md, Race-rule checks",Quick Play and career races (savestates in the folder),e5298b2482a769aa6458955cd6b18db3ac3f3a20
race-rules/rr-career.sav,29e699e339fb4fdfbf416d91fcc607bac6e56df1,512,tools/trace_race_rules.lua + tools/oracle_race_rules.py,"see docs/formats/career.md, Race-rule checks",Quick Play and career races (savestates in the folder),e5298b2482a769aa6458955cd6b18db3ac3f3a20
race-rules/rr-career1.log,c9c9cb2e01226a998d137d495e766507e0a8eaf4,512836,tools/trace_race_rules.lua + tools/oracle_race_rules.py,"see docs/formats/career.md, Race-rule checks",Quick Play and career races (savestates in the folder),e5298b2482a769aa6458955cd6b18db3ac3f3a20
race-rules/rr-story3.log,77cc576bdd35f2ddb2aecae16bc8a53f2c78348c,5586906,tools/trace_race_rules.lua + tools/oracle_race_rules.py,"see docs/formats/career.md, Race-rule checks",Quick Play and career races (savestates in the folder),e5298b2482a769aa6458955cd6b18db3ac3f3a20
race-rules/rr.log,fc8d20f2814a04499f5073e32199cfce7eb06eb4,31642,tools/trace_race_rules.lua + tools/oracle_race_rules.py,"see docs/formats/career.md, Race-rule checks",Quick Play and career races (savestates in the folder),e5298b2482a769aa6458955cd6b18db3ac3f3a20
race-rules/s0.bios.bin,7af2cd740eb86610cc6f1c204d266d0b54499885,16384,tools/trace_race_rules.lua + tools/oracle_race_rules.py,"see docs/formats/career.md, Race-rule checks",Quick Play and career races (savestates in the folder),e5298b2482a769aa6458955cd6b18db3ac3f3a20
race-rules/s0.eeprom.bin,08a9ebf51184b9fe72071ba292dfd2fa4778bccc,512,tools/trace_race_rules.lua + tools/oracle_race_rules.py,"see docs/formats/career.md, Race-rule checks",Quick Play and career races (savestates in the folder),e5298b2482a769aa6458955cd6b18db3ac3f3a20
race-rules/s0.io.bin,10f60b37b194a238f9dffdb794318dc28405effa,1024,tools/trace_race_rules.lua + tools/oracle_race_rules.py,"see docs/formats/career.md, Race-rule checks",Quick Play and career races (savestates in the folder),e5298b2482a769aa6458955cd6b18db3ac3f3a20
race-rules/s0.iwram.bin,541d1a100e3693be6aad4fb341d1df061fecee21,32768,tools/trace_race_rules.lua + tools/oracle_race_rules.py,"see docs/formats/career.md, Race-rule checks",Quick Play and career races (savestates in the folder),e5298b2482a769aa6458955cd6b18db3ac3f3a20
race-rules/s0.oam.bin,21d404e6531660f2c2dec866d66babfeb4495d9d,1024,tools/trace_race_rules.lua + tools/oracle_race_rules.py,"see docs/formats/career.md, Race-rule checks",Quick Play and career races (savestates in the folder),e5298b2482a769aa6458955cd6b18db3ac3f3a20
race-rules/s0.palette.bin,f8a901ba46300ff9516f53fd7fb28d98454d0601,1024,tools/trace_race_rules.lua + tools/oracle_race_rules.py,"see docs/formats/career.md, Race-rule checks",Quick Play and career races (savestates in the folder),e5298b2482a769aa6458955cd6b18db3ac3f3a20
race-rules/s0.vram.bin,f1f8158dbdc4c8a49b5e3754028bbb2fbeeb52fb,98304,tools/trace_race_rules.lua + tools/oracle_race_rules.py,"see docs/formats/career.md, Race-rule checks",Quick Play and career races (savestates in the folder),e5298b2482a769aa6458955cd6b18db3ac3f3a20
race-rules/s0.wram.bin,05c7cc505d89457c1b9e51436f98541058ee07e8,262144,tools/trace_race_rules.lua + tools/oracle_race_rules.py,"see docs/formats/career.md, Race-rule checks",Quick Play and career races (savestates in the folder),e5298b2482a769aa6458955cd6b18db3ac3f3a20
race-rules/s1.bios.bin,7af2cd740eb86610cc6f1c204d266d0b54499885,16384,tools/trace_race_rules.lua + tools/oracle_race_rules.py,"see docs/formats/career.md, Race-rule checks",Quick Play and career races (savestates in the folder),e5298b2482a769aa6458955cd6b18db3ac3f3a20
race-rules/s1.eeprom.bin,08a9ebf51184b9fe72071ba292dfd2fa4778bccc,512,tools/trace_race_rules.lua + tools/oracle_race_rules.py,"see docs/formats/career.md, Race-rule checks",Quick Play and career races (savestates in the folder),e5298b2482a769aa6458955cd6b18db3ac3f3a20
race-rules/s1.io.bin,2daecaa73b86cf2b8031e73127657160eadb3489,1024,tools/trace_race_rules.lua + tools/oracle_race_rules.py,"see docs/formats/career.md, Race-rule checks",Quick Play and career races (savestates in the folder),e5298b2482a769aa6458955cd6b18db3ac3f3a20
race-rules/s1.iwram.bin,395f546f4ca4019d142ffc3c1ad97bb41b00e6cc,32768,tools/trace_race_rules.lua + tools/oracle_race_rules.py,"see docs/formats/career.md, Race-rule checks",Quick Play and career races (savestates in the folder),e5298b2482a769aa6458955cd6b18db3ac3f3a20
race-rules/s1.oam.bin,de4fe1d93cb1cdedb3ded2112a30bbd2ca500118,1024,tools/trace_race_rules.lua + tools/oracle_race_rules.py,"see docs/formats/career.md, Race-rule checks",Quick Play and career races (savestates in the folder),e5298b2482a769aa6458955cd6b18db3ac3f3a20
race-rules/s1.palette.bin,ef7fec8ce2fd9eff123d86a7e7c925a5bbb5e4be,1024,tools/trace_race_rules.lua + tools/oracle_race_rules.py,"see docs/formats/career.md, Race-rule checks",Quick Play and career races (savestates in the folder),e5298b2482a769aa6458955cd6b18db3ac3f3a20
race-rules/s1.vram.bin,daa0d5437bb07420f70485cb2dc35694d2660231,98304,tools/trace_race_rules.lua + tools/oracle_race_rules.py,"see docs/formats/career.md, Race-rule checks",Quick Play and career races (savestates in the folder),e5298b2482a769aa6458955cd6b18db3ac3f3a20
race-rules/s1.wram.bin,eaeae5faa8169ea32f0d0f64b63f5122ab496718,262144,tools/trace_race_rules.lua + tools/oracle_race_rules.py,"see docs/formats/career.md, Race-rule checks",Quick Play and career races (savestates in the folder),e5298b2482a769aa6458955cd6b18db3ac3f3a20
race-rules/story3_race.ss,0ff9995f829b62340c2cba4a848303628b2b2d7f,142324,tools/trace_race_rules.lua + tools/oracle_race_rules.py,"see docs/formats/career.md, Race-rule checks",Quick Play and career races (savestates in the folder),e5298b2482a769aa6458955cd6b18db3ac3f3a20
race-rules/t1.bios.bin,7af2cd740eb86610cc6f1c204d266d0b54499885,16384,tools/trace_race_rules.lua + tools/oracle_race_rules.py,"see docs/formats/career.md, Race-rule checks",Quick Play and career races (savestates in the folder),e5298b2482a769aa6458955cd6b18db3ac3f3a20
race-rules/t1.eeprom.bin,08a9ebf51184b9fe72071ba292dfd2fa4778bccc,512,tools/trace_race_rules.lua + tools/oracle_race_rules.py,"see docs/formats/career.md, Race-rule checks",Quick Play and career races (savestates in the folder),e5298b2482a769aa6458955cd6b18db3ac3f3a20
race-rules/t1.io.bin,b269130720049ab234456df37c72c5d1605a1107,1024,tools/trace_race_rules.lua + tools/oracle_race_rules.py,"see docs/formats/career.md, Race-rule checks",Quick Play and career races (savestates in the folder),e5298b2482a769aa6458955cd6b18db3ac3f3a20
race-rules/t1.iwram.bin,a190226fa88414f91c8ba7be85528eb26dfdcc40,32768,tools/trace_race_rules.lua + tools/oracle_race_rules.py,"see docs/formats/career.md, Race-rule checks",Quick Play and career races (savestates in the folder),e5298b2482a769aa6458955cd6b18db3ac3f3a20
race-rules/t1.oam.bin,1757cba07b72f5939030e77719ae18e5f5f09f7d,1024,tools/trace_race_rules.lua + tools/oracle_race_rules.py,"see docs/formats/career.md, Race-rule checks",Quick Play and career races (savestates in the folder),e5298b2482a769aa6458955cd6b18db3ac3f3a20
race-rules/t1.palette.bin,1a67b6fcc786b0d0c5ad98896b8630c6b62d3b11,1024,tools/trace_race_rules.lua + tools/oracle_race_rules.py,"see docs/formats/career.md, Race-rule checks",Quick Play and career races (savestates in the folder),e5298b2482a769aa6458955cd6b18db3ac3f3a20
race-rules/t1.vram.bin,28c5c390a267369165b6d901b8131903fafce380,98304,tools/trace_race_rules.lua + tools/oracle_race_rules.py,"see docs/formats/career.md, Race-rule checks",Quick Play and career races (savestates in the folder),e5298b2482a769aa6458955cd6b18db3ac3f3a20
race-rules/t1.wram.bin,615e95cb0777163daa1fcb70b93bc072d3b3d7a1,262144,tools/trace_race_rules.lua + tools/oracle_race_rules.py,"see docs/formats/career.md, Race-rule checks",Quick Play and career races (savestates in the folder),e5298b2482a769aa6458955cd6b18db3ac3f3a20
race-rules/t2.bios.bin,7af2cd740eb86610cc6f1c204d266d0b54499885,16384,tools/trace_race_rules.lua + tools/oracle_race_rules.py,"see docs/formats/career.md, Race-rule checks",Quick Play and career races (savestates in the folder),e5298b2482a769aa6458955cd6b18db3ac3f3a20
race-rules/t2.eeprom.bin,08a9ebf51184b9fe72071ba292dfd2fa4778bccc,512,tools/trace_race_rules.lua + tools/oracle_race_rules.py,"see docs/formats/career.md, Race-rule checks",Quick Play and career races (savestates in the folder),e5298b2482a769aa6458955cd6b18db3ac3f3a20
race-rules/t2.io.bin,31e5a29b0d86ee91fb63e5582f4899cc040b0726,1024,tools/trace_race_rules.lua + tools/oracle_race_rules.py,"see docs/formats/career.md, Race-rule checks",Quick Play and career races (savestates in the folder),e5298b2482a769aa6458955cd6b18db3ac3f3a20
race-rules/t2.iwram.bin,65318735aa4bb67ff4d3f76271a6b5d8107d281c,32768,tools/trace_race_rules.lua + tools/oracle_race_rules.py,"see docs/formats/career.md, Race-rule checks",Quick Play and career races (savestates in the folder),e5298b2482a769aa6458955cd6b18db3ac3f3a20
race-rules/t2.oam.bin,61d20f624ae7abb42a727796150511804d37cefe,1024,tools/trace_race_rules.lua + tools/oracle_race_rules.py,"see docs/formats/career.md, Race-rule checks",Quick Play and career races (savestates in the folder),e5298b2482a769aa6458955cd6b18db3ac3f3a20
race-rules/t2.palette.bin,48ea4d5bcdcc24136d7ad2ff3ee91bc387d84d13,1024,tools/trace_race_rules.lua + tools/oracle_race_rules.py,"see docs/formats/career.md, Race-rule checks",Quick Play and career races (savestates in the folder),e5298b2482a769aa6458955cd6b18db3ac3f3a20
race-rules/t2.png,89358ee204ce73532a7a53f43cc241d12e2ac519,39636,tools/trace_race_rules.lua + tools/oracle_race_rules.py,"see docs/formats/career.md, Race-rule checks",Quick Play and career races (savestates in the folder),e5298b2482a769aa6458955cd6b18db3ac3f3a20
race-rules/t2.vram.bin,155ca5ca8ecd92576331ed7a59ea675539d0fd2a,98304,tools/trace_race_rules.lua + tools/oracle_race_rules.py,"see docs/formats/career.md, Race-rule checks",Quick Play and career races (savestates in the folder),e5298b2482a769aa6458955cd6b18db3ac3f3a20
race-rules/t2.wram.bin,8065daa5e00ca133fbab0275143f5241552e87eb,262144,tools/trace_race_rules.lua + tools/oracle_race_rules.py,"see docs/formats/career.md, Race-rule checks",Quick Play and career races (savestates in the folder),e5298b2482a769aa6458955cd6b18db3ac3f3a20
race-rules/t3.png,6ce5313fc7b762ea97c5dd0e6cd014b889a5c80e,25955,tools/trace_race_rules.lua + tools/oracle_race_rules.py,"see docs/formats/career.md, Race-rule checks",Quick Play and career races (savestates in the folder),e5298b2482a769aa6458955cd6b18db3ac3f3a20
race-rules/u1.png,de23665953a986217fdfd43d4e1838b1d6648b11,18453,tools/trace_race_rules.lua + tools/oracle_race_rules.py,"see docs/formats/career.md, Race-rule checks",Quick Play and career races (savestates in the folder),e5298b2482a769aa6458955cd6b18db3ac3f3a20
race-rules/u2.png,ed9c2ffb583e6d0309d0d443c76af630f4fb8041,23679,tools/trace_race_rules.lua + tools/oracle_race_rules.py,"see docs/formats/career.md, Race-rule checks",Quick Play and career races (savestates in the folder),e5298b2482a769aa6458955cd6b18db3ac3f3a20
race-rules/u3.png,4a12f8cac01c01939e389cad8afae8482bc9d604,25906,tools/trace_race_rules.lua + tools/oracle_race_rules.py,"see docs/formats/career.md, Race-rule checks",Quick Play and career races (savestates in the folder),e5298b2482a769aa6458955cd6b18db3ac3f3a20
race-rules/u4.png,270e245a99efb4e6c85de21299cf0bc3d0ffff6a,192,tools/trace_race_rules.lua + tools/oracle_race_rules.py,"see docs/formats/career.md, Race-rule checks",Quick Play and career races (savestates in the folder),e5298b2482a769aa6458955cd6b18db3ac3f3a20
race-rules/u5.png,bfae8f4f3c2de18d6db4a4ef8e6bca7a961c2a14,47044,tools/trace_race_rules.lua + tools/oracle_race_rules.py,"see docs/formats/career.md, Race-rule checks",Quick Play and career races (savestates in the folder),e5298b2482a769aa6458955cd6b18db3ac3f3a20
race-rules/u6.png,37b99ffe8d9b6ebada3b8c1d6544613d856b71ec,43688,tools/trace_race_rules.lua + tools/oracle_race_rules.py,"see docs/formats/career.md, Race-rule checks",Quick Play and career races (savestates in the folder),e5298b2482a769aa6458955cd6b18db3ac3f3a20
race-rules/u7.png,e674f4856b7ee5d0be6019fc1b796789de15e140,11724,tools/trace_race_rules.lua + tools/oracle_race_rules.py,"see docs/formats/career.md, Race-rule checks",Quick Play and career races (savestates in the folder),e5298b2482a769aa6458955cd6b18db3ac3f3a20
race-rules/unlock_dylan.ss,26bd2acad27da675e731103aa462db276dac0e32,115322,tools/trace_race_rules.lua + tools/oracle_race_rules.py,"see docs/formats/career.md, Race-rule checks",Quick Play and career races (savestates in the folder),e5298b2482a769aa6458955cd6b18db3ac3f3a20
race-rules/unlock_kita.ss,23ee941abcd68b91a31631e35348ae54bccbe1e8,115778,tools/trace_race_rules.lua + tools/oracle_race_rules.py,"see docs/formats/career.md, Race-rule checks",Quick Play and career races (savestates in the folder),e5298b2482a769aa6458955cd6b18db3ac3f3a20
race-rules/v1.bios.bin,7af2cd740eb86610cc6f1c204d266d0b54499885,16384,tools/trace_race_rules.lua + tools/oracle_race_rules.py,"see docs/formats/career.md, Race-rule checks",Quick Play and career races (savestates in the folder),e5298b2482a769aa6458955cd6b18db3ac3f3a20
race-rules/v1.eeprom.bin,08a9ebf51184b9fe72071ba292dfd2fa4778bccc,512,tools/trace_race_rules.lua + tools/oracle_race_rules.py,"see docs/formats/career.md, Race-rule checks",Quick Play and career races (savestates in the folder),e5298b2482a769aa6458955cd6b18db3ac3f3a20
race-rules/v1.io.bin,8fe430ff0bf7a676062a052585b9285336619ffc,1024,tools/trace_race_rules.lua + tools/oracle_race_rules.py,"see docs/formats/career.md, Race-rule checks",Quick Play and career races (savestates in the folder),e5298b2482a769aa6458955cd6b18db3ac3f3a20
race-rules/v1.iwram.bin,7dec872c18adaf77c765dd15c263a3e3733aedc0,32768,tools/trace_race_rules.lua + tools/oracle_race_rules.py,"see docs/formats/career.md, Race-rule checks",Quick Play and career races (savestates in the folder),e5298b2482a769aa6458955cd6b18db3ac3f3a20
race-rules/v1.oam.bin,b2f2dace8362194fdda779a5d2498fc3b80f4df2,1024,tools/trace_race_rules.lua + tools/oracle_race_rules.py,"see docs/formats/career.md, Race-rule checks",Quick Play and career races (savestates in the folder),e5298b2482a769aa6458955cd6b18db3ac3f3a20
race-rules/v1.palette.bin,aaa0dba9d5557c86ecf5e53707c9e50db1186629,1024,tools/trace_race_rules.lua + tools/oracle_race_rules.py,"see docs/formats/career.md, Race-rule checks",Quick Play and career races (savestates in the folder),e5298b2482a769aa6458955cd6b18db3ac3f3a20
race-rules/v1.vram.bin,3272bc5e05a543fae5d9e086ccbf140f48ccca7f,98304,tools/trace_race_rules.lua + tools/oracle_race_rules.py,"see docs/formats/career.md, Race-rule checks",Quick Play and career races (savestates in the folder),e5298b2482a769aa6458955cd6b18db3ac3f3a20
race-rules/v1.wram.bin,5d927c6081543ffa63b32fa60b834f8ad8bbfd4d,262144,tools/trace_race_rules.lua + tools/oracle_race_rules.py,"see docs/formats/career.md, Race-rule checks",Quick Play and career races (savestates in the folder),e5298b2482a769aa6458955cd6b18db3ac3f3a20
race-rules/v2.bios.bin,7af2cd740eb86610cc6f1c204d266d0b54499885,16384,tools/trace_race_rules.lua + tools/oracle_race_rules.py,"see docs/formats/career.md, Race-rule checks",Quick Play and career races (savestates in the folder),e5298b2482a769aa6458955cd6b18db3ac3f3a20
race-rules/v2.eeprom.bin,08a9ebf51184b9fe72071ba292dfd2fa4778bccc,512,tools/trace_race_rules.lua + tools/oracle_race_rules.py,"see docs/formats/career.md, Race-rule checks",Quick Play and career races (savestates in the folder),e5298b2482a769aa6458955cd6b18db3ac3f3a20
race-rules/v2.io.bin,093defaf5edfc7760d42ab4d78635d50a189d9a0,1024,tools/trace_race_rules.lua + tools/oracle_race_rules.py,"see docs/formats/career.md, Race-rule checks",Quick Play and career races (savestates in the folder),e5298b2482a769aa6458955cd6b18db3ac3f3a20
race-rules/v2.iwram.bin,8fd0b2885cf708525b4a80266851b19d297c6a8f,32768,tools/trace_race_rules.lua + tools/oracle_race_rules.py,"see docs/formats/career.md, Race-rule checks",Quick Play and career races (savestates in the folder),e5298b2482a769aa6458955cd6b18db3ac3f3a20
race-rules/v2.oam.bin,385b8c375176637f77543d055ba766661f4600b8,1024,tools/trace_race_rules.lua + tools/oracle_race_rules.py,"see docs/formats/career.md, Race-rule checks",Quick Play and career races (savestates in the folder),e5298b2482a769aa6458955cd6b18db3ac3f3a20
race-rules/v2.palette.bin,60ed67f6eacb1e8daa9f8dff8f40b7e5f34eb083,1024,tools/trace_race_rules.lua + tools/oracle_race_rules.py,"see docs/formats/career.md, Race-rule checks",Quick Play and career races (savestates in the folder),e5298b2482a769aa6458955cd6b18db3ac3f3a20
race-rules/v2.png,011a0e6b1c18f73d6f161da9f52b94b14a274a23,26012,tools/trace_race_rules.lua + tools/oracle_race_rules.py,"see docs/formats/career.md, Race-rule checks",Quick Play and career races (savestates in the folder),e5298b2482a769aa6458955cd6b18db3ac3f3a20
race-rules/v2.vram.bin,f9c3f9cb379183b8762ca360af953c2720c315ad,98304,tools/trace_race_rules.lua + tools/oracle_race_rules.py,"see docs/formats/career.md, Race-rule checks",Quick Play and career races (savestates in the folder),e5298b2482a769aa6458955cd6b18db3ac3f3a20
race-rules/v2.wram.bin,c427765f8c364321be06f64f156538bddde0bf38,262144,tools/trace_race_rules.lua + tools/oracle_race_rules.py,"see docs/formats/career.md, Race-rule checks",Quick Play and career races (savestates in the folder),e5298b2482a769aa6458955cd6b18db3ac3f3a20
race-rules/w1.png,486f985ef6b558d13c581c092a4e782d2cc363e7,18377,tools/trace_race_rules.lua + tools/oracle_race_rules.py,"see docs/formats/career.md, Race-rule checks",Quick Play and career races (savestates in the folder),e5298b2482a769aa6458955cd6b18db3ac3f3a20
race-rules/w2.png,270e245a99efb4e6c85de21299cf0bc3d0ffff6a,192,tools/trace_race_rules.lua + tools/oracle_race_rules.py,"see docs/formats/career.md, Race-rule checks",Quick Play and career races (savestates in the folder),e5298b2482a769aa6458955cd6b18db3ac3f3a20
race-rules/w3.png,4f6f5e07e29cb642a824d48d3e0334965ed5bd29,43176,tools/trace_race_rules.lua + tools/oracle_race_rules.py,"see docs/formats/career.md, Race-rule checks",Quick Play and career races (savestates in the folder),e5298b2482a769aa6458955cd6b18db3ac3f3a20
race-rules/w4.png,4392e50082f85e2ae157f561ae2a81e20cc53dc4,25585,tools/trace_race_rules.lua + tools/oracle_race_rules.py,"see docs/formats/career.md, Race-rule checks",Quick Play and career races (savestates in the folder),e5298b2482a769aa6458955cd6b18db3ac3f3a20
race-rules/w5.png,31ad48582304f885bf36e7fb078b2599d2231e6c,18552,tools/trace_race_rules.lua + tools/oracle_race_rules.py,"see docs/formats/career.md, Race-rule checks",Quick Play and career races (savestates in the folder),e5298b2482a769aa6458955cd6b18db3ac3f3a20
race-rules/w6.png,1944840d40d045f03e60923c6a8dfa2e9d78234a,24021,tools/trace_race_rules.lua + tools/oracle_race_rules.py,"see docs/formats/career.md, Race-rule checks",Quick Play and career races (savestates in the folder),e5298b2482a769aa6458955cd6b18db3ac3f3a20
sky/BN7E_v0_e5298b24.sav,9d0ac37bb3ec8c95990fd37a962a17a95ce97aa0,512,probe scripts in the folder's scripts/,"see docs/engine/sky.md, Verification","race.ss, both camera views",e5298b2482a769aa6458955cd6b18db3ac3f3a20
sky/b1.bios.bin,7af2cd740eb86610cc6f1c204d266d0b54499885,16384,probe scripts in the folder's scripts/,"see docs/engine/sky.md, Verification","race.ss, both camera views",e5298b2482a769aa6458955cd6b18db3ac3f3a20
sky/b1.eeprom.bin,08a9ebf51184b9fe72071ba292dfd2fa4778bccc,512,probe scripts in the folder's scripts/,"see docs/engine/sky.md, Verification","race.ss, both camera views",e5298b2482a769aa6458955cd6b18db3ac3f3a20
sky/b1.io.bin,1c26909c6fc115e0e2d7fb9b49465ce00714563f,1024,probe scripts in the folder's scripts/,"see docs/engine/sky.md, Verification","race.ss, both camera views",e5298b2482a769aa6458955cd6b18db3ac3f3a20
sky/b1.iwram.bin,0a95fc58660b478166089c9b2afd103c83457859,32768,probe scripts in the folder's scripts/,"see docs/engine/sky.md, Verification","race.ss, both camera views",e5298b2482a769aa6458955cd6b18db3ac3f3a20
sky/b1.oam.bin,e762827ef4fd29c4c9b220ed885e3d6fe7fc394e,1024,probe scripts in the folder's scripts/,"see docs/engine/sky.md, Verification","race.ss, both camera views",e5298b2482a769aa6458955cd6b18db3ac3f3a20
sky/b1.palette.bin,2398c9039b906edc1285254ee2d5785641cec916,1024,probe scripts in the folder's scripts/,"see docs/engine/sky.md, Verification","race.ss, both camera views",e5298b2482a769aa6458955cd6b18db3ac3f3a20
sky/b1.png,359afe6108bdb7692d4b3cb288b87256272300df,10018,probe scripts in the folder's scripts/,"see docs/engine/sky.md, Verification","race.ss, both camera views",e5298b2482a769aa6458955cd6b18db3ac3f3a20
sky/b1.sky.bin,1b4d44120a00ffcf6168201181ad86d02e3d7ff4,15360,probe scripts in the folder's scripts/,"see docs/engine/sky.md, Verification","race.ss, both camera views",e5298b2482a769aa6458955cd6b18db3ac3f3a20
sky/b1.sky.txt,acb30ea5c5702239b99d2fca9ac03dfae7ff79f9,169,probe scripts in the folder's scripts/,"see docs/engine/sky.md, Verification","race.ss, both camera views",e5298b2482a769aa6458955cd6b18db3ac3f3a20
sky/b1.vram.bin,d8ea708bcbce3d932aaf12c1df0d8f2f810edcaa,98304,probe scripts in the folder's scripts/,"see docs/engine/sky.md, Verification","race.ss, both camera views",e5298b2482a769aa6458955cd6b18db3ac3f3a20
sky/b1.wram.bin,f078e75207b6807f6d4ed551bf580f15bd5c5bb9,262144,probe scripts in the folder's scripts/,"see docs/engine/sky.md, Verification","race.ss, both camera views",e5298b2482a769aa6458955cd6b18db3ac3f3a20
sky/b2.bios.bin,7af2cd740eb86610cc6f1c204d266d0b54499885,16384,probe scripts in the folder's scripts/,"see docs/engine/sky.md, Verification","race.ss, both camera views",e5298b2482a769aa6458955cd6b18db3ac3f3a20
sky/b2.eeprom.bin,08a9ebf51184b9fe72071ba292dfd2fa4778bccc,512,probe scripts in the folder's scripts/,"see docs/engine/sky.md, Verification","race.ss, both camera views",e5298b2482a769aa6458955cd6b18db3ac3f3a20
sky/b2.io.bin,206328d7be9d9ccb8d0be7aee97ca98ce04b4344,1024,probe scripts in the folder's scripts/,"see docs/engine/sky.md, Verification","race.ss, both camera views",e5298b2482a769aa6458955cd6b18db3ac3f3a20
sky/b2.iwram.bin,e73de913531a53c12fae9173378c2c108f41c43d,32768,probe scripts in the folder's scripts/,"see docs/engine/sky.md, Verification","race.ss, both camera views",e5298b2482a769aa6458955cd6b18db3ac3f3a20
sky/b2.oam.bin,771693df1265dd2a70474e0b33fa17ab35b9d798,1024,probe scripts in the folder's scripts/,"see docs/engine/sky.md, Verification","race.ss, both camera views",e5298b2482a769aa6458955cd6b18db3ac3f3a20
sky/b2.palette.bin,2398c9039b906edc1285254ee2d5785641cec916,1024,probe scripts in the folder's scripts/,"see docs/engine/sky.md, Verification","race.ss, both camera views",e5298b2482a769aa6458955cd6b18db3ac3f3a20
sky/b2.png,e94d9deb73bc96a89633cf5fbeefb493cee7af97,12042,probe scripts in the folder's scripts/,"see docs/engine/sky.md, Verification","race.ss, both camera views",e5298b2482a769aa6458955cd6b18db3ac3f3a20
sky/b2.sky.bin,f571158b8cc71e8ad7dba27cb98751b41cd1a924,15360,probe scripts in the folder's scripts/,"see docs/engine/sky.md, Verification","race.ss, both camera views",e5298b2482a769aa6458955cd6b18db3ac3f3a20
sky/b2.sky.txt,55b879abecd4123ce8283520215a856af6d64552,169,probe scripts in the folder's scripts/,"see docs/engine/sky.md, Verification","race.ss, both camera views",e5298b2482a769aa6458955cd6b18db3ac3f3a20
sky/b2.vram.bin,e84655928c1a5bda3be0955ccce5ba2f3dd4cff3,98304,probe scripts in the folder's scripts/,"see docs/engine/sky.md, Verification","race.ss, both camera views",e5298b2482a769aa6458955cd6b18db3ac3f3a20
sky/b2.wram.bin,8d4af0a515a4d9b7acdb259fdf4a2fa873ef1cd5,262144,probe scripts in the folder's scripts/,"see docs/engine/sky.md, Verification","race.ss, both camera views",e5298b2482a769aa6458955cd6b18db3ac3f3a20
sky/b3.bios.bin,7af2cd740eb86610cc6f1c204d266d0b54499885,16384,probe scripts in the folder's scripts/,"see docs/engine/sky.md, Verification","race.ss, both camera views",e5298b2482a769aa6458955cd6b18db3ac3f3a20
sky/b3.eeprom.bin,08a9ebf51184b9fe72071ba292dfd2fa4778bccc,512,probe scripts in the folder's scripts/,"see docs/engine/sky.md, Verification","race.ss, both camera views",e5298b2482a769aa6458955cd6b18db3ac3f3a20
sky/b3.io.bin,02c75846aa17b3169d767cacf97b82db09345dad,1024,probe scripts in the folder's scripts/,"see docs/engine/sky.md, Verification","race.ss, both camera views",e5298b2482a769aa6458955cd6b18db3ac3f3a20
sky/b3.iwram.bin,40374c1bf15fcdcc3d1730f4a41f478db605a266,32768,probe scripts in the folder's scripts/,"see docs/engine/sky.md, Verification","race.ss, both camera views",e5298b2482a769aa6458955cd6b18db3ac3f3a20
sky/b3.oam.bin,5dcf0a2ed733d6c41fe837ffb438aad55d76e5ed,1024,probe scripts in the folder's scripts/,"see docs/engine/sky.md, Verification","race.ss, both camera views",e5298b2482a769aa6458955cd6b18db3ac3f3a20
sky/b3.palette.bin,9fe255bca7f2767b72b92bd0951b4b96c69efbf9,1024,probe scripts in the folder's scripts/,"see docs/engine/sky.md, Verification","race.ss, both camera views",e5298b2482a769aa6458955cd6b18db3ac3f3a20
sky/b3.png,ec0e8be27cdac822cb9d12a0a4f4edd2a1c7e2ff,12769,probe scripts in the folder's scripts/,"see docs/engine/sky.md, Verification","race.ss, both camera views",e5298b2482a769aa6458955cd6b18db3ac3f3a20
sky/b3.sky.bin,44fb587c1e14296b248b1fbfd77f4c36527e8290,15360,probe scripts in the folder's scripts/,"see docs/engine/sky.md, Verification","race.ss, both camera views",e5298b2482a769aa6458955cd6b18db3ac3f3a20
sky/b3.sky.txt,94c08406efe5917c2a95589ae29147828d50679c,169,probe scripts in the folder's scripts/,"see docs/engine/sky.md, Verification","race.ss, both camera views",e5298b2482a769aa6458955cd6b18db3ac3f3a20
sky/b3.vram.bin,eed1b3c37ec59d5d3e67a49bd32462ada0a9acc6,98304,probe scripts in the folder's scripts/,"see docs/engine/sky.md, Verification","race.ss, both camera views",e5298b2482a769aa6458955cd6b18db3ac3f3a20
sky/b3.wram.bin,92d2bf42266b5b791a28120284957ec11c68ff3b,262144,probe scripts in the folder's scripts/,"see docs/engine/sky.md, Verification","race.ss, both camera views",e5298b2482a769aa6458955cd6b18db3ac3f3a20
sky/c0.fb.bin,2f777694e2dcd62cc0c799af02696d83b656b18c,38400,probe scripts in the folder's scripts/,"see docs/engine/sky.md, Verification","race.ss, both camera views",e5298b2482a769aa6458955cd6b18db3ac3f3a20
sky/c0.fb2.bin,6ea494bd566ad37a63fc63656b7895daabd72301,38400,probe scripts in the folder's scripts/,"see docs/engine/sky.md, Verification","race.ss, both camera views",e5298b2482a769aa6458955cd6b18db3ac3f3a20
sky/c0.gradbuf.bin,64384ea7bd89f496015e7d0e625feac1f9e90cfa,1024,probe scripts in the folder's scripts/,"see docs/engine/sky.md, Verification","race.ss, both camera views",e5298b2482a769aa6458955cd6b18db3ac3f3a20
sky/c0.oam.bin,f6bb7d680d3274b2698ceb671c32de6f95f4245c,1024,probe scripts in the folder's scripts/,"see docs/engine/sky.md, Verification","race.ss, both camera views",e5298b2482a769aa6458955cd6b18db3ac3f3a20
sky/c0.pal.bin,77348d3b61b69452b3d7e935a49065bf86889f27,512,probe scripts in the folder's scripts/,"see docs/engine/sky.md, Verification","race.ss, both camera views",e5298b2482a769aa6458955cd6b18db3ac3f3a20
sky/c0.screen.bin,149e9be0a83672088396f83b0498d5d89d95e702,153600,probe scripts in the folder's scripts/,"see docs/engine/sky.md, Verification","race.ss, both camera views",e5298b2482a769aa6458955cd6b18db3ac3f3a20
sky/c0.snap.txt,80b1951a1eb9a1b2ca87f263afb3ae8c46075862,127,probe scripts in the folder's scripts/,"see docs/engine/sky.md, Verification","race.ss, both camera views",e5298b2482a769aa6458955cd6b18db3ac3f3a20
sky/c1.fb.bin,66864fe6db4bc3fd1fbc74de147e25846c791ac1,38400,probe scripts in the folder's scripts/,"see docs/engine/sky.md, Verification","race.ss, both camera views",e5298b2482a769aa6458955cd6b18db3ac3f3a20
sky/c1.fb2.bin,68d4388865425c9f105d16083107c6b4cadcfda3,38400,probe scripts in the folder's scripts/,"see docs/engine/sky.md, Verification","race.ss, both camera views",e5298b2482a769aa6458955cd6b18db3ac3f3a20
sky/c1.gradbuf.bin,64384ea7bd89f496015e7d0e625feac1f9e90cfa,1024,probe scripts in the folder's scripts/,"see docs/engine/sky.md, Verification","race.ss, both camera views",e5298b2482a769aa6458955cd6b18db3ac3f3a20
sky/c1.oam.bin,323aaefcb53d91a659b34f406742f33f4901df8b,1024,probe scripts in the folder's scripts/,"see docs/engine/sky.md, Verification","race.ss, both camera views",e5298b2482a769aa6458955cd6b18db3ac3f3a20
sky/c1.pal.bin,a10b534990efd232a061c40ba90aa4a4643a63b0,512,probe scripts in the folder's scripts/,"see docs/engine/sky.md, Verification","race.ss, both camera views",e5298b2482a769aa6458955cd6b18db3ac3f3a20
sky/c1.screen.bin,42aa5479c7c0df4715c51b919baa3cc901b2d1ad,153600,probe scripts in the folder's scripts/,"see docs/engine/sky.md, Verification","race.ss, both camera views",e5298b2482a769aa6458955cd6b18db3ac3f3a20
sky/c1.snap.txt,50440c7a66b5741b5c93bbee018c04ac3b72735c,128,probe scripts in the folder's scripts/,"see docs/engine/sky.md, Verification","race.ss, both camera views",e5298b2482a769aa6458955cd6b18db3ac3f3a20
sky/c2.fb.bin,dc01da5a5a2b708117a1e82f5575fb0dbd35ccf2,38400,probe scripts in the folder's scripts/,"see docs/engine/sky.md, Verification","race.ss, both camera views",e5298b2482a769aa6458955cd6b18db3ac3f3a20
sky/c2.fb2.bin,79bd25411f400a85c7e71f44a14fd8b958557d84,38400,probe scripts in the folder's scripts/,"see docs/engine/sky.md, Verification","race.ss, both camera views",e5298b2482a769aa6458955cd6b18db3ac3f3a20
sky/c2.gradbuf.bin,64384ea7bd89f496015e7d0e625feac1f9e90cfa,1024,probe scripts in the folder's scripts/,"see docs/engine/sky.md, Verification","race.ss, both camera views",e5298b2482a769aa6458955cd6b18db3ac3f3a20
sky/c2.oam.bin,e50d1e324274691f4a9be33c356bd5544df4d4a0,1024,probe scripts in the folder's scripts/,"see docs/engine/sky.md, Verification","race.ss, both camera views",e5298b2482a769aa6458955cd6b18db3ac3f3a20
sky/c2.pal.bin,0c9a0a79bde72a3490d37d95da6f54f8fb9dea67,512,probe scripts in the folder's scripts/,"see docs/engine/sky.md, Verification","race.ss, both camera views",e5298b2482a769aa6458955cd6b18db3ac3f3a20
sky/c2.screen.bin,2d73e35d1b1a77a448ac6f462904b30f2e11ef75,153600,probe scripts in the folder's scripts/,"see docs/engine/sky.md, Verification","race.ss, both camera views",e5298b2482a769aa6458955cd6b18db3ac3f3a20
sky/c2.snap.txt,3dab4962d9e7ce53b3ea78b7a3f2402d83375b74,128,probe scripts in the folder's scripts/,"see docs/engine/sky.md, Verification","race.ss, both camera views",e5298b2482a769aa6458955cd6b18db3ac3f3a20
sky/c3.fb.bin,54f47e1839ac539aec071b024ab8327ee2fa1a67,38400,probe scripts in the folder's scripts/,"see docs/engine/sky.md, Verification","race.ss, both camera views",e5298b2482a769aa6458955cd6b18db3ac3f3a20
sky/c3.fb2.bin,d14aab9bfabb7dad8f9d87771d6cfaa65a91fe90,38400,probe scripts in the folder's scripts/,"see docs/engine/sky.md, Verification","race.ss, both camera views",e5298b2482a769aa6458955cd6b18db3ac3f3a20
sky/c3.gradbuf.bin,64384ea7bd89f496015e7d0e625feac1f9e90cfa,1024,probe scripts in the folder's scripts/,"see docs/engine/sky.md, Verification","race.ss, both camera views",e5298b2482a769aa6458955cd6b18db3ac3f3a20
sky/c3.oam.bin,7c24688d12aec78a3a502de4090a75dc3685fb1b,1024,probe scripts in the folder's scripts/,"see docs/engine/sky.md, Verification","race.ss, both camera views",e5298b2482a769aa6458955cd6b18db3ac3f3a20
sky/c3.pal.bin,74a84e9baea358ca6d682fb0cbdb26d826fb0f92,512,probe scripts in the folder's scripts/,"see docs/engine/sky.md, Verification","race.ss, both camera views",e5298b2482a769aa6458955cd6b18db3ac3f3a20
sky/c3.screen.bin,d54950acc3e09094118213208abfe54c8f78d5dd,153600,probe scripts in the folder's scripts/,"see docs/engine/sky.md, Verification","race.ss, both camera views",e5298b2482a769aa6458955cd6b18db3ac3f3a20
sky/c3.snap.txt,e4b17e81799a687592ee09b79f3c25d48483c43b,130,probe scripts in the folder's scripts/,"see docs/engine/sky.md, Verification","race.ss, both camera views",e5298b2482a769aa6458955cd6b18db3ac3f3a20
sky/c4.fb.bin,bbe24846dcf71ac9b0f1f19a232a4e62a586d414,38400,probe scripts in the folder's scripts/,"see docs/engine/sky.md, Verification","race.ss, both camera views",e5298b2482a769aa6458955cd6b18db3ac3f3a20
sky/c4.fb2.bin,848e63926e1040d66f804d88e1076c23a8ce1c8c,38400,probe scripts in the folder's scripts/,"see docs/engine/sky.md, Verification","race.ss, both camera views",e5298b2482a769aa6458955cd6b18db3ac3f3a20
sky/c4.gradbuf.bin,64384ea7bd89f496015e7d0e625feac1f9e90cfa,1024,probe scripts in the folder's scripts/,"see docs/engine/sky.md, Verification","race.ss, both camera views",e5298b2482a769aa6458955cd6b18db3ac3f3a20
sky/c4.oam.bin,8e391506e63a0cbed9bf6d95eb63a6be71436324,1024,probe scripts in the folder's scripts/,"see docs/engine/sky.md, Verification","race.ss, both camera views",e5298b2482a769aa6458955cd6b18db3ac3f3a20
sky/c4.pal.bin,e39949f823e904d517472acce0a7d4acba2d340c,512,probe scripts in the folder's scripts/,"see docs/engine/sky.md, Verification","race.ss, both camera views",e5298b2482a769aa6458955cd6b18db3ac3f3a20
sky/c4.screen.bin,54e4c73e4605bcfb8592a39cc0b0a3cad8015a21,153600,probe scripts in the folder's scripts/,"see docs/engine/sky.md, Verification","race.ss, both camera views",e5298b2482a769aa6458955cd6b18db3ac3f3a20
sky/c4.snap.txt,2ed01e2fefa8cbf32d29c28e4a5b1c33fe2bcec3,129,probe scripts in the folder's scripts/,"see docs/engine/sky.md, Verification","race.ss, both camera views",e5298b2482a769aa6458955cd6b18db3ac3f3a20
sky/c5.fb.bin,808ba05daae77192db9bab28323080d55c424da4,38400,probe scripts in the folder's scripts/,"see docs/engine/sky.md, Verification","race.ss, both camera views",e5298b2482a769aa6458955cd6b18db3ac3f3a20
sky/c5.fb2.bin,fd84a983e80927de4783c1f3250172f618565b54,38400,probe scripts in the folder's scripts/,"see docs/engine/sky.md, Verification","race.ss, both camera views",e5298b2482a769aa6458955cd6b18db3ac3f3a20
sky/c5.gradbuf.bin,64384ea7bd89f496015e7d0e625feac1f9e90cfa,1024,probe scripts in the folder's scripts/,"see docs/engine/sky.md, Verification","race.ss, both camera views",e5298b2482a769aa6458955cd6b18db3ac3f3a20
sky/c5.oam.bin,ffe6adcdd01dd910dc9a84640179f79eeb0dc514,1024,probe scripts in the folder's scripts/,"see docs/engine/sky.md, Verification","race.ss, both camera views",e5298b2482a769aa6458955cd6b18db3ac3f3a20
sky/c5.pal.bin,36c9d85b441a9d80d797ce07a3d6eebd5d434fe0,512,probe scripts in the folder's scripts/,"see docs/engine/sky.md, Verification","race.ss, both camera views",e5298b2482a769aa6458955cd6b18db3ac3f3a20
sky/c5.screen.bin,a44ac4fc823d6b95a1a8b35c277f0cd4c68288c9,153600,probe scripts in the folder's scripts/,"see docs/engine/sky.md, Verification","race.ss, both camera views",e5298b2482a769aa6458955cd6b18db3ac3f3a20
sky/c5.snap.txt,27909ca5bb6db96d81638593186e59cf2e9fc344,129,probe scripts in the folder's scripts/,"see docs/engine/sky.md, Verification","race.ss, both camera views",e5298b2482a769aa6458955cd6b18db3ac3f3a20
sky/done.txt,990865680e4af3219d2ea9491b116f621cf9a9b4,19,probe scripts in the folder's scripts/,"see docs/engine/sky.md, Verification","race.ss, both camera views",e5298b2482a769aa6458955cd6b18db3ac3f3a20
sky/g1.bios.bin,7af2cd740eb86610cc6f1c204d266d0b54499885,16384,probe scripts in the folder's scripts/,"see docs/engine/sky.md, Verification","race.ss, both camera views",e5298b2482a769aa6458955cd6b18db3ac3f3a20
sky/g1.eeprom.bin,08a9ebf51184b9fe72071ba292dfd2fa4778bccc,512,probe scripts in the folder's scripts/,"see docs/engine/sky.md, Verification","race.ss, both camera views",e5298b2482a769aa6458955cd6b18db3ac3f3a20
sky/g1.io.bin,9ef9c0c6b61640b21294a4a82806a26aaab7eab7,1024,probe scripts in the folder's scripts/,"see docs/engine/sky.md, Verification","race.ss, both camera views",e5298b2482a769aa6458955cd6b18db3ac3f3a20
sky/g1.iwram.bin,9f0aa13574a27086ec5147962b281cde6d4efacd,32768,probe scripts in the folder's scripts/,"see docs/engine/sky.md, Verification","race.ss, both camera views",e5298b2482a769aa6458955cd6b18db3ac3f3a20
sky/g1.oam.bin,5f322f1a4b662a0d3e33b2ca0073fe83a9ef178a,1024,probe scripts in the folder's scripts/,"see docs/engine/sky.md, Verification","race.ss, both camera views",e5298b2482a769aa6458955cd6b18db3ac3f3a20
sky/g1.palette.bin,bfc0e050f6a149d8cab99b31089ea71c272bedec,1024,probe scripts in the folder's scripts/,"see docs/engine/sky.md, Verification","race.ss, both camera views",e5298b2482a769aa6458955cd6b18db3ac3f3a20
sky/g1.png,a8ea93cd11940efd86d4b0ccb105665cd607caf3,33300,probe scripts in the folder's scripts/,"see docs/engine/sky.md, Verification","race.ss, both camera views",e5298b2482a769aa6458955cd6b18db3ac3f3a20
sky/g1.vram.bin,3fae72df25cb2608db070560c758cd13ce4adc2f,98304,probe scripts in the folder's scripts/,"see docs/engine/sky.md, Verification","race.ss, both camera views",e5298b2482a769aa6458955cd6b18db3ac3f3a20
sky/g1.wram.bin,2b9d2fe6692f1b8777a73c1c3bf99f562838917c,262144,probe scripts in the folder's scripts/,"see docs/engine/sky.md, Verification","race.ss, both camera views",e5298b2482a769aa6458955cd6b18db3ac3f3a20
sky/g2.bios.bin,7af2cd740eb86610cc6f1c204d266d0b54499885,16384,probe scripts in the folder's scripts/,"see docs/engine/sky.md, Verification","race.ss, both camera views",e5298b2482a769aa6458955cd6b18db3ac3f3a20
sky/g2.eeprom.bin,08a9ebf51184b9fe72071ba292dfd2fa4778bccc,512,probe scripts in the folder's scripts/,"see docs/engine/sky.md, Verification","race.ss, both camera views",e5298b2482a769aa6458955cd6b18db3ac3f3a20
sky/g2.io.bin,40df0e0d8fa2eb91a5dbe65fff24034e2458c0ee,1024,probe scripts in the folder's scripts/,"see docs/engine/sky.md, Verification","race.ss, both camera views",e5298b2482a769aa6458955cd6b18db3ac3f3a20
sky/g2.iwram.bin,69f72faded26eb7f8baf621221a42903ec3e8344,32768,probe scripts in the folder's scripts/,"see docs/engine/sky.md, Verification","race.ss, both camera views",e5298b2482a769aa6458955cd6b18db3ac3f3a20
sky/g2.oam.bin,db2107a54a7e99b624132d379ae486c34b150ee5,1024,probe scripts in the folder's scripts/,"see docs/engine/sky.md, Verification","race.ss, both camera views",e5298b2482a769aa6458955cd6b18db3ac3f3a20
sky/g2.palette.bin,5fd67c5803c2faf3bacf83994ac1aadff09a7869,1024,probe scripts in the folder's scripts/,"see docs/engine/sky.md, Verification","race.ss, both camera views",e5298b2482a769aa6458955cd6b18db3ac3f3a20
sky/g2.png,440c22d6b5152e09f09bda0d3d723dfad150ead1,33648,probe scripts in the folder's scripts/,"see docs/engine/sky.md, Verification","race.ss, both camera views",e5298b2482a769aa6458955cd6b18db3ac3f3a20
sky/g2.vram.bin,0105734c8e6a3b93224fab366f8e9b65ea7fbf72,98304,probe scripts in the folder's scripts/,"see docs/engine/sky.md, Verification","race.ss, both camera views",e5298b2482a769aa6458955cd6b18db3ac3f3a20
sky/g2.wram.bin,197d8cc99d8dbb2be891ff5e936b69ea2e7ffc5e,262144,probe scripts in the folder's scripts/,"see docs/engine/sky.md, Verification","race.ss, both camera views",e5298b2482a769aa6458955cd6b18db3ac3f3a20
sky/g3.bios.bin,7af2cd740eb86610cc6f1c204d266d0b54499885,16384,probe scripts in the folder's scripts/,"see docs/engine/sky.md, Verification","race.ss, both camera views",e5298b2482a769aa6458955cd6b18db3ac3f3a20
sky/g3.eeprom.bin,08a9ebf51184b9fe72071ba292dfd2fa4778bccc,512,probe scripts in the folder's scripts/,"see docs/engine/sky.md, Verification","race.ss, both camera views",e5298b2482a769aa6458955cd6b18db3ac3f3a20
sky/g3.io.bin,9257d67010cff209b87d9ee06ea5b0be8ce3b191,1024,probe scripts in the folder's scripts/,"see docs/engine/sky.md, Verification","race.ss, both camera views",e5298b2482a769aa6458955cd6b18db3ac3f3a20
sky/g3.iwram.bin,5d17fdad67d88261e70b74e9bb014f885f010469,32768,probe scripts in the folder's scripts/,"see docs/engine/sky.md, Verification","race.ss, both camera views",e5298b2482a769aa6458955cd6b18db3ac3f3a20
sky/g3.oam.bin,232d79616540b62b649b514be1f13ecad65d0220,1024,probe scripts in the folder's scripts/,"see docs/engine/sky.md, Verification","race.ss, both camera views",e5298b2482a769aa6458955cd6b18db3ac3f3a20
sky/g3.palette.bin,59c9df96cf07ed674b9e4eddd5745c6c5e820969,1024,probe scripts in the folder's scripts/,"see docs/engine/sky.md, Verification","race.ss, both camera views",e5298b2482a769aa6458955cd6b18db3ac3f3a20
sky/g3.png,f55791849c8ac38f12388d317859efcb320de024,26997,probe scripts in the folder's scripts/,"see docs/engine/sky.md, Verification","race.ss, both camera views",e5298b2482a769aa6458955cd6b18db3ac3f3a20
sky/g3.vram.bin,4040cd96eac198a5bc86923cedb11e340f3ee027,98304,probe scripts in the folder's scripts/,"see docs/engine/sky.md, Verification","race.ss, both camera views",e5298b2482a769aa6458955cd6b18db3ac3f3a20
sky/g3.wram.bin,7905a4bb1979f84ea8734027dbca1882e2ccad29,262144,probe scripts in the folder's scripts/,"see docs/engine/sky.md, Verification","race.ss, both camera views",e5298b2482a769aa6458955cd6b18db3ac3f3a20
sky/g4.bios.bin,7af2cd740eb86610cc6f1c204d266d0b54499885,16384,probe scripts in the folder's scripts/,"see docs/engine/sky.md, Verification","race.ss, both camera views",e5298b2482a769aa6458955cd6b18db3ac3f3a20
sky/g4.eeprom.bin,08a9ebf51184b9fe72071ba292dfd2fa4778bccc,512,probe scripts in the folder's scripts/,"see docs/engine/sky.md, Verification","race.ss, both camera views",e5298b2482a769aa6458955cd6b18db3ac3f3a20
sky/g4.io.bin,7729b0f065d956b9dcf86b25c991b9fb75fdad68,1024,probe scripts in the folder's scripts/,"see docs/engine/sky.md, Verification","race.ss, both camera views",e5298b2482a769aa6458955cd6b18db3ac3f3a20
sky/g4.iwram.bin,c389ec340357b9fa36f28927072e9f0b55a9f3db,32768,probe scripts in the folder's scripts/,"see docs/engine/sky.md, Verification","race.ss, both camera views",e5298b2482a769aa6458955cd6b18db3ac3f3a20
sky/g4.oam.bin,2b9d99c7c932e7d9ccccb2e2381b0508fc24157c,1024,probe scripts in the folder's scripts/,"see docs/engine/sky.md, Verification","race.ss, both camera views",e5298b2482a769aa6458955cd6b18db3ac3f3a20
sky/g4.palette.bin,d3b9d0d913213793e23a733458b83bec5d287adc,1024,probe scripts in the folder's scripts/,"see docs/engine/sky.md, Verification","race.ss, both camera views",e5298b2482a769aa6458955cd6b18db3ac3f3a20
sky/g4.png,3dc3d967459d1f091b8c3e0eb57c16e26d890955,35341,probe scripts in the folder's scripts/,"see docs/engine/sky.md, Verification","race.ss, both camera views",e5298b2482a769aa6458955cd6b18db3ac3f3a20
sky/g4.vram.bin,4890f6bd8eba562614cb8cdc6a15a230503408f0,98304,probe scripts in the folder's scripts/,"see docs/engine/sky.md, Verification","race.ss, both camera views",e5298b2482a769aa6458955cd6b18db3ac3f3a20
sky/g4.wram.bin,a57b93846529f6ef6d90dbe8fe689ec96d1f074c,262144,probe scripts in the folder's scripts/,"see docs/engine/sky.md, Verification","race.ss, both camera views",e5298b2482a769aa6458955cd6b18db3ac3f3a20
sky/g5.bios.bin,7af2cd740eb86610cc6f1c204d266d0b54499885,16384,probe scripts in the folder's scripts/,"see docs/engine/sky.md, Verification","race.ss, both camera views",e5298b2482a769aa6458955cd6b18db3ac3f3a20
sky/g5.eeprom.bin,08a9ebf51184b9fe72071ba292dfd2fa4778bccc,512,probe scripts in the folder's scripts/,"see docs/engine/sky.md, Verification","race.ss, both camera views",e5298b2482a769aa6458955cd6b18db3ac3f3a20
sky/g5.io.bin,d2f72736e83f8fd6bbf86f71931b504bbbf385ef,1024,probe scripts in the folder's scripts/,"see docs/engine/sky.md, Verification","race.ss, both camera views",e5298b2482a769aa6458955cd6b18db3ac3f3a20
sky/g5.iwram.bin,d8649d7eb37b07fafe2d67b84e641c287038194a,32768,probe scripts in the folder's scripts/,"see docs/engine/sky.md, Verification","race.ss, both camera views",e5298b2482a769aa6458955cd6b18db3ac3f3a20
sky/g5.oam.bin,f12323a74c2258e5e6599786f8f6342cc00af534,1024,probe scripts in the folder's scripts/,"see docs/engine/sky.md, Verification","race.ss, both camera views",e5298b2482a769aa6458955cd6b18db3ac3f3a20
sky/g5.palette.bin,d3b9d0d913213793e23a733458b83bec5d287adc,1024,probe scripts in the folder's scripts/,"see docs/engine/sky.md, Verification","race.ss, both camera views",e5298b2482a769aa6458955cd6b18db3ac3f3a20
sky/g5.png,13104da977826da9f35e0b428f478d0447dfdb2a,35823,probe scripts in the folder's scripts/,"see docs/engine/sky.md, Verification","race.ss, both camera views",e5298b2482a769aa6458955cd6b18db3ac3f3a20
sky/g5.vram.bin,16c87c78cfb44ee2d50effa2c09e985847688b93,98304,probe scripts in the folder's scripts/,"see docs/engine/sky.md, Verification","race.ss, both camera views",e5298b2482a769aa6458955cd6b18db3ac3f3a20
sky/g5.wram.bin,12d5e78592f8c9e60bc284ded7abc3df2efb2b0b,262144,probe scripts in the folder's scripts/,"see docs/engine/sky.md, Verification","race.ss, both camera views",e5298b2482a769aa6458955cd6b18db3ac3f3a20
sky/h0.sky.bin,df33db7ef922cdb4a3abf393f10829a13937a22a,15360,probe scripts in the folder's scripts/,"see docs/engine/sky.md, Verification","race.ss, both camera views",e5298b2482a769aa6458955cd6b18db3ac3f3a20
sky/h0.sky.txt,365b103788f02c695b3f861ebb83c37f5b0e2520,165,probe scripts in the folder's scripts/,"see docs/engine/sky.md, Verification","race.ss, both camera views",e5298b2482a769aa6458955cd6b18db3ac3f3a20
sky/h1.sky.bin,0a710bb4673c4f3553fba590c1d581fda212b43b,15360,probe scripts in the folder's scripts/,"see docs/engine/sky.md, Verification","race.ss, both camera views",e5298b2482a769aa6458955cd6b18db3ac3f3a20
sky/h1.sky.txt,f731593b6a55596698fc1ef44c11ea3a607c973f,167,probe scripts in the folder's scripts/,"see docs/engine/sky.md, Verification","race.ss, both camera views",e5298b2482a769aa6458955cd6b18db3ac3f3a20
sky/h2.sky.bin,679ee957b1b3fbebb0a4bc8d51a5fc6a562082c2,15360,probe scripts in the folder's scripts/,"see docs/engine/sky.md, Verification","race.ss, both camera views",e5298b2482a769aa6458955cd6b18db3ac3f3a20
sky/h2.sky.txt,66d0aed632e1227fcf5b46945d978a67e7e58a0d,167,probe scripts in the folder's scripts/,"see docs/engine/sky.md, Verification","race.ss, both camera views",e5298b2482a769aa6458955cd6b18db3ac3f3a20
sky/h3.sky.bin,2630ed0a84963bc9d7016f4816d73b75fb8a52cb,15360,probe scripts in the folder's scripts/,"see docs/engine/sky.md, Verification","race.ss, both camera views",e5298b2482a769aa6458955cd6b18db3ac3f3a20
sky/h3.sky.txt,8f7644ddeb3196658e66a37af6a6cd27a9687e0e,167,probe scripts in the folder's scripts/,"see docs/engine/sky.md, Verification","race.ss, both camera views",e5298b2482a769aa6458955cd6b18db3ac3f3a20
sky/h4.sky.bin,f72f22086301e2f35ec8c6fedfa0e004d85255c8,15360,probe scripts in the folder's scripts/,"see docs/engine/sky.md, Verification","race.ss, both camera views",e5298b2482a769aa6458955cd6b18db3ac3f3a20
sky/h4.sky.txt,40786dc2a45d94c9b64ccffa7e1e3d2873043fdf,167,probe scripts in the folder's scripts/,"see docs/engine/sky.md, Verification","race.ss, both camera views",e5298b2482a769aa6458955cd6b18db3ac3f3a20
sky/h5.sky.bin,08db89f1aabcc05e6b43a51779ebd3569636497c,15360,probe scripts in the folder's scripts/,"see docs/engine/sky.md, Verification","race.ss, both camera views",e5298b2482a769aa6458955cd6b18db3ac3f3a20
sky/h5.sky.txt,62e5cf569c8cdd76b14183d529c5779acd2b222c,167,probe scripts in the folder's scripts/,"see docs/engine/sky.md, Verification","race.ss, both camera views",e5298b2482a769aa6458955cd6b18db3ac3f3a20
sky/k_L.sky.bin,4caee8a62b63b21af13602f15f2dc0f2239cb208,15360,probe scripts in the folder's scripts/,"see docs/engine/sky.md, Verification","race.ss, both camera views",e5298b2482a769aa6458955cd6b18db3ac3f3a20
sky/k_L.sky.txt,c6e8a27f294bd0165d35e73d3441c2613c6e8c21,169,probe scripts in the folder's scripts/,"see docs/engine/sky.md, Verification","race.ss, both camera views",e5298b2482a769aa6458955cd6b18db3ac3f3a20
sky/k_R.sky.bin,4caee8a62b63b21af13602f15f2dc0f2239cb208,15360,probe scripts in the folder's scripts/,"see docs/engine/sky.md, Verification","race.ss, both camera views",e5298b2482a769aa6458955cd6b18db3ac3f3a20
sky/k_R.sky.txt,6f33f18e0b6360b4bb18e32af4b32bbb5951ad2e,169,probe scripts in the folder's scripts/,"see docs/engine/sky.md, Verification","race.ss, both camera views",e5298b2482a769aa6458955cd6b18db3ac3f3a20
sky/k_SELECT.sky.bin,4caee8a62b63b21af13602f15f2dc0f2239cb208,15360,probe scripts in the folder's scripts/,"see docs/engine/sky.md, Verification","race.ss, both camera views",e5298b2482a769aa6458955cd6b18db3ac3f3a20
sky/k_SELECT.sky.txt,548892b126b227b66486f1e7acec8ef02d96f6e8,169,probe scripts in the folder's scripts/,"see docs/engine/sky.md, Verification","race.ss, both camera views",e5298b2482a769aa6458955cd6b18db3ac3f3a20
sky/log.txt,37c162e989674fefcf5b1aa51026e2898e008175,1464,probe scripts in the folder's scripts/,"see docs/engine/sky.md, Verification","race.ss, both camera views",e5298b2482a769aa6458955cd6b18db3ac3f3a20
sky/mainmenu.ss,2fdd4f31233652d1ab805b9969e0bd7d0b1d98fa,94163,probe scripts in the folder's scripts/,"see docs/engine/sky.md, Verification","race.ss, both camera views",e5298b2482a769aa6458955cd6b18db3ac3f3a20
sky/pid.txt,8365762f6916684a92ef3b1014cbd7f60b2a397b,6,probe scripts in the folder's scripts/,"see docs/engine/sky.md, Verification","race.ss, both camera views",e5298b2482a769aa6458955cd6b18db3ac3f3a20
sky/probe_log.txt,29e49eaf8e6480c538f74af2753724ea6879281c,3549,probe scripts in the folder's scripts/,"see docs/engine/sky.md, Verification","race.ss, both camera views",e5298b2482a769aa6458955cd6b18db3ac3f3a20
sky/race.ss,aaf8f76e047c5945e66f6bc980db81408e552757,118124,probe scripts in the folder's scripts/,"see docs/engine/sky.md, Verification","race.ss, both camera views",e5298b2482a769aa6458955cd6b18db3ac3f3a20
sky/s1.sky.bin,a21b3ddaf7ed5067e49868ed3f87b1aaa07c1eb3,15360,probe scripts in the folder's scripts/,"see docs/engine/sky.md, Verification","race.ss, both camera views",e5298b2482a769aa6458955cd6b18db3ac3f3a20
sky/s1.sky.txt,44c85f928b74d3afdf53042209ec239b9e2734c3,168,probe scripts in the folder's scripts/,"see docs/engine/sky.md, Verification","race.ss, both camera views",e5298b2482a769aa6458955cd6b18db3ac3f3a20
sky/s2.sky.bin,cb0335b5cbc552202041f50b4cb14799c8afcd49,15360,probe scripts in the folder's scripts/,"see docs/engine/sky.md, Verification","race.ss, both camera views",e5298b2482a769aa6458955cd6b18db3ac3f3a20
sky/s2.sky.txt,73ef22fb69faa1b9533e8e0b0f953b9338df5dc4,167,probe scripts in the folder's scripts/,"see docs/engine/sky.md, Verification","race.ss, both camera views",e5298b2482a769aa6458955cd6b18db3ac3f3a20
sky/scripts/launch.py,c3786012e97ced63c1b9f6e2350c36330f1dd8c0,1204,probe scripts in the folder's scripts/,"see docs/engine/sky.md, Verification","race.ss, both camera views",e5298b2482a769aa6458955cd6b18db3ac3f3a20
sky/scripts/sky_probe.lua,2387340cb337b910dd4e1c058b677b68ebf4ca2e,5260,probe scripts in the folder's scripts/,"see docs/engine/sky.md, Verification","race.ss, both camera views",e5298b2482a769aa6458955cd6b18db3ac3f3a20
sky/scripts/v15.py,1bba3a8af589367e66066ccec3d093b5e3d99d64,2402,probe scripts in the folder's scripts/,"see docs/engine/sky.md, Verification","race.ss, both camera views",e5298b2482a769aa6458955cd6b18db3ac3f3a20
sky/scripts/v17.py,087bef3ecad5ebad0725a72a30d0bb65a6f35d30,2672,probe scripts in the folder's scripts/,"see docs/engine/sky.md, Verification","race.ss, both camera views",e5298b2482a769aa6458955cd6b18db3ac3f3a20
sky/vblank.txt,d25e8b196b26b78b910c74e81a49d0325ff49401,1196,probe scripts in the folder's scripts/,"see docs/engine/sky.md, Verification","race.ss, both camera views",e5298b2482a769aa6458955cd6b18db3ac3f3a20
sky/w1.png,1aaf07535dc511a33b998be0d306d33efde8f3de,35046,probe scripts in the folder's scripts/,"see docs/engine/sky.md, Verification","race.ss, both camera views",e5298b2482a769aa6458955cd6b18db3ac3f3a20
sky/w1.sky.bin,e71e683a95aaf2cd9402fe4f0b3ff0bf74fcc714,15360,probe scripts in the folder's scripts/,"see docs/engine/sky.md, Verification","race.ss, both camera views",e5298b2482a769aa6458955cd6b18db3ac3f3a20
sky/w1.sky.txt,9186c1ca24e8e2dd0dd25a4579cb72b5f45f9471,167,probe scripts in the folder's scripts/,"see docs/engine/sky.md, Verification","race.ss, both camera views",e5298b2482a769aa6458955cd6b18db3ac3f3a20
ui-2d/lang.bios.bin,7af2cd740eb86610cc6f1c204d266d0b54499885,16384,tools/mgba_ctl.py + tools/mgba_remote.lua,mgba_ctl.py dump <name>,"fresh save, intro screens (docs/formats/ui.md)",e5298b2482a769aa6458955cd6b18db3ac3f3a20
ui-2d/lang.eeprom.bin,08a9ebf51184b9fe72071ba292dfd2fa4778bccc,512,tools/mgba_ctl.py + tools/mgba_remote.lua,mgba_ctl.py dump <name>,"fresh save, intro screens (docs/formats/ui.md)",e5298b2482a769aa6458955cd6b18db3ac3f3a20
ui-2d/lang.io.bin,693ef55ebd656cacbfb92373a0a2dabff3338ff9,1024,tools/mgba_ctl.py + tools/mgba_remote.lua,mgba_ctl.py dump <name>,"fresh save, intro screens (docs/formats/ui.md)",e5298b2482a769aa6458955cd6b18db3ac3f3a20
ui-2d/lang.iwram.bin,0b64b5da8a7bed1657b1398b107b32530288e500,32768,tools/mgba_ctl.py + tools/mgba_remote.lua,mgba_ctl.py dump <name>,"fresh save, intro screens (docs/formats/ui.md)",e5298b2482a769aa6458955cd6b18db3ac3f3a20
ui-2d/lang.oam.bin,385b8c375176637f77543d055ba766661f4600b8,1024,tools/mgba_ctl.py + tools/mgba_remote.lua,mgba_ctl.py dump <name>,"fresh save, intro screens (docs/formats/ui.md)",e5298b2482a769aa6458955cd6b18db3ac3f3a20
ui-2d/lang.palette.bin,532d88caf3f09d256d9a6c11080d6f397a86e7d3,1024,tools/mgba_ctl.py + tools/mgba_remote.lua,mgba_ctl.py dump <name>,"fresh save, intro screens (docs/formats/ui.md)",e5298b2482a769aa6458955cd6b18db3ac3f3a20
ui-2d/lang.vram.bin,404fb35d20826b5d067c022473f0aab783a607cc,98304,tools/mgba_ctl.py + tools/mgba_remote.lua,mgba_ctl.py dump <name>,"fresh save, intro screens (docs/formats/ui.md)",e5298b2482a769aa6458955cd6b18db3ac3f3a20
ui-2d/lang.wram.bin,00b2f2df414d294cc1aaad0668d8b8e0fb342ce3,262144,tools/mgba_ctl.py + tools/mgba_remote.lua,mgba_ctl.py dump <name>,"fresh save, intro screens (docs/formats/ui.md)",e5298b2482a769aa6458955cd6b18db3ac3f3a20
ui-2d/n1.bios.bin,7af2cd740eb86610cc6f1c204d266d0b54499885,16384,tools/mgba_ctl.py + tools/mgba_remote.lua,mgba_ctl.py dump <name>,"fresh save, intro screens (docs/formats/ui.md)",e5298b2482a769aa6458955cd6b18db3ac3f3a20
ui-2d/n1.eeprom.bin,08a9ebf51184b9fe72071ba292dfd2fa4778bccc,512,tools/mgba_ctl.py + tools/mgba_remote.lua,mgba_ctl.py dump <name>,"fresh save, intro screens (docs/formats/ui.md)",e5298b2482a769aa6458955cd6b18db3ac3f3a20
ui-2d/n1.io.bin,c7729a90fd4d472dac3c6a655949bce785bbda4e,1024,tools/mgba_ctl.py + tools/mgba_remote.lua,mgba_ctl.py dump <name>,"fresh save, intro screens (docs/formats/ui.md)",e5298b2482a769aa6458955cd6b18db3ac3f3a20
ui-2d/n1.iwram.bin,ba3320516eae88d7791f8efe38874e3a9b3f401f,32768,tools/mgba_ctl.py + tools/mgba_remote.lua,mgba_ctl.py dump <name>,"fresh save, intro screens (docs/formats/ui.md)",e5298b2482a769aa6458955cd6b18db3ac3f3a20
ui-2d/n1.oam.bin,385b8c375176637f77543d055ba766661f4600b8,1024,tools/mgba_ctl.py + tools/mgba_remote.lua,mgba_ctl.py dump <name>,"fresh save, intro screens (docs/formats/ui.md)",e5298b2482a769aa6458955cd6b18db3ac3f3a20
ui-2d/n1.palette.bin,e1139c62841e6d57c0ea8159fc6d3f1e954145a6,1024,tools/mgba_ctl.py + tools/mgba_remote.lua,mgba_ctl.py dump <name>,"fresh save, intro screens (docs/formats/ui.md)",e5298b2482a769aa6458955cd6b18db3ac3f3a20
ui-2d/n1.vram.bin,e56cf26d77fd2673575b2d3d10a65cf51530de71,98304,tools/mgba_ctl.py + tools/mgba_remote.lua,mgba_ctl.py dump <name>,"fresh save, intro screens (docs/formats/ui.md)",e5298b2482a769aa6458955cd6b18db3ac3f3a20
ui-2d/n1.wram.bin,a342a6e80b327ae4084591c3370d47a660bd28d4,262144,tools/mgba_ctl.py + tools/mgba_remote.lua,mgba_ctl.py dump <name>,"fresh save, intro screens (docs/formats/ui.md)",e5298b2482a769aa6458955cd6b18db3ac3f3a20
ui-2d/n2.io.bin,3bd6fe7d04912fc7fe8a96962994bbcc4c275ee8,1024,tools/mgba_ctl.py + tools/mgba_remote.lua,mgba_ctl.py dump <name>,"fresh save, intro screens (docs/formats/ui.md)",e5298b2482a769aa6458955cd6b18db3ac3f3a20
ui-2d/n2.palette.bin,55a75d92b4401718fc4fd8ac38c57a802d4332d4,1024,tools/mgba_ctl.py + tools/mgba_remote.lua,mgba_ctl.py dump <name>,"fresh save, intro screens (docs/formats/ui.md)",e5298b2482a769aa6458955cd6b18db3ac3f3a20
ui-2d/n2.vram.bin,32f00a4a51da5e5a65c54632c5c658327c4a8dd3,98304,tools/mgba_ctl.py + tools/mgba_remote.lua,mgba_ctl.py dump <name>,"fresh save, intro screens (docs/formats/ui.md)",e5298b2482a769aa6458955cd6b18db3ac3f3a20
ui-2d/n3.io.bin,c7729a90fd4d472dac3c6a655949bce785bbda4e,1024,tools/mgba_ctl.py + tools/mgba_remote.lua,mgba_ctl.py dump <name>,"fresh save, intro screens (docs/formats/ui.md)",e5298b2482a769aa6458955cd6b18db3ac3f3a20
ui-2d/n3.palette.bin,60ed67f6eacb1e8daa9f8dff8f40b7e5f34eb083,1024,tools/mgba_ctl.py + tools/mgba_remote.lua,mgba_ctl.py dump <name>,"fresh save, intro screens (docs/formats/ui.md)",e5298b2482a769aa6458955cd6b18db3ac3f3a20
ui-2d/n3.vram.bin,ed9c2e808626ed597d04f9c41a9f5edb645a8d79,98304,tools/mgba_ctl.py + tools/mgba_remote.lua,mgba_ctl.py dump <name>,"fresh save, intro screens (docs/formats/ui.md)",e5298b2482a769aa6458955cd6b18db3ac3f3a20
ui-2d/n7.bios.bin,7af2cd740eb86610cc6f1c204d266d0b54499885,16384,tools/mgba_ctl.py + tools/mgba_remote.lua,mgba_ctl.py dump <name>,"fresh save, intro screens (docs/formats/ui.md)",e5298b2482a769aa6458955cd6b18db3ac3f3a20
ui-2d/n7.eeprom.bin,08a9ebf51184b9fe72071ba292dfd2fa4778bccc,512,tools/mgba_ctl.py + tools/mgba_remote.lua,mgba_ctl.py dump <name>,"fresh save, intro screens (docs/formats/ui.md)",e5298b2482a769aa6458955cd6b18db3ac3f3a20
ui-2d/n7.io.bin,d10760d70195033742f3847e0aa9bedb332a1e42,1024,tools/mgba_ctl.py + tools/mgba_remote.lua,mgba_ctl.py dump <name>,"fresh save, intro screens (docs/formats/ui.md)",e5298b2482a769aa6458955cd6b18db3ac3f3a20
ui-2d/n7.iwram.bin,6830a3c9f656feeef1e8ced42526a6f4ccf8bb69,32768,tools/mgba_ctl.py + tools/mgba_remote.lua,mgba_ctl.py dump <name>,"fresh save, intro screens (docs/formats/ui.md)",e5298b2482a769aa6458955cd6b18db3ac3f3a20
ui-2d/n7.oam.bin,385b8c375176637f77543d055ba766661f4600b8,1024,tools/mgba_ctl.py + tools/mgba_remote.lua,mgba_ctl.py dump <name>,"fresh save, intro screens (docs/formats/ui.md)",e5298b2482a769aa6458955cd6b18db3ac3f3a20
ui-2d/n7.palette.bin,2268a8be8a513715c709e66f65dc2568834e7b9c,1024,tools/mgba_ctl.py + tools/mgba_remote.lua,mgba_ctl.py dump <name>,"fresh save, intro screens (docs/formats/ui.md)",e5298b2482a769aa6458955cd6b18db3ac3f3a20
ui-2d/n7.vram.bin,172f00a8dde698a7c93b7522d040bc1752e624df,98304,tools/mgba_ctl.py + tools/mgba_remote.lua,mgba_ctl.py dump <name>,"fresh save, intro screens (docs/formats/ui.md)",e5298b2482a769aa6458955cd6b18db3ac3f3a20
ui-2d/n7.wram.bin,992fcf18b4eb8900456ecd011b04d0b998913cf3,262144,tools/mgba_ctl.py + tools/mgba_remote.lua,mgba_ctl.py dump <name>,"fresh save, intro screens (docs/formats/ui.md)",e5298b2482a769aa6458955cd6b18db3ac3f3a20
ui-2d/n9.bios.bin,7af2cd740eb86610cc6f1c204d266d0b54499885,16384,tools/mgba_ctl.py + tools/mgba_remote.lua,mgba_ctl.py dump <name>,"fresh save, intro screens (docs/formats/ui.md)",e5298b2482a769aa6458955cd6b18db3ac3f3a20
ui-2d/n9.eeprom.bin,08a9ebf51184b9fe72071ba292dfd2fa4778bccc,512,tools/mgba_ctl.py + tools/mgba_remote.lua,mgba_ctl.py dump <name>,"fresh save, intro screens (docs/formats/ui.md)",e5298b2482a769aa6458955cd6b18db3ac3f3a20
ui-2d/n9.io.bin,6073f01fd0a27eb0d670242ba2cbc144b9d8a084,1024,tools/mgba_ctl.py + tools/mgba_remote.lua,mgba_ctl.py dump <name>,"fresh save, intro screens (docs/formats/ui.md)",e5298b2482a769aa6458955cd6b18db3ac3f3a20
ui-2d/n9.iwram.bin,d96a588ad0bb83c0cbedfbc4ff0c3bb805d04fc9,32768,tools/mgba_ctl.py + tools/mgba_remote.lua,mgba_ctl.py dump <name>,"fresh save, intro screens (docs/formats/ui.md)",e5298b2482a769aa6458955cd6b18db3ac3f3a20
ui-2d/n9.oam.bin,385b8c375176637f77543d055ba766661f4600b8,1024,tools/mgba_ctl.py + tools/mgba_remote.lua,mgba_ctl.py dump <name>,"fresh save, intro screens (docs/formats/ui.md)",e5298b2482a769aa6458955cd6b18db3ac3f3a20
ui-2d/n9.palette.bin,e125f478fc8e2b47954e0bfc58dce7ec3f09c536,1024,tools/mgba_ctl.py + tools/mgba_remote.lua,mgba_ctl.py dump <name>,"fresh save, intro screens (docs/formats/ui.md)",e5298b2482a769aa6458955cd6b18db3ac3f3a20
ui-2d/n9.vram.bin,1a66446fbc8045b2522687cf3b6b21133f5ead42,98304,tools/mgba_ctl.py + tools/mgba_remote.lua,mgba_ctl.py dump <name>,"fresh save, intro screens (docs/formats/ui.md)",e5298b2482a769aa6458955cd6b18db3ac3f3a20
ui-2d/n9.wram.bin,957d1b9498d1bf0084136a082d1c9c90bd1bfa45,262144,tools/mgba_ctl.py + tools/mgba_remote.lua,mgba_ctl.py dump <name>,"fresh save, intro screens (docs/formats/ui.md)",e5298b2482a769aa6458955cd6b18db3ac3f3a20
vehicle-physics/BN7E_v0_e5298b24.sav,04a2ffb1d7e0753a9ff3ffa21d6285c27d91c711,512,"tools/trace_race.py + tools/trace_oracle.py (fuzz, calls, suspension: trace_fuzz.py, trace_calls.py, trace_suspension.py)",trace_race.py <name>,race.ss and the scenario states in docs/engine/physics.md,e5298b2482a769aa6458955cd6b18db3ac3f3a20
vehicle-physics/accel.bios.bin,7af2cd740eb86610cc6f1c204d266d0b54499885,16384,"tools/trace_race.py + tools/trace_oracle.py (fuzz, calls, suspension: trace_fuzz.py, trace_calls.py, trace_suspension.py)",trace_race.py <name>,race.ss and the scenario states in docs/engine/physics.md,e5298b2482a769aa6458955cd6b18db3ac3f3a20
vehicle-physics/accel.csv,d9094316f7274f62d2fde6e9ef31eadc156d3caa,177391,"tools/trace_race.py + tools/trace_oracle.py (fuzz, calls, suspension: trace_fuzz.py, trace_calls.py, trace_suspension.py)",trace_race.py <name>,race.ss and the scenario states in docs/engine/physics.md,e5298b2482a769aa6458955cd6b18db3ac3f3a20
vehicle-physics/accel.eeprom.bin,08a9ebf51184b9fe72071ba292dfd2fa4778bccc,512,"tools/trace_race.py + tools/trace_oracle.py (fuzz, calls, suspension: trace_fuzz.py, trace_calls.py, trace_suspension.py)",trace_race.py <name>,race.ss and the scenario states in docs/engine/physics.md,e5298b2482a769aa6458955cd6b18db3ac3f3a20
vehicle-physics/accel.io.bin,02eff7e10173763c2c3f77cc166df2b58fa05fd2,1024,"tools/trace_race.py + tools/trace_oracle.py (fuzz, calls, suspension: trace_fuzz.py, trace_calls.py, trace_suspension.py)",trace_race.py <name>,race.ss and the scenario states in docs/engine/physics.md,e5298b2482a769aa6458955cd6b18db3ac3f3a20
vehicle-physics/accel.iwram.bin,19c0bf844236e1b00e4e99017c0cf2e3402f5abd,32768,"tools/trace_race.py + tools/trace_oracle.py (fuzz, calls, suspension: trace_fuzz.py, trace_calls.py, trace_suspension.py)",trace_race.py <name>,race.ss and the scenario states in docs/engine/physics.md,e5298b2482a769aa6458955cd6b18db3ac3f3a20
vehicle-physics/accel.oam.bin,f6bb7d680d3274b2698ceb671c32de6f95f4245c,1024,"tools/trace_race.py + tools/trace_oracle.py (fuzz, calls, suspension: trace_fuzz.py, trace_calls.py, trace_suspension.py)",trace_race.py <name>,race.ss and the scenario states in docs/engine/physics.md,e5298b2482a769aa6458955cd6b18db3ac3f3a20
vehicle-physics/accel.oracle.txt,56d4fef752499081db98702e49c51a679a3735f8,72449,"tools/trace_race.py + tools/trace_oracle.py (fuzz, calls, suspension: trace_fuzz.py, trace_calls.py, trace_suspension.py)",trace_race.py <name>,race.ss and the scenario states in docs/engine/physics.md,e5298b2482a769aa6458955cd6b18db3ac3f3a20
vehicle-physics/accel.palette.bin,59c9df96cf07ed674b9e4eddd5745c6c5e820969,1024,"tools/trace_race.py + tools/trace_oracle.py (fuzz, calls, suspension: trace_fuzz.py, trace_calls.py, trace_suspension.py)",trace_race.py <name>,race.ss and the scenario states in docs/engine/physics.md,e5298b2482a769aa6458955cd6b18db3ac3f3a20
vehicle-physics/accel.ramdelta,896e9e1f261f443fe267884bb5b0c5c065d8edcb,248037,"tools/trace_race.py + tools/trace_oracle.py (fuzz, calls, suspension: trace_fuzz.py, trace_calls.py, trace_suspension.py)",trace_race.py <name>,race.ss and the scenario states in docs/engine/physics.md,e5298b2482a769aa6458955cd6b18db3ac3f3a20
vehicle-physics/accel.vram.bin,286572ac885b15e332ecfcd1120fb57b9d855666,98304,"tools/trace_race.py + tools/trace_oracle.py (fuzz, calls, suspension: trace_fuzz.py, trace_calls.py, trace_suspension.py)",trace_race.py <name>,race.ss and the scenario states in docs/engine/physics.md,e5298b2482a769aa6458955cd6b18db3ac3f3a20
vehicle-physics/accel.wram.bin,83d0e5ffa37ba37cbca9e21ac8b6544480fa9b63,262144,"tools/trace_race.py + tools/trace_oracle.py (fuzz, calls, suspension: trace_fuzz.py, trace_calls.py, trace_suspension.py)",trace_race.py <name>,race.ss and the scenario states in docs/engine/physics.md,e5298b2482a769aa6458955cd6b18db3ac3f3a20
vehicle-physics/accel_end.png,9cc7c75921c6120faebb0165ad2f2efd7d4c58ec,32406,"tools/trace_race.py + tools/trace_oracle.py (fuzz, calls, suspension: trace_fuzz.py, trace_calls.py, trace_suspension.py)",trace_race.py <name>,race.ss and the scenario states in docs/engine/physics.md,e5298b2482a769aa6458955cd6b18db3ac3f3a20
vehicle-physics/accel_prev.csv,d9094316f7274f62d2fde6e9ef31eadc156d3caa,177391,"tools/trace_race.py + tools/trace_oracle.py (fuzz, calls, suspension: trace_fuzz.py, trace_calls.py, trace_suspension.py)",trace_race.py <name>,race.ss and the scenario states in docs/engine/physics.md,e5298b2482a769aa6458955cd6b18db3ac3f3a20
vehicle-physics/boot-menu.ss,b2e51f1f6a5fb7c0f291cf1c7eccbb5208df35ba,94151,"tools/trace_race.py + tools/trace_oracle.py (fuzz, calls, suspension: trace_fuzz.py, trace_calls.py, trace_suspension.py)",trace_race.py <name>,race.ss and the scenario states in docs/engine/physics.md,e5298b2482a769aa6458955cd6b18db3ac3f3a20
vehicle-physics/brake.bios.bin,7af2cd740eb86610cc6f1c204d266d0b54499885,16384,"tools/trace_race.py + tools/trace_oracle.py (fuzz, calls, suspension: trace_fuzz.py, trace_calls.py, trace_suspension.py)",trace_race.py <name>,race.ss and the scenario states in docs/engine/physics.md,e5298b2482a769aa6458955cd6b18db3ac3f3a20
vehicle-physics/brake.csv,c2653fce2085d438ae06783d4eda91089f5c0a3d,247183,"tools/trace_race.py + tools/trace_oracle.py (fuzz, calls, suspension: trace_fuzz.py, trace_calls.py, trace_suspension.py)",trace_race.py <name>,race.ss and the scenario states in docs/engine/physics.md,e5298b2482a769aa6458955cd6b18db3ac3f3a20
vehicle-physics/brake.eeprom.bin,08a9ebf51184b9fe72071ba292dfd2fa4778bccc,512,"tools/trace_race.py + tools/trace_oracle.py (fuzz, calls, suspension: trace_fuzz.py, trace_calls.py, trace_suspension.py)",trace_race.py <name>,race.ss and the scenario states in docs/engine/physics.md,e5298b2482a769aa6458955cd6b18db3ac3f3a20
vehicle-physics/brake.io.bin,02eff7e10173763c2c3f77cc166df2b58fa05fd2,1024,"tools/trace_race.py + tools/trace_oracle.py (fuzz, calls, suspension: trace_fuzz.py, trace_calls.py, trace_suspension.py)",trace_race.py <name>,race.ss and the scenario states in docs/engine/physics.md,e5298b2482a769aa6458955cd6b18db3ac3f3a20
vehicle-physics/brake.iwram.bin,19c0bf844236e1b00e4e99017c0cf2e3402f5abd,32768,"tools/trace_race.py + tools/trace_oracle.py (fuzz, calls, suspension: trace_fuzz.py, trace_calls.py, trace_suspension.py)",trace_race.py <name>,race.ss and the scenario states in docs/engine/physics.md,e5298b2482a769aa6458955cd6b18db3ac3f3a20
vehicle-physics/brake.oam.bin,f6bb7d680d3274b2698ceb671c32de6f95f4245c,1024,"tools/trace_race.py + tools/trace_oracle.py (fuzz, calls, suspension: trace_fuzz.py, trace_calls.py, trace_suspension.py)",trace_race.py <name>,race.ss and the scenario states in docs/engine/physics.md,e5298b2482a769aa6458955cd6b18db3ac3f3a20
vehicle-physics/brake.oracle.txt,7e63fd8a6a484480b3b2717e5f50b7a28333ba76,100017,"tools/trace_race.py + tools/trace_oracle.py (fuzz, calls, suspension: trace_fuzz.py, trace_calls.py, trace_suspension.py)",trace_race.py <name>,race.ss and the scenario states in docs/engine/physics.md,e5298b2482a769aa6458955cd6b18db3ac3f3a20
vehicle-physics/brake.palette.bin,59c9df96cf07ed674b9e4eddd5745c6c5e820969,1024,"tools/trace_race.py + tools/trace_oracle.py (fuzz, calls, suspension: trace_fuzz.py, trace_calls.py, trace_suspension.py)",trace_race.py <name>,race.ss and the scenario states in docs/engine/physics.md,e5298b2482a769aa6458955cd6b18db3ac3f3a20
vehicle-physics/brake.ramdelta,8a2981fc5f53eb20a733822fbedc9b0ad453b374,356086,"tools/trace_race.py + tools/trace_oracle.py (fuzz, calls, suspension: trace_fuzz.py, trace_calls.py, trace_suspension.py)",trace_race.py <name>,race.ss and the scenario states in docs/engine/physics.md,e5298b2482a769aa6458955cd6b18db3ac3f3a20
vehicle-physics/brake.vram.bin,286572ac885b15e332ecfcd1120fb57b9d855666,98304,"tools/trace_race.py + tools/trace_oracle.py (fuzz, calls, suspension: trace_fuzz.py, trace_calls.py, trace_suspension.py)",trace_race.py <name>,race.ss and the scenario states in docs/engine/physics.md,e5298b2482a769aa6458955cd6b18db3ac3f3a20
vehicle-physics/brake.wram.bin,83d0e5ffa37ba37cbca9e21ac8b6544480fa9b63,262144,"tools/trace_race.py + tools/trace_oracle.py (fuzz, calls, suspension: trace_fuzz.py, trace_calls.py, trace_suspension.py)",trace_race.py <name>,race.ss and the scenario states in docs/engine/physics.md,e5298b2482a769aa6458955cd6b18db3ac3f3a20
vehicle-physics/calls.jsonl,ccc45a3a8f9c2211fb3ea0625a88a9d41dc6e944,3524341,"tools/trace_race.py + tools/trace_oracle.py (fuzz, calls, suspension: trace_fuzz.py, trace_calls.py, trace_suspension.py)",trace_race.py <name>,race.ss and the scenario states in docs/engine/physics.md,e5298b2482a769aa6458955cd6b18db3ac3f3a20
vehicle-physics/circuit-info.ss,d4ae67c1e48f1019201057865a9a0dd0a4548270,58803,"tools/trace_race.py + tools/trace_oracle.py (fuzz, calls, suspension: trace_fuzz.py, trace_calls.py, trace_suspension.py)",trace_race.py <name>,race.ss and the scenario states in docs/engine/physics.md,e5298b2482a769aa6458955cd6b18db3ac3f3a20
vehicle-physics/circuit.bios.bin,7af2cd740eb86610cc6f1c204d266d0b54499885,16384,"tools/trace_race.py + tools/trace_oracle.py (fuzz, calls, suspension: trace_fuzz.py, trace_calls.py, trace_suspension.py)",trace_race.py <name>,race.ss and the scenario states in docs/engine/physics.md,e5298b2482a769aa6458955cd6b18db3ac3f3a20
vehicle-physics/circuit.csv,ad2f72b65adea73094d687dc43f1db719868ff4f,2105228,"tools/trace_race.py + tools/trace_oracle.py (fuzz, calls, suspension: trace_fuzz.py, trace_calls.py, trace_suspension.py)",trace_race.py <name>,race.ss and the scenario states in docs/engine/physics.md,e5298b2482a769aa6458955cd6b18db3ac3f3a20
vehicle-physics/circuit.eeprom.bin,08a9ebf51184b9fe72071ba292dfd2fa4778bccc,512,"tools/trace_race.py + tools/trace_oracle.py (fuzz, calls, suspension: trace_fuzz.py, trace_calls.py, trace_suspension.py)",trace_race.py <name>,race.ss and the scenario states in docs/engine/physics.md,e5298b2482a769aa6458955cd6b18db3ac3f3a20
vehicle-physics/circuit.io.bin,54ee6c9399b9a898f008c6c07f5e0fa4daabb561,1024,"tools/trace_race.py + tools/trace_oracle.py (fuzz, calls, suspension: trace_fuzz.py, trace_calls.py, trace_suspension.py)",trace_race.py <name>,race.ss and the scenario states in docs/engine/physics.md,e5298b2482a769aa6458955cd6b18db3ac3f3a20
vehicle-physics/circuit.iwram.bin,644caaa1dcc50bd0692898f1e2582ed780865ec2,32768,"tools/trace_race.py + tools/trace_oracle.py (fuzz, calls, suspension: trace_fuzz.py, trace_calls.py, trace_suspension.py)",trace_race.py <name>,race.ss and the scenario states in docs/engine/physics.md,e5298b2482a769aa6458955cd6b18db3ac3f3a20
vehicle-physics/circuit.oam.bin,e6122600fea93e226b88c0286b459a5a6fb38232,1024,"tools/trace_race.py + tools/trace_oracle.py (fuzz, calls, suspension: trace_fuzz.py, trace_calls.py, trace_suspension.py)",trace_race.py <name>,race.ss and the scenario states in docs/engine/physics.md,e5298b2482a769aa6458955cd6b18db3ac3f3a20
vehicle-physics/circuit.oracle.txt,619554a5827682aef0401bac70b56e56261c28a3,1036392,"tools/trace_race.py + tools/trace_oracle.py (fuzz, calls, suspension: trace_fuzz.py, trace_calls.py, trace_suspension.py)",trace_race.py <name>,race.ss and the scenario states in docs/engine/physics.md,e5298b2482a769aa6458955cd6b18db3ac3f3a20
vehicle-physics/circuit.palette.bin,60cacbf3d72e1e7834203da608037b1bf83b40e8,1024,"tools/trace_race.py + tools/trace_oracle.py (fuzz, calls, suspension: trace_fuzz.py, trace_calls.py, trace_suspension.py)",trace_race.py <name>,race.ss and the scenario states in docs/engine/physics.md,e5298b2482a769aa6458955cd6b18db3ac3f3a20
vehicle-physics/circuit.ramdelta,20b9d28f9d4f8ae5b447ca4ce6208c0e2ccf5cc1,13042488,"tools/trace_race.py + tools/trace_oracle.py (fuzz, calls, suspension: trace_fuzz.py, trace_calls.py, trace_suspension.py)",trace_race.py <name>,race.ss and the scenario states in docs/engine/physics.md,e5298b2482a769aa6458955cd6b18db3ac3f3a20
vehicle-physics/circuit.vram.bin,03f7625f354b565de5abc5d889e500d2ad9830b1,98304,"tools/trace_race.py + tools/trace_oracle.py (fuzz, calls, suspension: trace_fuzz.py, trace_calls.py, trace_suspension.py)",trace_race.py <name>,race.ss and the scenario states in docs/engine/physics.md,e5298b2482a769aa6458955cd6b18db3ac3f3a20
vehicle-physics/circuit.wram.bin,adf9febf638bd382cde5ef8d5feddf5b654d3ce2,262144,"tools/trace_race.py + tools/trace_oracle.py (fuzz, calls, suspension: trace_fuzz.py, trace_calls.py, trace_suspension.py)",trace_race.py <name>,race.ss and the scenario states in docs/engine/physics.md,e5298b2482a769aa6458955cd6b18db3ac3f3a20
vehicle-physics/done.txt,51e714cb8db3888b90cd9ff05d4e0a016cd64b4b,19,"tools/trace_race.py + tools/trace_oracle.py (fuzz, calls, suspension: trace_fuzz.py, trace_calls.py, trace_suspension.py)",trace_race.py <name>,race.ss and the scenario states in docs/engine/physics.md,e5298b2482a769aa6458955cd6b18db3ac3f3a20
vehicle-physics/drive.bios.bin,7af2cd740eb86610cc6f1c204d266d0b54499885,16384,"tools/trace_race.py + tools/trace_oracle.py (fuzz, calls, suspension: trace_fuzz.py, trace_calls.py, trace_suspension.py)",trace_race.py <name>,race.ss and the scenario states in docs/engine/physics.md,e5298b2482a769aa6458955cd6b18db3ac3f3a20
vehicle-physics/drive.csv,0f356baa5d34bc64d46973eb7a2d5a30186a76ee,604965,"tools/trace_race.py + tools/trace_oracle.py (fuzz, calls, suspension: trace_fuzz.py, trace_calls.py, trace_suspension.py)",trace_race.py <name>,race.ss and the scenario states in docs/engine/physics.md,e5298b2482a769aa6458955cd6b18db3ac3f3a20
vehicle-physics/drive.eeprom.bin,08a9ebf51184b9fe72071ba292dfd2fa4778bccc,512,"tools/trace_race.py + tools/trace_oracle.py (fuzz, calls, suspension: trace_fuzz.py, trace_calls.py, trace_suspension.py)",trace_race.py <name>,race.ss and the scenario states in docs/engine/physics.md,e5298b2482a769aa6458955cd6b18db3ac3f3a20
vehicle-physics/drive.io.bin,02eff7e10173763c2c3f77cc166df2b58fa05fd2,1024,"tools/trace_race.py + tools/trace_oracle.py (fuzz, calls, suspension: trace_fuzz.py, trace_calls.py, trace_suspension.py)",trace_race.py <name>,race.ss and the scenario states in docs/engine/physics.md,e5298b2482a769aa6458955cd6b18db3ac3f3a20
vehicle-physics/drive.iwram.bin,19c0bf844236e1b00e4e99017c0cf2e3402f5abd,32768,"tools/trace_race.py + tools/trace_oracle.py (fuzz, calls, suspension: trace_fuzz.py, trace_calls.py, trace_suspension.py)",trace_race.py <name>,race.ss and the scenario states in docs/engine/physics.md,e5298b2482a769aa6458955cd6b18db3ac3f3a20
vehicle-physics/drive.oam.bin,f6bb7d680d3274b2698ceb671c32de6f95f4245c,1024,"tools/trace_race.py + tools/trace_oracle.py (fuzz, calls, suspension: trace_fuzz.py, trace_calls.py, trace_suspension.py)",trace_race.py <name>,race.ss and the scenario states in docs/engine/physics.md,e5298b2482a769aa6458955cd6b18db3ac3f3a20
vehicle-physics/drive.oracle.txt,fe0702c07e60b9dac56d41bd308e36ba8bbcb131,299062,"tools/trace_race.py + tools/trace_oracle.py (fuzz, calls, suspension: trace_fuzz.py, trace_calls.py, trace_suspension.py)",trace_race.py <name>,race.ss and the scenario states in docs/engine/physics.md,e5298b2482a769aa6458955cd6b18db3ac3f3a20
vehicle-physics/drive.palette.bin,59c9df96cf07ed674b9e4eddd5745c6c5e820969,1024,"tools/trace_race.py + tools/trace_oracle.py (fuzz, calls, suspension: trace_fuzz.py, trace_calls.py, trace_suspension.py)",trace_race.py <name>,race.ss and the scenario states in docs/engine/physics.md,e5298b2482a769aa6458955cd6b18db3ac3f3a20
vehicle-physics/drive.ramdelta,9059357dac7a3d9bc1f50d153a2aa37dd89735c3,1555269,"tools/trace_race.py + tools/trace_oracle.py (fuzz, calls, suspension: trace_fuzz.py, trace_calls.py, trace_suspension.py)",trace_race.py <name>,race.ss and the scenario states in docs/engine/physics.md,e5298b2482a769aa6458955cd6b18db3ac3f3a20
vehicle-physics/drive.vram.bin,286572ac885b15e332ecfcd1120fb57b9d855666,98304,"tools/trace_race.py + tools/trace_oracle.py (fuzz, calls, suspension: trace_fuzz.py, trace_calls.py, trace_suspension.py)",trace_race.py <name>,race.ss and the scenario states in docs/engine/physics.md,e5298b2482a769aa6458955cd6b18db3ac3f3a20
vehicle-physics/drive.wram.bin,83d0e5ffa37ba37cbca9e21ac8b6544480fa9b63,262144,"tools/trace_race.py + tools/trace_oracle.py (fuzz, calls, suspension: trace_fuzz.py, trace_calls.py, trace_suspension.py)",trace_race.py <name>,race.ss and the scenario states in docs/engine/physics.md,e5298b2482a769aa6458955cd6b18db3ac3f3a20
vehicle-physics/easy-info.ss,9f2b818960c5260f9cbedac22d0b1f808ec65f00,69502,"tools/trace_race.py + tools/trace_oracle.py (fuzz, calls, suspension: trace_fuzz.py, trace_calls.py, trace_suspension.py)",trace_race.py <name>,race.ss and the scenario states in docs/engine/physics.md,e5298b2482a769aa6458955cd6b18db3ac3f3a20
vehicle-physics/fuzz.jsonl,8f81ce2063a326bce1b3fb60d88485e31422ec9f,48911463,"tools/trace_race.py + tools/trace_oracle.py (fuzz, calls, suspension: trace_fuzz.py, trace_calls.py, trace_suspension.py)",trace_race.py <name>,race.ss and the scenario states in docs/engine/physics.md,e5298b2482a769aa6458955cd6b18db3ac3f3a20
vehicle-physics/handbrake.bios.bin,7af2cd740eb86610cc6f1c204d266d0b54499885,16384,"tools/trace_race.py + tools/trace_oracle.py (fuzz, calls, suspension: trace_fuzz.py, trace_calls.py, trace_suspension.py)",trace_race.py <name>,race.ss and the scenario states in docs/engine/physics.md,e5298b2482a769aa6458955cd6b18db3ac3f3a20
vehicle-physics/handbrake.csv,a9c81d4836bf3357267b1df84a4565289d0f93e5,253051,"tools/trace_race.py + tools/trace_oracle.py (fuzz, calls, suspension: trace_fuzz.py, trace_calls.py, trace_suspension.py)",trace_race.py <name>,race.ss and the scenario states in docs/engine/physics.md,e5298b2482a769aa6458955cd6b18db3ac3f3a20
vehicle-physics/handbrake.eeprom.bin,08a9ebf51184b9fe72071ba292dfd2fa4778bccc,512,"tools/trace_race.py + tools/trace_oracle.py (fuzz, calls, suspension: trace_fuzz.py, trace_calls.py, trace_suspension.py)",trace_race.py <name>,race.ss and the scenario states in docs/engine/physics.md,e5298b2482a769aa6458955cd6b18db3ac3f3a20
vehicle-physics/handbrake.io.bin,02eff7e10173763c2c3f77cc166df2b58fa05fd2,1024,"tools/trace_race.py + tools/trace_oracle.py (fuzz, calls, suspension: trace_fuzz.py, trace_calls.py, trace_suspension.py)",trace_race.py <name>,race.ss and the scenario states in docs/engine/physics.md,e5298b2482a769aa6458955cd6b18db3ac3f3a20
vehicle-physics/handbrake.iwram.bin,19c0bf844236e1b00e4e99017c0cf2e3402f5abd,32768,"tools/trace_race.py + tools/trace_oracle.py (fuzz, calls, suspension: trace_fuzz.py, trace_calls.py, trace_suspension.py)",trace_race.py <name>,race.ss and the scenario states in docs/engine/physics.md,e5298b2482a769aa6458955cd6b18db3ac3f3a20
vehicle-physics/handbrake.oam.bin,f6bb7d680d3274b2698ceb671c32de6f95f4245c,1024,"tools/trace_race.py + tools/trace_oracle.py (fuzz, calls, suspension: trace_fuzz.py, trace_calls.py, trace_suspension.py)",trace_race.py <name>,race.ss and the scenario states in docs/engine/physics.md,e5298b2482a769aa6458955cd6b18db3ac3f3a20
vehicle-physics/handbrake.oracle.txt,f883b98c44f931c1c6048a29fe64b97cf789335f,126028,"tools/trace_race.py + tools/trace_oracle.py (fuzz, calls, suspension: trace_fuzz.py, trace_calls.py, trace_suspension.py)",trace_race.py <name>,race.ss and the scenario states in docs/engine/physics.md,e5298b2482a769aa6458955cd6b18db3ac3f3a20
vehicle-physics/handbrake.palette.bin,59c9df96cf07ed674b9e4eddd5745c6c5e820969,1024,"tools/trace_race.py + tools/trace_oracle.py (fuzz, calls, suspension: trace_fuzz.py, trace_calls.py, trace_suspension.py)",trace_race.py <name>,race.ss and the scenario states in docs/engine/physics.md,e5298b2482a769aa6458955cd6b18db3ac3f3a20
vehicle-physics/handbrake.ramdelta,5a8c41a4d8075967df857fa1d7232188f90fde30,378266,"tools/trace_race.py + tools/trace_oracle.py (fuzz, calls, suspension: trace_fuzz.py, trace_calls.py, trace_suspension.py)",trace_race.py <name>,race.ss and the scenario states in docs/engine/physics.md,e5298b2482a769aa6458955cd6b18db3ac3f3a20
vehicle-physics/handbrake.vram.bin,286572ac885b15e332ecfcd1120fb57b9d855666,98304,"tools/trace_race.py + tools/trace_oracle.py (fuzz, calls, suspension: trace_fuzz.py, trace_calls.py, trace_suspension.py)",trace_race.py <name>,race.ss and the scenario states in docs/engine/physics.md,e5298b2482a769aa6458955cd6b18db3ac3f3a20
vehicle-physics/handbrake.wram.bin,83d0e5ffa37ba37cbca9e21ac8b6544480fa9b63,262144,"tools/trace_race.py + tools/trace_oracle.py (fuzz, calls, suspension: trace_fuzz.py, trace_calls.py, trace_suspension.py)",trace_race.py <name>,race.ss and the scenario states in docs/engine/physics.md,e5298b2482a769aa6458955cd6b18db3ac3f3a20
vehicle-physics/hunter-info.ss,557c5063a32568c8b23cad5028aa17cab1978f30,77209,"tools/trace_race.py + tools/trace_oracle.py (fuzz, calls, suspension: trace_fuzz.py, trace_calls.py, trace_suspension.py)",trace_race.py <name>,race.ss and the scenario states in docs/engine/physics.md,e5298b2482a769aa6458955cd6b18db3ac3f3a20
vehicle-physics/hunter.bios.bin,7af2cd740eb86610cc6f1c204d266d0b54499885,16384,"tools/trace_race.py + tools/trace_oracle.py (fuzz, calls, suspension: trace_fuzz.py, trace_calls.py, trace_suspension.py)",trace_race.py <name>,race.ss and the scenario states in docs/engine/physics.md,e5298b2482a769aa6458955cd6b18db3ac3f3a20
vehicle-physics/hunter.csv,4d920bb125385e3a746fc97a5182c1d12a29a17d,2027949,"tools/trace_race.py + tools/trace_oracle.py (fuzz, calls, suspension: trace_fuzz.py, trace_calls.py, trace_suspension.py)",trace_race.py <name>,race.ss and the scenario states in docs/engine/physics.md,e5298b2482a769aa6458955cd6b18db3ac3f3a20
vehicle-physics/hunter.eeprom.bin,08a9ebf51184b9fe72071ba292dfd2fa4778bccc,512,"tools/trace_race.py + tools/trace_oracle.py (fuzz, calls, suspension: trace_fuzz.py, trace_calls.py, trace_suspension.py)",trace_race.py <name>,race.ss and the scenario states in docs/engine/physics.md,e5298b2482a769aa6458955cd6b18db3ac3f3a20
vehicle-physics/hunter.io.bin,37313723b6975a943588191ee813c818ef8912c6,1024,"tools/trace_race.py + tools/trace_oracle.py (fuzz, calls, suspension: trace_fuzz.py, trace_calls.py, trace_suspension.py)",trace_race.py <name>,race.ss and the scenario states in docs/engine/physics.md,e5298b2482a769aa6458955cd6b18db3ac3f3a20
vehicle-physics/hunter.iwram.bin,8b4517e4432431f1433609e1f7534810b226289c,32768,"tools/trace_race.py + tools/trace_oracle.py (fuzz, calls, suspension: trace_fuzz.py, trace_calls.py, trace_suspension.py)",trace_race.py <name>,race.ss and the scenario states in docs/engine/physics.md,e5298b2482a769aa6458955cd6b18db3ac3f3a20
vehicle-physics/hunter.oam.bin,a25ff878038968bbc0dda086749845184b67f4ce,1024,"tools/trace_race.py + tools/trace_oracle.py (fuzz, calls, suspension: trace_fuzz.py, trace_calls.py, trace_suspension.py)",trace_race.py <name>,race.ss and the scenario states in docs/engine/physics.md,e5298b2482a769aa6458955cd6b18db3ac3f3a20
vehicle-physics/hunter.oracle.txt,a42f03308b1a3d5a8ff4d5730a2123158134a9d7,1183527,"tools/trace_race.py + tools/trace_oracle.py (fuzz, calls, suspension: trace_fuzz.py, trace_calls.py, trace_suspension.py)",trace_race.py <name>,race.ss and the scenario states in docs/engine/physics.md,e5298b2482a769aa6458955cd6b18db3ac3f3a20
vehicle-physics/hunter.palette.bin,60cacbf3d72e1e7834203da608037b1bf83b40e8,1024,"tools/trace_race.py + tools/trace_oracle.py (fuzz, calls, suspension: trace_fuzz.py, trace_calls.py, trace_suspension.py)",trace_race.py <name>,race.ss and the scenario states in docs/engine/physics.md,e5298b2482a769aa6458955cd6b18db3ac3f3a20
vehicle-physics/hunter.ramdelta,b93ffc42c56619e0c2c26de69b5b68b05cb6ec31,12619973,"tools/trace_race.py + tools/trace_oracle.py (fuzz, calls, suspension: trace_fuzz.py, trace_calls.py, trace_suspension.py)",trace_race.py <name>,race.ss and the scenario states in docs/engine/physics.md,e5298b2482a769aa6458955cd6b18db3ac3f3a20
vehicle-physics/hunter.vram.bin,089aedd9cc92a31849220e748de1cacaa4117367,98304,"tools/trace_race.py + tools/trace_oracle.py (fuzz, calls, suspension: trace_fuzz.py, trace_calls.py, trace_suspension.py)",trace_race.py <name>,race.ss and the scenario states in docs/engine/physics.md,e5298b2482a769aa6458955cd6b18db3ac3f3a20
vehicle-physics/hunter.wram.bin,878df0fc0a8bad6179e44fa984acb87e1837d851,262144,"tools/trace_race.py + tools/trace_oracle.py (fuzz, calls, suspension: trace_fuzz.py, trace_calls.py, trace_suspension.py)",trace_race.py <name>,race.ss and the scenario states in docs/engine/physics.md,e5298b2482a769aa6458955cd6b18db3ac3f3a20
vehicle-physics/idle.csv,c3d8e6ffec70f7672f782ad9aa9609ee7dbf92d8,354090,"tools/trace_race.py + tools/trace_oracle.py (fuzz, calls, suspension: trace_fuzz.py, trace_calls.py, trace_suspension.py)",trace_race.py <name>,race.ss and the scenario states in docs/engine/physics.md,e5298b2482a769aa6458955cd6b18db3ac3f3a20
vehicle-physics/idle_end.png,3341ab1af72d75902ab2c942485a2abe8eefbaec,34091,"tools/trace_race.py + tools/trace_oracle.py (fuzz, calls, suspension: trace_fuzz.py, trace_calls.py, trace_suspension.py)",trace_race.py <name>,race.ss and the scenario states in docs/engine/physics.md,e5298b2482a769aa6458955cd6b18db3ac3f3a20
vehicle-physics/log.txt,b11c5732c5386490ec125427cd5c9199186fa62d,4704,"tools/trace_race.py + tools/trace_oracle.py (fuzz, calls, suspension: trace_fuzz.py, trace_calls.py, trace_suspension.py)",trace_race.py <name>,race.ss and the scenario states in docs/engine/physics.md,e5298b2482a769aa6458955cd6b18db3ac3f3a20
vehicle-physics/long.bios.bin,7af2cd740eb86610cc6f1c204d266d0b54499885,16384,"tools/trace_race.py + tools/trace_oracle.py (fuzz, calls, suspension: trace_fuzz.py, trace_calls.py, trace_suspension.py)",trace_race.py <name>,race.ss and the scenario states in docs/engine/physics.md,e5298b2482a769aa6458955cd6b18db3ac3f3a20
vehicle-physics/long.csv,1306329b90b29bf942f5739d2732dc1dce42d297,828837,"tools/trace_race.py + tools/trace_oracle.py (fuzz, calls, suspension: trace_fuzz.py, trace_calls.py, trace_suspension.py)",trace_race.py <name>,race.ss and the scenario states in docs/engine/physics.md,e5298b2482a769aa6458955cd6b18db3ac3f3a20
vehicle-physics/long.eeprom.bin,08a9ebf51184b9fe72071ba292dfd2fa4778bccc,512,"tools/trace_race.py + tools/trace_oracle.py (fuzz, calls, suspension: trace_fuzz.py, trace_calls.py, trace_suspension.py)",trace_race.py <name>,race.ss and the scenario states in docs/engine/physics.md,e5298b2482a769aa6458955cd6b18db3ac3f3a20
vehicle-physics/long.io.bin,02eff7e10173763c2c3f77cc166df2b58fa05fd2,1024,"tools/trace_race.py + tools/trace_oracle.py (fuzz, calls, suspension: trace_fuzz.py, trace_calls.py, trace_suspension.py)",trace_race.py <name>,race.ss and the scenario states in docs/engine/physics.md,e5298b2482a769aa6458955cd6b18db3ac3f3a20
vehicle-physics/long.iwram.bin,19c0bf844236e1b00e4e99017c0cf2e3402f5abd,32768,"tools/trace_race.py + tools/trace_oracle.py (fuzz, calls, suspension: trace_fuzz.py, trace_calls.py, trace_suspension.py)",trace_race.py <name>,race.ss and the scenario states in docs/engine/physics.md,e5298b2482a769aa6458955cd6b18db3ac3f3a20
vehicle-physics/long.oam.bin,f6bb7d680d3274b2698ceb671c32de6f95f4245c,1024,"tools/trace_race.py + tools/trace_oracle.py (fuzz, calls, suspension: trace_fuzz.py, trace_calls.py, trace_suspension.py)",trace_race.py <name>,race.ss and the scenario states in docs/engine/physics.md,e5298b2482a769aa6458955cd6b18db3ac3f3a20
vehicle-physics/long.oracle.txt,62da4bbd4ae8e8219a2e5b8889e62434d7b16180,439788,"tools/trace_race.py + tools/trace_oracle.py (fuzz, calls, suspension: trace_fuzz.py, trace_calls.py, trace_suspension.py)",trace_race.py <name>,race.ss and the scenario states in docs/engine/physics.md,e5298b2482a769aa6458955cd6b18db3ac3f3a20
vehicle-physics/long.palette.bin,59c9df96cf07ed674b9e4eddd5745c6c5e820969,1024,"tools/trace_race.py + tools/trace_oracle.py (fuzz, calls, suspension: trace_fuzz.py, trace_calls.py, trace_suspension.py)",trace_race.py <name>,race.ss and the scenario states in docs/engine/physics.md,e5298b2482a769aa6458955cd6b18db3ac3f3a20
vehicle-physics/long.ramdelta,5d72d33bc7d32bd6fc54efdc9d2469ff459c2fa5,2183829,"tools/trace_race.py + tools/trace_oracle.py (fuzz, calls, suspension: trace_fuzz.py, trace_calls.py, trace_suspension.py)",trace_race.py <name>,race.ss and the scenario states in docs/engine/physics.md,e5298b2482a769aa6458955cd6b18db3ac3f3a20
vehicle-physics/long.vram.bin,286572ac885b15e332ecfcd1120fb57b9d855666,98304,"tools/trace_race.py + tools/trace_oracle.py (fuzz, calls, suspension: trace_fuzz.py, trace_calls.py, trace_suspension.py)",trace_race.py <name>,race.ss and the scenario states in docs/engine/physics.md,e5298b2482a769aa6458955cd6b18db3ac3f3a20
vehicle-physics/long.wram.bin,83d0e5ffa37ba37cbca9e21ac8b6544480fa9b63,262144,"tools/trace_race.py + tools/trace_oracle.py (fuzz, calls, suspension: trace_fuzz.py, trace_calls.py, trace_suspension.py)",trace_race.py <name>,race.ss and the scenario states in docs/engine/physics.md,e5298b2482a769aa6458955cd6b18db3ac3f3a20
vehicle-physics/m0.png,8abd68c6e03f0794979d0937eab86a9884509768,26174,"tools/trace_race.py + tools/trace_oracle.py (fuzz, calls, suspension: trace_fuzz.py, trace_calls.py, trace_suspension.py)",trace_race.py <name>,race.ss and the scenario states in docs/engine/physics.md,e5298b2482a769aa6458955cd6b18db3ac3f3a20
vehicle-physics/m1.png,5afed19203f96f25ae1c37fbb21c308c73af4f59,26323,"tools/trace_race.py + tools/trace_oracle.py (fuzz, calls, suspension: trace_fuzz.py, trace_calls.py, trace_suspension.py)",trace_race.py <name>,race.ss and the scenario states in docs/engine/physics.md,e5298b2482a769aa6458955cd6b18db3ac3f3a20
vehicle-physics/m2.png,362f33cff499187157a1e18a94e3f270f60da663,13827,"tools/trace_race.py + tools/trace_oracle.py (fuzz, calls, suspension: trace_fuzz.py, trace_calls.py, trace_suspension.py)",trace_race.py <name>,race.ss and the scenario states in docs/engine/physics.md,e5298b2482a769aa6458955cd6b18db3ac3f3a20
vehicle-physics/m3.png,1ae8ed280c4c952a0f32f6569961432b82384adf,9533,"tools/trace_race.py + tools/trace_oracle.py (fuzz, calls, suspension: trace_fuzz.py, trace_calls.py, trace_suspension.py)",trace_race.py <name>,race.ss and the scenario states in docs/engine/physics.md,e5298b2482a769aa6458955cd6b18db3ac3f3a20
vehicle-physics/m4.png,ec2ff7dd79dc45f1f201b9004a652186c7d8e85c,6841,"tools/trace_race.py + tools/trace_oracle.py (fuzz, calls, suspension: trace_fuzz.py, trace_calls.py, trace_suspension.py)",trace_race.py <name>,race.ss and the scenario states in docs/engine/physics.md,e5298b2482a769aa6458955cd6b18db3ac3f3a20
vehicle-physics/mainmenu.ss,2fdd4f31233652d1ab805b9969e0bd7d0b1d98fa,94163,"tools/trace_race.py + tools/trace_oracle.py (fuzz, calls, suspension: trace_fuzz.py, trace_calls.py, trace_suspension.py)",trace_race.py <name>,race.ss and the scenario states in docs/engine/physics.md,e5298b2482a769aa6458955cd6b18db3ac3f3a20
vehicle-physics/pid.txt,fa24bde2b42e84e7e0c71acd4e95429f0d89878b,6,"tools/trace_race.py + tools/trace_oracle.py (fuzz, calls, suspension: trace_fuzz.py, trace_calls.py, trace_suspension.py)",trace_race.py <name>,race.ss and the scenario states in docs/engine/physics.md,e5298b2482a769aa6458955cd6b18db3ac3f3a20
vehicle-physics/race.ss,aaf8f76e047c5945e66f6bc980db81408e552757,118124,"tools/trace_race.py + tools/trace_oracle.py (fuzz, calls, suspension: trace_fuzz.py, trace_calls.py, trace_suspension.py)",trace_race.py <name>,race.ss and the scenario states in docs/engine/physics.md,e5298b2482a769aa6458955cd6b18db3ac3f3a20
vehicle-physics/reverse.bios.bin,7af2cd740eb86610cc6f1c204d266d0b54499885,16384,"tools/trace_race.py + tools/trace_oracle.py (fuzz, calls, suspension: trace_fuzz.py, trace_calls.py, trace_suspension.py)",trace_race.py <name>,race.ss and the scenario states in docs/engine/physics.md,e5298b2482a769aa6458955cd6b18db3ac3f3a20
vehicle-physics/reverse.csv,310a6043ac1adaf29e1da09bc0bf54c4045fca3b,305358,"tools/trace_race.py + tools/trace_oracle.py (fuzz, calls, suspension: trace_fuzz.py, trace_calls.py, trace_suspension.py)",trace_race.py <name>,race.ss and the scenario states in docs/engine/physics.md,e5298b2482a769aa6458955cd6b18db3ac3f3a20
vehicle-physics/reverse.eeprom.bin,08a9ebf51184b9fe72071ba292dfd2fa4778bccc,512,"tools/trace_race.py + tools/trace_oracle.py (fuzz, calls, suspension: trace_fuzz.py, trace_calls.py, trace_suspension.py)",trace_race.py <name>,race.ss and the scenario states in docs/engine/physics.md,e5298b2482a769aa6458955cd6b18db3ac3f3a20
vehicle-physics/reverse.io.bin,c82457a405345538a667853e42a794c562ae5c0d,1024,"tools/trace_race.py + tools/trace_oracle.py (fuzz, calls, suspension: trace_fuzz.py, trace_calls.py, trace_suspension.py)",trace_race.py <name>,race.ss and the scenario states in docs/engine/physics.md,e5298b2482a769aa6458955cd6b18db3ac3f3a20
vehicle-physics/reverse.iwram.bin,2d214fe5c8955fa42e2179ab8359310d71c6f3b1,32768,"tools/trace_race.py + tools/trace_oracle.py (fuzz, calls, suspension: trace_fuzz.py, trace_calls.py, trace_suspension.py)",trace_race.py <name>,race.ss and the scenario states in docs/engine/physics.md,e5298b2482a769aa6458955cd6b18db3ac3f3a20
vehicle-physics/reverse.oam.bin,f6bb7d680d3274b2698ceb671c32de6f95f4245c,1024,"tools/trace_race.py + tools/trace_oracle.py (fuzz, calls, suspension: trace_fuzz.py, trace_calls.py, trace_suspension.py)",trace_race.py <name>,race.ss and the scenario states in docs/engine/physics.md,e5298b2482a769aa6458955cd6b18db3ac3f3a20
vehicle-physics/reverse.oracle.txt,03be97fbab8eaaadcb5a710ea26c4951c9601816,136591,"tools/trace_race.py + tools/trace_oracle.py (fuzz, calls, suspension: trace_fuzz.py, trace_calls.py, trace_suspension.py)",trace_race.py <name>,race.ss and the scenario states in docs/engine/physics.md,e5298b2482a769aa6458955cd6b18db3ac3f3a20
vehicle-physics/reverse.palette.bin,59c9df96cf07ed674b9e4eddd5745c6c5e820969,1024,"tools/trace_race.py + tools/trace_oracle.py (fuzz, calls, suspension: trace_fuzz.py, trace_calls.py, trace_suspension.py)",trace_race.py <name>,race.ss and the scenario states in docs/engine/physics.md,e5298b2482a769aa6458955cd6b18db3ac3f3a20
vehicle-physics/reverse.ramdelta,10f870bd9d34ae8216a531498f402286b4d19ef5,477933,"tools/trace_race.py + tools/trace_oracle.py (fuzz, calls, suspension: trace_fuzz.py, trace_calls.py, trace_suspension.py)",trace_race.py <name>,race.ss and the scenario states in docs/engine/physics.md,e5298b2482a769aa6458955cd6b18db3ac3f3a20
vehicle-physics/reverse.vram.bin,286572ac885b15e332ecfcd1120fb57b9d855666,98304,"tools/trace_race.py + tools/trace_oracle.py (fuzz, calls, suspension: trace_fuzz.py, trace_calls.py, trace_suspension.py)",trace_race.py <name>,race.ss and the scenario states in docs/engine/physics.md,e5298b2482a769aa6458955cd6b18db3ac3f3a20
vehicle-physics/reverse.wram.bin,83d0e5ffa37ba37cbca9e21ac8b6544480fa9b63,262144,"tools/trace_race.py + tools/trace_oracle.py (fuzz, calls, suspension: trace_fuzz.py, trace_calls.py, trace_suspension.py)",trace_race.py <name>,race.ss and the scenario states in docs/engine/physics.md,e5298b2482a769aa6458955cd6b18db3ac3f3a20
vehicle-physics/shortcut.bios.bin,7af2cd740eb86610cc6f1c204d266d0b54499885,16384,"tools/trace_race.py + tools/trace_oracle.py (fuzz, calls, suspension: trace_fuzz.py, trace_calls.py, trace_suspension.py)",trace_race.py <name>,race.ss and the scenario states in docs/engine/physics.md,e5298b2482a769aa6458955cd6b18db3ac3f3a20
vehicle-physics/shortcut.csv,3fcfd769614a6e4b51a232a40883d855d320f0c2,5195514,"tools/trace_race.py + tools/trace_oracle.py (fuzz, calls, suspension: trace_fuzz.py, trace_calls.py, trace_suspension.py)",trace_race.py <name>,race.ss and the scenario states in docs/engine/physics.md,e5298b2482a769aa6458955cd6b18db3ac3f3a20
vehicle-physics/shortcut.eeprom.bin,08a9ebf51184b9fe72071ba292dfd2fa4778bccc,512,"tools/trace_race.py + tools/trace_oracle.py (fuzz, calls, suspension: trace_fuzz.py, trace_calls.py, trace_suspension.py)",trace_race.py <name>,race.ss and the scenario states in docs/engine/physics.md,e5298b2482a769aa6458955cd6b18db3ac3f3a20
vehicle-physics/shortcut.io.bin,76f3469a0ce6ef2fd7d58cca44b032d024fad0f6,1024,"tools/trace_race.py + tools/trace_oracle.py (fuzz, calls, suspension: trace_fuzz.py, trace_calls.py, trace_suspension.py)",trace_race.py <name>,race.ss and the scenario states in docs/engine/physics.md,e5298b2482a769aa6458955cd6b18db3ac3f3a20
vehicle-physics/shortcut.iwram.bin,1bf97cde4836021ff8f0eefedd6c812bf82baf33,32768,"tools/trace_race.py + tools/trace_oracle.py (fuzz, calls, suspension: trace_fuzz.py, trace_calls.py, trace_suspension.py)",trace_race.py <name>,race.ss and the scenario states in docs/engine/physics.md,e5298b2482a769aa6458955cd6b18db3ac3f3a20
vehicle-physics/shortcut.oam.bin,e6122600fea93e226b88c0286b459a5a6fb38232,1024,"tools/trace_race.py + tools/trace_oracle.py (fuzz, calls, suspension: trace_fuzz.py, trace_calls.py, trace_suspension.py)",trace_race.py <name>,race.ss and the scenario states in docs/engine/physics.md,e5298b2482a769aa6458955cd6b18db3ac3f3a20
vehicle-physics/shortcut.oracle.txt,7adb987c8e4effaa2a174e05d726bdc0556d31ce,2939712,"tools/trace_race.py + tools/trace_oracle.py (fuzz, calls, suspension: trace_fuzz.py, trace_calls.py, trace_suspension.py)",trace_race.py <name>,race.ss and the scenario states in docs/engine/physics.md,e5298b2482a769aa6458955cd6b18db3ac3f3a20
vehicle-physics/shortcut.palette.bin,60cacbf3d72e1e7834203da608037b1bf83b40e8,1024,"tools/trace_race.py + tools/trace_oracle.py (fuzz, calls, suspension: trace_fuzz.py, trace_calls.py, trace_suspension.py)",trace_race.py <name>,race.ss and the scenario states in docs/engine/physics.md,e5298b2482a769aa6458955cd6b18db3ac3f3a20
vehicle-physics/shortcut.ramdelta,efa254b7872d45961202e14acbd0c92f871b4fcf,32885026,"tools/trace_race.py + tools/trace_oracle.py (fuzz, calls, suspension: trace_fuzz.py, trace_calls.py, trace_suspension.py)",trace_race.py <name>,race.ss and the scenario states in docs/engine/physics.md,e5298b2482a769aa6458955cd6b18db3ac3f3a20
vehicle-physics/shortcut.vram.bin,03f7625f354b565de5abc5d889e500d2ad9830b1,98304,"tools/trace_race.py + tools/trace_oracle.py (fuzz, calls, suspension: trace_fuzz.py, trace_calls.py, trace_suspension.py)",trace_race.py <name>,race.ss and the scenario states in docs/engine/physics.md,e5298b2482a769aa6458955cd6b18db3ac3f3a20
vehicle-physics/shortcut.wram.bin,6e9709a1b829530d0360ec0b35d26bae2c331462,262144,"tools/trace_race.py + tools/trace_oracle.py (fuzz, calls, suspension: trace_fuzz.py, trace_calls.py, trace_suspension.py)",trace_race.py <name>,race.ss and the scenario states in docs/engine/physics.md,e5298b2482a769aa6458955cd6b18db3ac3f3a20
vehicle-physics/sprint.bios.bin,7af2cd740eb86610cc6f1c204d266d0b54499885,16384,"tools/trace_race.py + tools/trace_oracle.py (fuzz, calls, suspension: trace_fuzz.py, trace_calls.py, trace_suspension.py)",trace_race.py <name>,race.ss and the scenario states in docs/engine/physics.md,e5298b2482a769aa6458955cd6b18db3ac3f3a20
vehicle-physics/sprint.csv,8df5c72345957748b63d3b5c3e81e95b7a680b43,1079083,"tools/trace_race.py + tools/trace_oracle.py (fuzz, calls, suspension: trace_fuzz.py, trace_calls.py, trace_suspension.py)",trace_race.py <name>,race.ss and the scenario states in docs/engine/physics.md,e5298b2482a769aa6458955cd6b18db3ac3f3a20
vehicle-physics/sprint.eeprom.bin,08a9ebf51184b9fe72071ba292dfd2fa4778bccc,512,"tools/trace_race.py + tools/trace_oracle.py (fuzz, calls, suspension: trace_fuzz.py, trace_calls.py, trace_suspension.py)",trace_race.py <name>,race.ss and the scenario states in docs/engine/physics.md,e5298b2482a769aa6458955cd6b18db3ac3f3a20
vehicle-physics/sprint.io.bin,732d9fb40288e45333a47406f971457684050b86,1024,"tools/trace_race.py + tools/trace_oracle.py (fuzz, calls, suspension: trace_fuzz.py, trace_calls.py, trace_suspension.py)",trace_race.py <name>,race.ss and the scenario states in docs/engine/physics.md,e5298b2482a769aa6458955cd6b18db3ac3f3a20
vehicle-physics/sprint.iwram.bin,02dd3f63cd3f38d9459aec3c47613006e4a91e90,32768,"tools/trace_race.py + tools/trace_oracle.py (fuzz, calls, suspension: trace_fuzz.py, trace_calls.py, trace_suspension.py)",trace_race.py <name>,race.ss and the scenario states in docs/engine/physics.md,e5298b2482a769aa6458955cd6b18db3ac3f3a20
vehicle-physics/sprint.oam.bin,e6122600fea93e226b88c0286b459a5a6fb38232,1024,"tools/trace_race.py + tools/trace_oracle.py (fuzz, calls, suspension: trace_fuzz.py, trace_calls.py, trace_suspension.py)",trace_race.py <name>,race.ss and the scenario states in docs/engine/physics.md,e5298b2482a769aa6458955cd6b18db3ac3f3a20
vehicle-physics/sprint.oracle.txt,8bb0ec985075df13af5a4c84fa685231f1a6e65d,545345,"tools/trace_race.py + tools/trace_oracle.py (fuzz, calls, suspension: trace_fuzz.py, trace_calls.py, trace_suspension.py)",trace_race.py <name>,race.ss and the scenario states in docs/engine/physics.md,e5298b2482a769aa6458955cd6b18db3ac3f3a20
vehicle-physics/sprint.palette.bin,60cacbf3d72e1e7834203da608037b1bf83b40e8,1024,"tools/trace_race.py + tools/trace_oracle.py (fuzz, calls, suspension: trace_fuzz.py, trace_calls.py, trace_suspension.py)",trace_race.py <name>,race.ss and the scenario states in docs/engine/physics.md,e5298b2482a769aa6458955cd6b18db3ac3f3a20
vehicle-physics/sprint.ramdelta,5dec615df46ca180620d5f3b49f8797831f103ea,6416434,"tools/trace_race.py + tools/trace_oracle.py (fuzz, calls, suspension: trace_fuzz.py, trace_calls.py, trace_suspension.py)",trace_race.py <name>,race.ss and the scenario states in docs/engine/physics.md,e5298b2482a769aa6458955cd6b18db3ac3f3a20
vehicle-physics/sprint.vram.bin,03f7625f354b565de5abc5d889e500d2ad9830b1,98304,"tools/trace_race.py + tools/trace_oracle.py (fuzz, calls, suspension: trace_fuzz.py, trace_calls.py, trace_suspension.py)",trace_race.py <name>,race.ss and the scenario states in docs/engine/physics.md,e5298b2482a769aa6458955cd6b18db3ac3f3a20
vehicle-physics/sprint.wram.bin,410f9a2d79514f70f0e9543baf8ade214727228f,262144,"tools/trace_race.py + tools/trace_oracle.py (fuzz, calls, suspension: trace_fuzz.py, trace_calls.py, trace_suspension.py)",trace_race.py <name>,race.ss and the scenario states in docs/engine/physics.md,e5298b2482a769aa6458955cd6b18db3ac3f3a20
vehicle-physics/start.bios.bin,7af2cd740eb86610cc6f1c204d266d0b54499885,16384,"tools/trace_race.py + tools/trace_oracle.py (fuzz, calls, suspension: trace_fuzz.py, trace_calls.py, trace_suspension.py)",trace_race.py <name>,race.ss and the scenario states in docs/engine/physics.md,e5298b2482a769aa6458955cd6b18db3ac3f3a20
vehicle-physics/start.csv,f2e01a0629ccc4486208cb683d14c4c426ff02eb,535302,"tools/trace_race.py + tools/trace_oracle.py (fuzz, calls, suspension: trace_fuzz.py, trace_calls.py, trace_suspension.py)",trace_race.py <name>,race.ss and the scenario states in docs/engine/physics.md,e5298b2482a769aa6458955cd6b18db3ac3f3a20
vehicle-physics/start.eeprom.bin,08a9ebf51184b9fe72071ba292dfd2fa4778bccc,512,"tools/trace_race.py + tools/trace_oracle.py (fuzz, calls, suspension: trace_fuzz.py, trace_calls.py, trace_suspension.py)",trace_race.py <name>,race.ss and the scenario states in docs/engine/physics.md,e5298b2482a769aa6458955cd6b18db3ac3f3a20
vehicle-physics/start.io.bin,b7eff5c2f873cdad593385b66dc0eb583a4d23fb,1024,"tools/trace_race.py + tools/trace_oracle.py (fuzz, calls, suspension: trace_fuzz.py, trace_calls.py, trace_suspension.py)",trace_race.py <name>,race.ss and the scenario states in docs/engine/physics.md,e5298b2482a769aa6458955cd6b18db3ac3f3a20
vehicle-physics/start.iwram.bin,5d6342854898e4ce824f50f19b7f47a33d213619,32768,"tools/trace_race.py + tools/trace_oracle.py (fuzz, calls, suspension: trace_fuzz.py, trace_calls.py, trace_suspension.py)",trace_race.py <name>,race.ss and the scenario states in docs/engine/physics.md,e5298b2482a769aa6458955cd6b18db3ac3f3a20
vehicle-physics/start.oam.bin,e6122600fea93e226b88c0286b459a5a6fb38232,1024,"tools/trace_race.py + tools/trace_oracle.py (fuzz, calls, suspension: trace_fuzz.py, trace_calls.py, trace_suspension.py)",trace_race.py <name>,race.ss and the scenario states in docs/engine/physics.md,e5298b2482a769aa6458955cd6b18db3ac3f3a20
vehicle-physics/start.oracle.txt,13f59815347e121d4b255e39958b0270f00d0c19,281530,"tools/trace_race.py + tools/trace_oracle.py (fuzz, calls, suspension: trace_fuzz.py, trace_calls.py, trace_suspension.py)",trace_race.py <name>,race.ss and the scenario states in docs/engine/physics.md,e5298b2482a769aa6458955cd6b18db3ac3f3a20
vehicle-physics/start.palette.bin,60cacbf3d72e1e7834203da608037b1bf83b40e8,1024,"tools/trace_race.py + tools/trace_oracle.py (fuzz, calls, suspension: trace_fuzz.py, trace_calls.py, trace_suspension.py)",trace_race.py <name>,race.ss and the scenario states in docs/engine/physics.md,e5298b2482a769aa6458955cd6b18db3ac3f3a20
vehicle-physics/start.ramdelta,4c77c0d892960baf56b015aaf561335727d1ad11,3058723,"tools/trace_race.py + tools/trace_oracle.py (fuzz, calls, suspension: trace_fuzz.py, trace_calls.py, trace_suspension.py)",trace_race.py <name>,race.ss and the scenario states in docs/engine/physics.md,e5298b2482a769aa6458955cd6b18db3ac3f3a20
vehicle-physics/start.vram.bin,03f7625f354b565de5abc5d889e500d2ad9830b1,98304,"tools/trace_race.py + tools/trace_oracle.py (fuzz, calls, suspension: trace_fuzz.py, trace_calls.py, trace_suspension.py)",trace_race.py <name>,race.ss and the scenario states in docs/engine/physics.md,e5298b2482a769aa6458955cd6b18db3ac3f3a20
vehicle-physics/start.wram.bin,9e8abc111ddd9759197baf04ed09541b8d0f30d8,262144,"tools/trace_race.py + tools/trace_oracle.py (fuzz, calls, suspension: trace_fuzz.py, trace_calls.py, trace_suspension.py)",trace_race.py <name>,race.ss and the scenario states in docs/engine/physics.md,e5298b2482a769aa6458955cd6b18db3ac3f3a20
vehicle-physics/steer.bios.bin,7af2cd740eb86610cc6f1c204d266d0b54499885,16384,"tools/trace_race.py + tools/trace_oracle.py (fuzz, calls, suspension: trace_fuzz.py, trace_calls.py, trace_suspension.py)",trace_race.py <name>,race.ss and the scenario states in docs/engine/physics.md,e5298b2482a769aa6458955cd6b18db3ac3f3a20
vehicle-physics/steer.csv,a611b6ea9e0970535bc5181f25b688cda30dee31,189052,"tools/trace_race.py + tools/trace_oracle.py (fuzz, calls, suspension: trace_fuzz.py, trace_calls.py, trace_suspension.py)",trace_race.py <name>,race.ss and the scenario states in docs/engine/physics.md,e5298b2482a769aa6458955cd6b18db3ac3f3a20
vehicle-physics/steer.eeprom.bin,08a9ebf51184b9fe72071ba292dfd2fa4778bccc,512,"tools/trace_race.py + tools/trace_oracle.py (fuzz, calls, suspension: trace_fuzz.py, trace_calls.py, trace_suspension.py)",trace_race.py <name>,race.ss and the scenario states in docs/engine/physics.md,e5298b2482a769aa6458955cd6b18db3ac3f3a20
vehicle-physics/steer.io.bin,02eff7e10173763c2c3f77cc166df2b58fa05fd2,1024,"tools/trace_race.py + tools/trace_oracle.py (fuzz, calls, suspension: trace_fuzz.py, trace_calls.py, trace_suspension.py)",trace_race.py <name>,race.ss and the scenario states in docs/engine/physics.md,e5298b2482a769aa6458955cd6b18db3ac3f3a20
vehicle-physics/steer.iwram.bin,19c0bf844236e1b00e4e99017c0cf2e3402f5abd,32768,"tools/trace_race.py + tools/trace_oracle.py (fuzz, calls, suspension: trace_fuzz.py, trace_calls.py, trace_suspension.py)",trace_race.py <name>,race.ss and the scenario states in docs/engine/physics.md,e5298b2482a769aa6458955cd6b18db3ac3f3a20
vehicle-physics/steer.oam.bin,f6bb7d680d3274b2698ceb671c32de6f95f4245c,1024,"tools/trace_race.py + tools/trace_oracle.py (fuzz, calls, suspension: trace_fuzz.py, trace_calls.py, trace_suspension.py)",trace_race.py <name>,race.ss and the scenario states in docs/engine/physics.md,e5298b2482a769aa6458955cd6b18db3ac3f3a20
vehicle-physics/steer.oracle.txt,6f51fe956721bf16a6f2b3a3a58326b758f663c3,94526,"tools/trace_race.py + tools/trace_oracle.py (fuzz, calls, suspension: trace_fuzz.py, trace_calls.py, trace_suspension.py)",trace_race.py <name>,race.ss and the scenario states in docs/engine/physics.md,e5298b2482a769aa6458955cd6b18db3ac3f3a20
vehicle-physics/steer.palette.bin,59c9df96cf07ed674b9e4eddd5745c6c5e820969,1024,"tools/trace_race.py + tools/trace_oracle.py (fuzz, calls, suspension: trace_fuzz.py, trace_calls.py, trace_suspension.py)",trace_race.py <name>,race.ss and the scenario states in docs/engine/physics.md,e5298b2482a769aa6458955cd6b18db3ac3f3a20
vehicle-physics/steer.ramdelta,f3dfe335bc640dc611f460eaf28809b1063218fc,317584,"tools/trace_race.py + tools/trace_oracle.py (fuzz, calls, suspension: trace_fuzz.py, trace_calls.py, trace_suspension.py)",trace_race.py <name>,race.ss and the scenario states in docs/engine/physics.md,e5298b2482a769aa6458955cd6b18db3ac3f3a20
vehicle-physics/steer.vram.bin,286572ac885b15e332ecfcd1120fb57b9d855666,98304,"tools/trace_race.py + tools/trace_oracle.py (fuzz, calls, suspension: trace_fuzz.py, trace_calls.py, trace_suspension.py)",trace_race.py <name>,race.ss and the scenario states in docs/engine/physics.md,e5298b2482a769aa6458955cd6b18db3ac3f3a20
vehicle-physics/steer.wram.bin,83d0e5ffa37ba37cbca9e21ac8b6544480fa9b63,262144,"tools/trace_race.py + tools/trace_oracle.py (fuzz, calls, suspension: trace_fuzz.py, trace_calls.py, trace_suspension.py)",trace_race.py <name>,race.ss and the scenario states in docs/engine/physics.md,e5298b2482a769aa6458955cd6b18db3ac3f3a20
vehicle-physics/stuck.bios.bin,7af2cd740eb86610cc6f1c204d266d0b54499885,16384,"tools/trace_race.py + tools/trace_oracle.py (fuzz, calls, suspension: trace_fuzz.py, trace_calls.py, trace_suspension.py)",trace_race.py <name>,race.ss and the scenario states in docs/engine/physics.md,e5298b2482a769aa6458955cd6b18db3ac3f3a20
vehicle-physics/stuck.csv,661c5caa65878b3a1ab126c65a715b4ccdfa7d6d,2057061,"tools/trace_race.py + tools/trace_oracle.py (fuzz, calls, suspension: trace_fuzz.py, trace_calls.py, trace_suspension.py)",trace_race.py <name>,race.ss and the scenario states in docs/engine/physics.md,e5298b2482a769aa6458955cd6b18db3ac3f3a20
vehicle-physics/stuck.eeprom.bin,08a9ebf51184b9fe72071ba292dfd2fa4778bccc,512,"tools/trace_race.py + tools/trace_oracle.py (fuzz, calls, suspension: trace_fuzz.py, trace_calls.py, trace_suspension.py)",trace_race.py <name>,race.ss and the scenario states in docs/engine/physics.md,e5298b2482a769aa6458955cd6b18db3ac3f3a20
vehicle-physics/stuck.io.bin,57c33dbfbc9eb1f43006e6e67727bdbe92dd7a0a,1024,"tools/trace_race.py + tools/trace_oracle.py (fuzz, calls, suspension: trace_fuzz.py, trace_calls.py, trace_suspension.py)",trace_race.py <name>,race.ss and the scenario states in docs/engine/physics.md,e5298b2482a769aa6458955cd6b18db3ac3f3a20
vehicle-physics/stuck.iwram.bin,c34eae3a99b43524e774f997a4ce50ff8f8628ef,32768,"tools/trace_race.py + tools/trace_oracle.py (fuzz, calls, suspension: trace_fuzz.py, trace_calls.py, trace_suspension.py)",trace_race.py <name>,race.ss and the scenario states in docs/engine/physics.md,e5298b2482a769aa6458955cd6b18db3ac3f3a20
vehicle-physics/stuck.oam.bin,a25ff878038968bbc0dda086749845184b67f4ce,1024,"tools/trace_race.py + tools/trace_oracle.py (fuzz, calls, suspension: trace_fuzz.py, trace_calls.py, trace_suspension.py)",trace_race.py <name>,race.ss and the scenario states in docs/engine/physics.md,e5298b2482a769aa6458955cd6b18db3ac3f3a20
vehicle-physics/stuck.oracle.txt,0d6945c7d69e5a8d95859658a8ac1f780bc20bc2,1128639,"tools/trace_race.py + tools/trace_oracle.py (fuzz, calls, suspension: trace_fuzz.py, trace_calls.py, trace_suspension.py)",trace_race.py <name>,race.ss and the scenario states in docs/engine/physics.md,e5298b2482a769aa6458955cd6b18db3ac3f3a20
vehicle-physics/stuck.palette.bin,60cacbf3d72e1e7834203da608037b1bf83b40e8,1024,"tools/trace_race.py + tools/trace_oracle.py (fuzz, calls, suspension: trace_fuzz.py, trace_calls.py, trace_suspension.py)",trace_race.py <name>,race.ss and the scenario states in docs/engine/physics.md,e5298b2482a769aa6458955cd6b18db3ac3f3a20
vehicle-physics/stuck.ramdelta,66538d4c2900df7880f18e620098bac5c8884a11,12979895,"tools/trace_race.py + tools/trace_oracle.py (fuzz, calls, suspension: trace_fuzz.py, trace_calls.py, trace_suspension.py)",trace_race.py <name>,race.ss and the scenario states in docs/engine/physics.md,e5298b2482a769aa6458955cd6b18db3ac3f3a20
vehicle-physics/stuck.vram.bin,089aedd9cc92a31849220e748de1cacaa4117367,98304,"tools/trace_race.py + tools/trace_oracle.py (fuzz, calls, suspension: trace_fuzz.py, trace_calls.py, trace_suspension.py)",trace_race.py <name>,race.ss and the scenario states in docs/engine/physics.md,e5298b2482a769aa6458955cd6b18db3ac3f3a20
vehicle-physics/stuck.wram.bin,e2ba88b3bb7f7f0756dc80c12b2f032bed47e9ad,262144,"tools/trace_race.py + tools/trace_oracle.py (fuzz, calls, suspension: trace_fuzz.py, trace_calls.py, trace_suspension.py)",trace_race.py <name>,race.ss and the scenario states in docs/engine/physics.md,e5298b2482a769aa6458955cd6b18db3ac3f3a20
vehicle-physics/suspension.jsonl,a5812ce4b6542bf25e19a3b4ad705f3019a206d3,2872333,"tools/trace_race.py + tools/trace_oracle.py (fuzz, calls, suspension: trace_fuzz.py, trace_calls.py, trace_suspension.py)",trace_race.py <name>,race.ss and the scenario states in docs/engine/physics.md,e5298b2482a769aa6458955cd6b18db3ac3f3a20
vehicle-physics/tipped.bios.bin,7af2cd740eb86610cc6f1c204d266d0b54499885,16384,"tools/trace_race.py + tools/trace_oracle.py (fuzz, calls, suspension: trace_fuzz.py, trace_calls.py, trace_suspension.py)",trace_race.py <name>,race.ss and the scenario states in docs/engine/physics.md,e5298b2482a769aa6458955cd6b18db3ac3f3a20
vehicle-physics/tipped.csv,8512079d60d8e5594421363348ad1a04962764fc,2062879,"tools/trace_race.py + tools/trace_oracle.py (fuzz, calls, suspension: trace_fuzz.py, trace_calls.py, trace_suspension.py)",trace_race.py <name>,race.ss and the scenario states in docs/engine/physics.md,e5298b2482a769aa6458955cd6b18db3ac3f3a20
vehicle-physics/tipped.eeprom.bin,08a9ebf51184b9fe72071ba292dfd2fa4778bccc,512,"tools/trace_race.py + tools/trace_oracle.py (fuzz, calls, suspension: trace_fuzz.py, trace_calls.py, trace_suspension.py)",trace_race.py <name>,race.ss and the scenario states in docs/engine/physics.md,e5298b2482a769aa6458955cd6b18db3ac3f3a20
vehicle-physics/tipped.io.bin,57c33dbfbc9eb1f43006e6e67727bdbe92dd7a0a,1024,"tools/trace_race.py + tools/trace_oracle.py (fuzz, calls, suspension: trace_fuzz.py, trace_calls.py, trace_suspension.py)",trace_race.py <name>,race.ss and the scenario states in docs/engine/physics.md,e5298b2482a769aa6458955cd6b18db3ac3f3a20
vehicle-physics/tipped.iwram.bin,c34eae3a99b43524e774f997a4ce50ff8f8628ef,32768,"tools/trace_race.py + tools/trace_oracle.py (fuzz, calls, suspension: trace_fuzz.py, trace_calls.py, trace_suspension.py)",trace_race.py <name>,race.ss and the scenario states in docs/engine/physics.md,e5298b2482a769aa6458955cd6b18db3ac3f3a20
vehicle-physics/tipped.oam.bin,a25ff878038968bbc0dda086749845184b67f4ce,1024,"tools/trace_race.py + tools/trace_oracle.py (fuzz, calls, suspension: trace_fuzz.py, trace_calls.py, trace_suspension.py)",trace_race.py <name>,race.ss and the scenario states in docs/engine/physics.md,e5298b2482a769aa6458955cd6b18db3ac3f3a20
vehicle-physics/tipped.oracle.txt,90baf8ffadd9253e64406ddcc4e53d020b62a55b,1122679,"tools/trace_race.py + tools/trace_oracle.py (fuzz, calls, suspension: trace_fuzz.py, trace_calls.py, trace_suspension.py)",trace_race.py <name>,race.ss and the scenario states in docs/engine/physics.md,e5298b2482a769aa6458955cd6b18db3ac3f3a20
vehicle-physics/tipped.palette.bin,60cacbf3d72e1e7834203da608037b1bf83b40e8,1024,"tools/trace_race.py + tools/trace_oracle.py (fuzz, calls, suspension: trace_fuzz.py, trace_calls.py, trace_suspension.py)",trace_race.py <name>,race.ss and the scenario states in docs/engine/physics.md,e5298b2482a769aa6458955cd6b18db3ac3f3a20
vehicle-physics/tipped.ramdelta,8e14de73a6127976e503912863a43870b699aaf3,13016746,"tools/trace_race.py + tools/trace_oracle.py (fuzz, calls, suspension: trace_fuzz.py, trace_calls.py, trace_suspension.py)",trace_race.py <name>,race.ss and the scenario states in docs/engine/physics.md,e5298b2482a769aa6458955cd6b18db3ac3f3a20
vehicle-physics/tipped.vram.bin,089aedd9cc92a31849220e748de1cacaa4117367,98304,"tools/trace_race.py + tools/trace_oracle.py (fuzz, calls, suspension: trace_fuzz.py, trace_calls.py, trace_suspension.py)",trace_race.py <name>,race.ss and the scenario states in docs/engine/physics.md,e5298b2482a769aa6458955cd6b18db3ac3f3a20
vehicle-physics/tipped.wram.bin,e2ba88b3bb7f7f0756dc80c12b2f032bed47e9ad,262144,"tools/trace_race.py + tools/trace_oracle.py (fuzz, calls, suspension: trace_fuzz.py, trace_calls.py, trace_suspension.py)",trace_race.py <name>,race.ss and the scenario states in docs/engine/physics.md,e5298b2482a769aa6458955cd6b18db3ac3f3a20
vehicle-physics/wall.bios.bin,7af2cd740eb86610cc6f1c204d266d0b54499885,16384,"tools/trace_race.py + tools/trace_oracle.py (fuzz, calls, suspension: trace_fuzz.py, trace_calls.py, trace_suspension.py)",trace_race.py <name>,race.ss and the scenario states in docs/engine/physics.md,e5298b2482a769aa6458955cd6b18db3ac3f3a20
vehicle-physics/wall.csv,d364d64b5780637cb70f15ad65acb140c6ddb5a8,223957,"tools/trace_race.py + tools/trace_oracle.py (fuzz, calls, suspension: trace_fuzz.py, trace_calls.py, trace_suspension.py)",trace_race.py <name>,race.ss and the scenario states in docs/engine/physics.md,e5298b2482a769aa6458955cd6b18db3ac3f3a20
vehicle-physics/wall.eeprom.bin,08a9ebf51184b9fe72071ba292dfd2fa4778bccc,512,"tools/trace_race.py + tools/trace_oracle.py (fuzz, calls, suspension: trace_fuzz.py, trace_calls.py, trace_suspension.py)",trace_race.py <name>,race.ss and the scenario states in docs/engine/physics.md,e5298b2482a769aa6458955cd6b18db3ac3f3a20
vehicle-physics/wall.io.bin,02eff7e10173763c2c3f77cc166df2b58fa05fd2,1024,"tools/trace_race.py + tools/trace_oracle.py (fuzz, calls, suspension: trace_fuzz.py, trace_calls.py, trace_suspension.py)",trace_race.py <name>,race.ss and the scenario states in docs/engine/physics.md,e5298b2482a769aa6458955cd6b18db3ac3f3a20
vehicle-physics/wall.iwram.bin,19c0bf844236e1b00e4e99017c0cf2e3402f5abd,32768,"tools/trace_race.py + tools/trace_oracle.py (fuzz, calls, suspension: trace_fuzz.py, trace_calls.py, trace_suspension.py)",trace_race.py <name>,race.ss and the scenario states in docs/engine/physics.md,e5298b2482a769aa6458955cd6b18db3ac3f3a20
vehicle-physics/wall.oam.bin,f6bb7d680d3274b2698ceb671c32de6f95f4245c,1024,"tools/trace_race.py + tools/trace_oracle.py (fuzz, calls, suspension: trace_fuzz.py, trace_calls.py, trace_suspension.py)",trace_race.py <name>,race.ss and the scenario states in docs/engine/physics.md,e5298b2482a769aa6458955cd6b18db3ac3f3a20
vehicle-physics/wall.oracle.txt,4ec28a8b3041258685b4f1ea240ae31df231bd05,114077,"tools/trace_race.py + tools/trace_oracle.py (fuzz, calls, suspension: trace_fuzz.py, trace_calls.py, trace_suspension.py)",trace_race.py <name>,race.ss and the scenario states in docs/engine/physics.md,e5298b2482a769aa6458955cd6b18db3ac3f3a20
vehicle-physics/wall.palette.bin,59c9df96cf07ed674b9e4eddd5745c6c5e820969,1024,"tools/trace_race.py + tools/trace_oracle.py (fuzz, calls, suspension: trace_fuzz.py, trace_calls.py, trace_suspension.py)",trace_race.py <name>,race.ss and the scenario states in docs/engine/physics.md,e5298b2482a769aa6458955cd6b18db3ac3f3a20
vehicle-physics/wall.ramdelta,4e73418e167b29702c12314ea528caed8cbdcda8,468853,"tools/trace_race.py + tools/trace_oracle.py (fuzz, calls, suspension: trace_fuzz.py, trace_calls.py, trace_suspension.py)",trace_race.py <name>,race.ss and the scenario states in docs/engine/physics.md,e5298b2482a769aa6458955cd6b18db3ac3f3a20
vehicle-physics/wall.vram.bin,286572ac885b15e332ecfcd1120fb57b9d855666,98304,"tools/trace_race.py + tools/trace_oracle.py (fuzz, calls, suspension: trace_fuzz.py, trace_calls.py, trace_suspension.py)",trace_race.py <name>,race.ss and the scenario states in docs/engine/physics.md,e5298b2482a769aa6458955cd6b18db3ac3f3a20
vehicle-physics/wall.wram.bin,83d0e5ffa37ba37cbca9e21ac8b6544480fa9b63,262144,"tools/trace_race.py + tools/trace_oracle.py (fuzz, calls, suspension: trace_fuzz.py, trace_calls.py, trace_suspension.py)",trace_race.py <name>,race.ss and the scenario states in docs/engine/physics.md,e5298b2482a769aa6458955cd6b18db3ac3f3a20
vehicle-physics/wingman.bios.bin,7af2cd740eb86610cc6f1c204d266d0b54499885,16384,"tools/trace_race.py + tools/trace_oracle.py (fuzz, calls, suspension: trace_fuzz.py, trace_calls.py, trace_suspension.py)",trace_race.py <name>,race.ss and the scenario states in docs/engine/physics.md,e5298b2482a769aa6458955cd6b18db3ac3f3a20
vehicle-physics/wingman.csv,a47f3a82a471c32b6c240efe5b47ee26f7bf2f7d,2230884,"tools/trace_race.py + tools/trace_oracle.py (fuzz, calls, suspension: trace_fuzz.py, trace_calls.py, trace_suspension.py)",trace_race.py <name>,race.ss and the scenario states in docs/engine/physics.md,e5298b2482a769aa6458955cd6b18db3ac3f3a20
vehicle-physics/wingman.eeprom.bin,08a9ebf51184b9fe72071ba292dfd2fa4778bccc,512,"tools/trace_race.py + tools/trace_oracle.py (fuzz, calls, suspension: trace_fuzz.py, trace_calls.py, trace_suspension.py)",trace_race.py <name>,race.ss and the scenario states in docs/engine/physics.md,e5298b2482a769aa6458955cd6b18db3ac3f3a20
vehicle-physics/wingman.io.bin,e842ef7d1c5da98e8acebc01686a51047dc90e4a,1024,"tools/trace_race.py + tools/trace_oracle.py (fuzz, calls, suspension: trace_fuzz.py, trace_calls.py, trace_suspension.py)",trace_race.py <name>,race.ss and the scenario states in docs/engine/physics.md,e5298b2482a769aa6458955cd6b18db3ac3f3a20
vehicle-physics/wingman.iwram.bin,7d3bd9bf1b9ed634a9cec2c4905dfb59cc25888a,32768,"tools/trace_race.py + tools/trace_oracle.py (fuzz, calls, suspension: trace_fuzz.py, trace_calls.py, trace_suspension.py)",trace_race.py <name>,race.ss and the scenario states in docs/engine/physics.md,e5298b2482a769aa6458955cd6b18db3ac3f3a20
vehicle-physics/wingman.oam.bin,e6122600fea93e226b88c0286b459a5a6fb38232,1024,"tools/trace_race.py + tools/trace_oracle.py (fuzz, calls, suspension: trace_fuzz.py, trace_calls.py, trace_suspension.py)",trace_race.py <name>,race.ss and the scenario states in docs/engine/physics.md,e5298b2482a769aa6458955cd6b18db3ac3f3a20
vehicle-physics/wingman.oracle.txt,00ecae1c679673385530ded1e98dc6b41494d25b,1133071,"tools/trace_race.py + tools/trace_oracle.py (fuzz, calls, suspension: trace_fuzz.py, trace_calls.py, trace_suspension.py)",trace_race.py <name>,race.ss and the scenario states in docs/engine/physics.md,e5298b2482a769aa6458955cd6b18db3ac3f3a20
vehicle-physics/wingman.palette.bin,60cacbf3d72e1e7834203da608037b1bf83b40e8,1024,"tools/trace_race.py + tools/trace_oracle.py (fuzz, calls, suspension: trace_fuzz.py, trace_calls.py, trace_suspension.py)",trace_race.py <name>,race.ss and the scenario states in docs/engine/physics.md,e5298b2482a769aa6458955cd6b18db3ac3f3a20
vehicle-physics/wingman.ramdelta,08fa5b131692a09c72d2e516d2fb465eee27cccb,14032796,"tools/trace_race.py + tools/trace_oracle.py (fuzz, calls, suspension: trace_fuzz.py, trace_calls.py, trace_suspension.py)",trace_race.py <name>,race.ss and the scenario states in docs/engine/physics.md,e5298b2482a769aa6458955cd6b18db3ac3f3a20
vehicle-physics/wingman.vram.bin,03f7625f354b565de5abc5d889e500d2ad9830b1,98304,"tools/trace_race.py + tools/trace_oracle.py (fuzz, calls, suspension: trace_fuzz.py, trace_calls.py, trace_suspension.py)",trace_race.py <name>,race.ss and the scenario states in docs/engine/physics.md,e5298b2482a769aa6458955cd6b18db3ac3f3a20
vehicle-physics/wingman.wram.bin,3e9d064b360537cc0c57f0d3d5657b0b1d32228c,262144,"tools/trace_race.py + tools/trace_oracle.py (fuzz, calls, suspension: trace_fuzz.py, trace_calls.py, trace_suspension.py)",trace_race.py <name>,race.ss and the scenario states in docs/engine/physics.md,e5298b2482a769aa6458955cd6b18db3ac3f3a20
